auction_code,delivery_start_utc,delivery_start_berlin,delivery_end_utc,price_eur_mwh,source_series_name
day_ahead,2026-08-23T22:00:00.000Z,2026-08-24T00:00:00,2026-08-23T22:15:00.000Z,164.69,Day Ahead Auction (DE-LU)
day_ahead,2026-08-23T22:15:00.000Z,2026-08-24T00:15:00,2026-08-23T22:30:00.000Z,162.16,Day Ahead Auction (DE-LU)
day_ahead,2026-08-23T22:30:00.000Z,2026-08-24T00:30:00,2026-08-23T22:45:00.000Z,161.58,Day Ahead Auction (DE-LU)
day_ahead,2026-08-23T22:45:00.000Z,2026-08-24T00:45:00,2026-08-23T23:00:00.000Z,155.29,Day Ahead Auction (DE-LU)
day_ahead,2026-08-23T23:00:00.000Z,2026-08-24T01:00:00,2026-08-23T23:15:00.000Z,160.04,Day Ahead Auction (DE-LU)
day_ahead,2026-08-23T23:15:00.000Z,2026-08-24T01:15:00,2026-08-23T23:30:00.000Z,154.13,Day Ahead Auction (DE-LU)
day_ahead,2026-08-23T23:30:00.000Z,2026-08-24T01:30:00,2026-08-23T23:45:00.000Z,149.59,Day Ahead Auction (DE-LU)
day_ahead,2026-08-23T23:45:00.000Z,2026-08-24T01:45:00,2026-08-24T00:00:00.000Z,146.73,Day Ahead Auction (DE-LU)
day_ahead,2026-08-24T00:00:00.000Z,2026-08-24T02:00:00,2026-08-24T00:15:00.000Z,148.2,Day Ahead Auction (DE-LU)
day_ahead,2026-08-24T00:15:00.000Z,2026-08-24T02:15:00,2026-08-24T00:30:00.000Z,147.5,Day Ahead Auction (DE-LU)
day_ahead,2026-08-24T00:30:00.000Z,2026-08-24T02:30:00,2026-08-24T00:45:00.000Z,147.83,Day Ahead Auction (DE-LU)
day_ahead,2026-08-24T00:45:00.000Z,2026-08-24T02:45:00,2026-08-24T01:00:00.000Z,148,Day Ahead Auction (DE-LU)
day_ahead,2026-08-24T01:00:00.000Z,2026-08-24T03:00:00,2026-08-24T01:15:00.000Z,149.54,Day Ahead Auction (DE-LU)
day_ahead,2026-08-24T01:15:00.000Z,2026-08-24T03:15:00,2026-08-24T01:30:00.000Z,149.94,Day Ahead Auction (DE-LU)
day_ahead,2026-08-24T01:30:00.000Z,2026-08-24T03:30:00,2026-08-24T01:45:00.000Z,148.36,Day Ahead Auction (DE-LU)
day_ahead,2026-08-24T01:45:00.000Z,2026-08-24T03:45:00,2026-08-24T02:00:00.000Z,147.1,Day Ahead Auction (DE-LU)
day_ahead,2026-08-24T02:00:00.000Z,2026-08-24T04:00:00,2026-08-24T02:15:00.000Z,147.16,Day Ahead Auction (DE-LU)
day_ahead,2026-08-24T02:15:00.000Z,2026-08-24T04:15:00,2026-08-24T02:30:00.000Z,149,Day Ahead Auction (DE-LU)
day_ahead,2026-08-24T02:30:00.000Z,2026-08-24T04:30:00,2026-08-24T02:45:00.000Z,151.54,Day Ahead Auction (DE-LU)
day_ahead,2026-08-24T02:45:00.000Z,2026-08-24T04:45:00,2026-08-24T03:00:00.000Z,157.49,Day Ahead Auction (DE-LU)
day_ahead,2026-08-24T03:00:00.000Z,2026-08-24T05:00:00,2026-08-24T03:15:00.000Z,152.5,Day Ahead Auction (DE-LU)
day_ahead,2026-08-24T03:15:00.000Z,2026-08-24T05:15:00,2026-08-24T03:30:00.000Z,166.85,Day Ahead Auction (DE-LU)
day_ahead,2026-08-24T03:30:00.000Z,2026-08-24T05:30:00,2026-08-24T03:45:00.000Z,179.34,Day Ahead Auction (DE-LU)
day_ahead,2026-08-24T03:45:00.000Z,2026-08-24T05:45:00,2026-08-24T04:00:00.000Z,191.99,Day Ahead Auction (DE-LU)
day_ahead,2026-08-24T04:00:00.000Z,2026-08-24T06:00:00,2026-08-24T04:15:00.000Z,180.77,Day Ahead Auction (DE-LU)
day_ahead,2026-08-24T04:15:00.000Z,2026-08-24T06:15:00,2026-08-24T04:30:00.000Z,196.38,Day Ahead Auction (DE-LU)
day_ahead,2026-08-24T04:30:00.000Z,2026-08-24T06:30:00,2026-08-24T04:45:00.000Z,222.35,Day Ahead Auction (DE-LU)
day_ahead,2026-08-24T04:45:00.000Z,2026-08-24T06:45:00,2026-08-24T05:00:00.000Z,223.18,Day Ahead Auction (DE-LU)
day_ahead,2026-08-24T05:00:00.000Z,2026-08-24T07:00:00,2026-08-24T05:15:00.000Z,233.26,Day Ahead Auction (DE-LU)
day_ahead,2026-08-24T05:15:00.000Z,2026-08-24T07:15:00,2026-08-24T05:30:00.000Z,220.85,Day Ahead Auction (DE-LU)
day_ahead,2026-08-24T05:30:00.000Z,2026-08-24T07:30:00,2026-08-24T05:45:00.000Z,192.17,Day Ahead Auction (DE-LU)
day_ahead,2026-08-24T05:45:00.000Z,2026-08-24T07:45:00,2026-08-24T06:00:00.000Z,179.32,Day Ahead Auction (DE-LU)
day_ahead,2026-08-24T06:00:00.000Z,2026-08-24T08:00:00,2026-08-24T06:15:00.000Z,204.1,Day Ahead Auction (DE-LU)
day_ahead,2026-08-24T06:15:00.000Z,2026-08-24T08:15:00,2026-08-24T06:30:00.000Z,180.13,Day Ahead Auction (DE-LU)
day_ahead,2026-08-24T06:30:00.000Z,2026-08-24T08:30:00,2026-08-24T06:45:00.000Z,170.39,Day Ahead Auction (DE-LU)
day_ahead,2026-08-24T06:45:00.000Z,2026-08-24T08:45:00,2026-08-24T07:00:00.000Z,152.5,Day Ahead Auction (DE-LU)
day_ahead,2026-08-24T07:00:00.000Z,2026-08-24T09:00:00,2026-08-24T07:15:00.000Z,175,Day Ahead Auction (DE-LU)
day_ahead,2026-08-24T07:15:00.000Z,2026-08-24T09:15:00,2026-08-24T07:30:00.000Z,150.19,Day Ahead Auction (DE-LU)
day_ahead,2026-08-24T07:30:00.000Z,2026-08-24T09:30:00,2026-08-24T07:45:00.000Z,126.7,Day Ahead Auction (DE-LU)
day_ahead,2026-08-24T07:45:00.000Z,2026-08-24T09:45:00,2026-08-24T08:00:00.000Z,113.49,Day Ahead Auction (DE-LU)
day_ahead,2026-08-24T08:00:00.000Z,2026-08-24T10:00:00,2026-08-24T08:15:00.000Z,136.35,Day Ahead Auction (DE-LU)
day_ahead,2026-08-24T08:15:00.000Z,2026-08-24T10:15:00,2026-08-24T08:30:00.000Z,119.76,Day Ahead Auction (DE-LU)
day_ahead,2026-08-24T08:30:00.000Z,2026-08-24T10:30:00,2026-08-24T08:45:00.000Z,110.24,Day Ahead Auction (DE-LU)
day_ahead,2026-08-24T08:45:00.000Z,2026-08-24T10:45:00,2026-08-24T09:00:00.000Z,83.94,Day Ahead Auction (DE-LU)
day_ahead,2026-08-24T09:00:00.000Z,2026-08-24T11:00:00,2026-08-24T09:15:00.000Z,104.54,Day Ahead Auction (DE-LU)
day_ahead,2026-08-24T09:15:00.000Z,2026-08-24T11:15:00,2026-08-24T09:30:00.000Z,82.3,Day Ahead Auction (DE-LU)
day_ahead,2026-08-24T09:30:00.000Z,2026-08-24T11:30:00,2026-08-24T09:45:00.000Z,74.15,Day Ahead Auction (DE-LU)
day_ahead,2026-08-24T09:45:00.000Z,2026-08-24T11:45:00,2026-08-24T10:00:00.000Z,60.05,Day Ahead Auction (DE-LU)
day_ahead,2026-08-24T10:00:00.000Z,2026-08-24T12:00:00,2026-08-24T10:15:00.000Z,62.04,Day Ahead Auction (DE-LU)
day_ahead,2026-08-24T10:15:00.000Z,2026-08-24T12:15:00,2026-08-24T10:30:00.000Z,52.84,Day Ahead Auction (DE-LU)
day_ahead,2026-08-24T10:30:00.000Z,2026-08-24T12:30:00,2026-08-24T10:45:00.000Z,57.68,Day Ahead Auction (DE-LU)
day_ahead,2026-08-24T10:45:00.000Z,2026-08-24T12:45:00,2026-08-24T11:00:00.000Z,49.97,Day Ahead Auction (DE-LU)
day_ahead,2026-08-24T11:00:00.000Z,2026-08-24T13:00:00,2026-08-24T11:15:00.000Z,48.81,Day Ahead Auction (DE-LU)
day_ahead,2026-08-24T11:15:00.000Z,2026-08-24T13:15:00,2026-08-24T11:30:00.000Z,40.64,Day Ahead Auction (DE-LU)
day_ahead,2026-08-24T11:30:00.000Z,2026-08-24T13:30:00,2026-08-24T11:45:00.000Z,27,Day Ahead Auction (DE-LU)
day_ahead,2026-08-24T11:45:00.000Z,2026-08-24T13:45:00,2026-08-24T12:00:00.000Z,20.13,Day Ahead Auction (DE-LU)
day_ahead,2026-08-24T12:00:00.000Z,2026-08-24T14:00:00,2026-08-24T12:15:00.000Z,31.67,Day Ahead Auction (DE-LU)
day_ahead,2026-08-24T12:15:00.000Z,2026-08-24T14:15:00,2026-08-24T12:30:00.000Z,39.89,Day Ahead Auction (DE-LU)
day_ahead,2026-08-24T12:30:00.000Z,2026-08-24T14:30:00,2026-08-24T12:45:00.000Z,33.63,Day Ahead Auction (DE-LU)
day_ahead,2026-08-24T12:45:00.000Z,2026-08-24T14:45:00,2026-08-24T13:00:00.000Z,37.44,Day Ahead Auction (DE-LU)
day_ahead,2026-08-24T13:00:00.000Z,2026-08-24T15:00:00,2026-08-24T13:15:00.000Z,50.24,Day Ahead Auction (DE-LU)
day_ahead,2026-08-24T13:15:00.000Z,2026-08-24T15:15:00,2026-08-24T13:30:00.000Z,59.01,Day Ahead Auction (DE-LU)
day_ahead,2026-08-24T13:30:00.000Z,2026-08-24T15:30:00,2026-08-24T13:45:00.000Z,84.32,Day Ahead Auction (DE-LU)
day_ahead,2026-08-24T13:45:00.000Z,2026-08-24T15:45:00,2026-08-24T14:00:00.000Z,96.42,Day Ahead Auction (DE-LU)
day_ahead,2026-08-24T14:00:00.000Z,2026-08-24T16:00:00,2026-08-24T14:15:00.000Z,71.89,Day Ahead Auction (DE-LU)
day_ahead,2026-08-24T14:15:00.000Z,2026-08-24T16:15:00,2026-08-24T14:30:00.000Z,99.39,Day Ahead Auction (DE-LU)
day_ahead,2026-08-24T14:30:00.000Z,2026-08-24T16:30:00,2026-08-24T14:45:00.000Z,110.25,Day Ahead Auction (DE-LU)
day_ahead,2026-08-24T14:45:00.000Z,2026-08-24T16:45:00,2026-08-24T15:00:00.000Z,126.82,Day Ahead Auction (DE-LU)
day_ahead,2026-08-24T15:00:00.000Z,2026-08-24T17:00:00,2026-08-24T15:15:00.000Z,112.65,Day Ahead Auction (DE-LU)
day_ahead,2026-08-24T15:15:00.000Z,2026-08-24T17:15:00,2026-08-24T15:30:00.000Z,130.4,Day Ahead Auction (DE-LU)
day_ahead,2026-08-24T15:30:00.000Z,2026-08-24T17:30:00,2026-08-24T15:45:00.000Z,156.43,Day Ahead Auction (DE-LU)
day_ahead,2026-08-24T15:45:00.000Z,2026-08-24T17:45:00,2026-08-24T16:00:00.000Z,174.36,Day Ahead Auction (DE-LU)
day_ahead,2026-08-24T16:00:00.000Z,2026-08-24T18:00:00,2026-08-24T16:15:00.000Z,155.96,Day Ahead Auction (DE-LU)
day_ahead,2026-08-24T16:15:00.000Z,2026-08-24T18:15:00,2026-08-24T16:30:00.000Z,173.53,Day Ahead Auction (DE-LU)
day_ahead,2026-08-24T16:30:00.000Z,2026-08-24T18:30:00,2026-08-24T16:45:00.000Z,184.38,Day Ahead Auction (DE-LU)
day_ahead,2026-08-24T16:45:00.000Z,2026-08-24T18:45:00,2026-08-24T17:00:00.000Z,215.47,Day Ahead Auction (DE-LU)
day_ahead,2026-08-24T17:00:00.000Z,2026-08-24T19:00:00,2026-08-24T17:15:00.000Z,188.3,Day Ahead Auction (DE-LU)
day_ahead,2026-08-24T17:15:00.000Z,2026-08-24T19:15:00,2026-08-24T17:30:00.000Z,209.39,Day Ahead Auction (DE-LU)
day_ahead,2026-08-24T17:30:00.000Z,2026-08-24T19:30:00,2026-08-24T17:45:00.000Z,229.87,Day Ahead Auction (DE-LU)
day_ahead,2026-08-24T17:45:00.000Z,2026-08-24T19:45:00,2026-08-24T18:00:00.000Z,249.92,Day Ahead Auction (DE-LU)
day_ahead,2026-08-24T18:00:00.000Z,2026-08-24T20:00:00,2026-08-24T18:15:00.000Z,239.9,Day Ahead Auction (DE-LU)
day_ahead,2026-08-24T18:15:00.000Z,2026-08-24T20:15:00,2026-08-24T18:30:00.000Z,224.86,Day Ahead Auction (DE-LU)
day_ahead,2026-08-24T18:30:00.000Z,2026-08-24T20:30:00,2026-08-24T18:45:00.000Z,216.36,Day Ahead Auction (DE-LU)
day_ahead,2026-08-24T18:45:00.000Z,2026-08-24T20:45:00,2026-08-24T19:00:00.000Z,196.99,Day Ahead Auction (DE-LU)
day_ahead,2026-08-24T19:00:00.000Z,2026-08-24T21:00:00,2026-08-24T19:15:00.000Z,199,Day Ahead Auction (DE-LU)
day_ahead,2026-08-24T19:15:00.000Z,2026-08-24T21:15:00,2026-08-24T19:30:00.000Z,193.23,Day Ahead Auction (DE-LU)
day_ahead,2026-08-24T19:30:00.000Z,2026-08-24T21:30:00,2026-08-24T19:45:00.000Z,183.05,Day Ahead Auction (DE-LU)
day_ahead,2026-08-24T19:45:00.000Z,2026-08-24T21:45:00,2026-08-24T20:00:00.000Z,176.83,Day Ahead Auction (DE-LU)
day_ahead,2026-08-24T20:00:00.000Z,2026-08-24T22:00:00,2026-08-24T20:15:00.000Z,176.54,Day Ahead Auction (DE-LU)
day_ahead,2026-08-24T20:15:00.000Z,2026-08-24T22:15:00,2026-08-24T20:30:00.000Z,173.52,Day Ahead Auction (DE-LU)
day_ahead,2026-08-24T20:30:00.000Z,2026-08-24T22:30:00,2026-08-24T20:45:00.000Z,169.99,Day Ahead Auction (DE-LU)
day_ahead,2026-08-24T20:45:00.000Z,2026-08-24T22:45:00,2026-08-24T21:00:00.000Z,167.05,Day Ahead Auction (DE-LU)
day_ahead,2026-08-24T21:00:00.000Z,2026-08-24T23:00:00,2026-08-24T21:15:00.000Z,163.19,Day Ahead Auction (DE-LU)
day_ahead,2026-08-24T21:15:00.000Z,2026-08-24T23:15:00,2026-08-24T21:30:00.000Z,157.08,Day Ahead Auction (DE-LU)
day_ahead,2026-08-24T21:30:00.000Z,2026-08-24T23:30:00,2026-08-24T21:45:00.000Z,154.12,Day Ahead Auction (DE-LU)
day_ahead,2026-08-24T21:45:00.000Z,2026-08-24T23:45:00,2026-08-24T22:00:00.000Z,144.51,Day Ahead Auction (DE-LU)
day_ahead,2026-08-24T22:00:00.000Z,2026-08-25T00:00:00,2026-08-24T22:15:00.000Z,155.82,Day Ahead Auction (DE-LU)
day_ahead,2026-08-24T22:15:00.000Z,2026-08-25T00:15:00,2026-08-24T22:30:00.000Z,154.66,Day Ahead Auction (DE-LU)
day_ahead,2026-08-24T22:30:00.000Z,2026-08-25T00:30:00,2026-08-24T22:45:00.000Z,151.45,Day Ahead Auction (DE-LU)
day_ahead,2026-08-24T22:45:00.000Z,2026-08-25T00:45:00,2026-08-24T23:00:00.000Z,147.43,Day Ahead Auction (DE-LU)
day_ahead,2026-08-24T23:00:00.000Z,2026-08-25T01:00:00,2026-08-24T23:15:00.000Z,152.74,Day Ahead Auction (DE-LU)
day_ahead,2026-08-24T23:15:00.000Z,2026-08-25T01:15:00,2026-08-24T23:30:00.000Z,145.42,Day Ahead Auction (DE-LU)
day_ahead,2026-08-24T23:30:00.000Z,2026-08-25T01:30:00,2026-08-24T23:45:00.000Z,144.74,Day Ahead Auction (DE-LU)
day_ahead,2026-08-24T23:45:00.000Z,2026-08-25T01:45:00,2026-08-25T00:00:00.000Z,144.4,Day Ahead Auction (DE-LU)
day_ahead,2026-08-25T00:00:00.000Z,2026-08-25T02:00:00,2026-08-25T00:15:00.000Z,144.01,Day Ahead Auction (DE-LU)
day_ahead,2026-08-25T00:15:00.000Z,2026-08-25T02:15:00,2026-08-25T00:30:00.000Z,141.92,Day Ahead Auction (DE-LU)
day_ahead,2026-08-25T00:30:00.000Z,2026-08-25T02:30:00,2026-08-25T00:45:00.000Z,142.19,Day Ahead Auction (DE-LU)
day_ahead,2026-08-25T00:45:00.000Z,2026-08-25T02:45:00,2026-08-25T01:00:00.000Z,141.54,Day Ahead Auction (DE-LU)
day_ahead,2026-08-25T01:00:00.000Z,2026-08-25T03:00:00,2026-08-25T01:15:00.000Z,139.87,Day Ahead Auction (DE-LU)
day_ahead,2026-08-25T01:15:00.000Z,2026-08-25T03:15:00,2026-08-25T01:30:00.000Z,139.8,Day Ahead Auction (DE-LU)
day_ahead,2026-08-25T01:30:00.000Z,2026-08-25T03:30:00,2026-08-25T01:45:00.000Z,139.86,Day Ahead Auction (DE-LU)
day_ahead,2026-08-25T01:45:00.000Z,2026-08-25T03:45:00,2026-08-25T02:00:00.000Z,140.49,Day Ahead Auction (DE-LU)
day_ahead,2026-08-25T02:00:00.000Z,2026-08-25T04:00:00,2026-08-25T02:15:00.000Z,139.94,Day Ahead Auction (DE-LU)
day_ahead,2026-08-25T02:15:00.000Z,2026-08-25T04:15:00,2026-08-25T02:30:00.000Z,141,Day Ahead Auction (DE-LU)
day_ahead,2026-08-25T02:30:00.000Z,2026-08-25T04:30:00,2026-08-25T02:45:00.000Z,141.55,Day Ahead Auction (DE-LU)
day_ahead,2026-08-25T02:45:00.000Z,2026-08-25T04:45:00,2026-08-25T03:00:00.000Z,143.99,Day Ahead Auction (DE-LU)
day_ahead,2026-08-25T03:00:00.000Z,2026-08-25T05:00:00,2026-08-25T03:15:00.000Z,144.99,Day Ahead Auction (DE-LU)
day_ahead,2026-08-25T03:15:00.000Z,2026-08-25T05:15:00,2026-08-25T03:30:00.000Z,145.66,Day Ahead Auction (DE-LU)
day_ahead,2026-08-25T03:30:00.000Z,2026-08-25T05:30:00,2026-08-25T03:45:00.000Z,150.6,Day Ahead Auction (DE-LU)
day_ahead,2026-08-25T03:45:00.000Z,2026-08-25T05:45:00,2026-08-25T04:00:00.000Z,157.07,Day Ahead Auction (DE-LU)
day_ahead,2026-08-25T04:00:00.000Z,2026-08-25T06:00:00,2026-08-25T04:15:00.000Z,164.7,Day Ahead Auction (DE-LU)
day_ahead,2026-08-25T04:15:00.000Z,2026-08-25T06:15:00,2026-08-25T04:30:00.000Z,170.99,Day Ahead Auction (DE-LU)
day_ahead,2026-08-25T04:30:00.000Z,2026-08-25T06:30:00,2026-08-25T04:45:00.000Z,173.37,Day Ahead Auction (DE-LU)
day_ahead,2026-08-25T04:45:00.000Z,2026-08-25T06:45:00,2026-08-25T05:00:00.000Z,176.6,Day Ahead Auction (DE-LU)
day_ahead,2026-08-25T05:00:00.000Z,2026-08-25T07:00:00,2026-08-25T05:15:00.000Z,184.84,Day Ahead Auction (DE-LU)
day_ahead,2026-08-25T05:15:00.000Z,2026-08-25T07:15:00,2026-08-25T05:30:00.000Z,185.05,Day Ahead Auction (DE-LU)
day_ahead,2026-08-25T05:30:00.000Z,2026-08-25T07:30:00,2026-08-25T05:45:00.000Z,181.76,Day Ahead Auction (DE-LU)
day_ahead,2026-08-25T05:45:00.000Z,2026-08-25T07:45:00,2026-08-25T06:00:00.000Z,170.99,Day Ahead Auction (DE-LU)
day_ahead,2026-08-25T06:00:00.000Z,2026-08-25T08:00:00,2026-08-25T06:15:00.000Z,187.63,Day Ahead Auction (DE-LU)
day_ahead,2026-08-25T06:15:00.000Z,2026-08-25T08:15:00,2026-08-25T06:30:00.000Z,173.97,Day Ahead Auction (DE-LU)
day_ahead,2026-08-25T06:30:00.000Z,2026-08-25T08:30:00,2026-08-25T06:45:00.000Z,166.16,Day Ahead Auction (DE-LU)
day_ahead,2026-08-25T06:45:00.000Z,2026-08-25T08:45:00,2026-08-25T07:00:00.000Z,157.86,Day Ahead Auction (DE-LU)
day_ahead,2026-08-25T07:00:00.000Z,2026-08-25T09:00:00,2026-08-25T07:15:00.000Z,165.47,Day Ahead Auction (DE-LU)
day_ahead,2026-08-25T07:15:00.000Z,2026-08-25T09:15:00,2026-08-25T07:30:00.000Z,152.68,Day Ahead Auction (DE-LU)
day_ahead,2026-08-25T07:30:00.000Z,2026-08-25T09:30:00,2026-08-25T07:45:00.000Z,135.91,Day Ahead Auction (DE-LU)
day_ahead,2026-08-25T07:45:00.000Z,2026-08-25T09:45:00,2026-08-25T08:00:00.000Z,127.69,Day Ahead Auction (DE-LU)
day_ahead,2026-08-25T08:00:00.000Z,2026-08-25T10:00:00,2026-08-25T08:15:00.000Z,140.49,Day Ahead Auction (DE-LU)
day_ahead,2026-08-25T08:15:00.000Z,2026-08-25T10:15:00,2026-08-25T08:30:00.000Z,122.67,Day Ahead Auction (DE-LU)
day_ahead,2026-08-25T08:30:00.000Z,2026-08-25T10:30:00,2026-08-25T08:45:00.000Z,113,Day Ahead Auction (DE-LU)
day_ahead,2026-08-25T08:45:00.000Z,2026-08-25T10:45:00,2026-08-25T09:00:00.000Z,93.68,Day Ahead Auction (DE-LU)
day_ahead,2026-08-25T09:00:00.000Z,2026-08-25T11:00:00,2026-08-25T09:15:00.000Z,108.4,Day Ahead Auction (DE-LU)
day_ahead,2026-08-25T09:15:00.000Z,2026-08-25T11:15:00,2026-08-25T09:30:00.000Z,92.72,Day Ahead Auction (DE-LU)
day_ahead,2026-08-25T09:30:00.000Z,2026-08-25T11:30:00,2026-08-25T09:45:00.000Z,72.98,Day Ahead Auction (DE-LU)
day_ahead,2026-08-25T09:45:00.000Z,2026-08-25T11:45:00,2026-08-25T10:00:00.000Z,58.48,Day Ahead Auction (DE-LU)
day_ahead,2026-08-25T10:00:00.000Z,2026-08-25T12:00:00,2026-08-25T10:15:00.000Z,79.08,Day Ahead Auction (DE-LU)
day_ahead,2026-08-25T10:15:00.000Z,2026-08-25T12:15:00,2026-08-25T10:30:00.000Z,62.6,Day Ahead Auction (DE-LU)
day_ahead,2026-08-25T10:30:00.000Z,2026-08-25T12:30:00,2026-08-25T10:45:00.000Z,67.03,Day Ahead Auction (DE-LU)
day_ahead,2026-08-25T10:45:00.000Z,2026-08-25T12:45:00,2026-08-25T11:00:00.000Z,59.92,Day Ahead Auction (DE-LU)
day_ahead,2026-08-25T11:00:00.000Z,2026-08-25T13:00:00,2026-08-25T11:15:00.000Z,69.99,Day Ahead Auction (DE-LU)
day_ahead,2026-08-25T11:15:00.000Z,2026-08-25T13:15:00,2026-08-25T11:30:00.000Z,62.38,Day Ahead Auction (DE-LU)
day_ahead,2026-08-25T11:30:00.000Z,2026-08-25T13:30:00,2026-08-25T11:45:00.000Z,58.53,Day Ahead Auction (DE-LU)
day_ahead,2026-08-25T11:45:00.000Z,2026-08-25T13:45:00,2026-08-25T12:00:00.000Z,57.93,Day Ahead Auction (DE-LU)
day_ahead,2026-08-25T12:00:00.000Z,2026-08-25T14:00:00,2026-08-25T12:15:00.000Z,56.63,Day Ahead Auction (DE-LU)
day_ahead,2026-08-25T12:15:00.000Z,2026-08-25T14:15:00,2026-08-25T12:30:00.000Z,60.02,Day Ahead Auction (DE-LU)
day_ahead,2026-08-25T12:30:00.000Z,2026-08-25T14:30:00,2026-08-25T12:45:00.000Z,73.79,Day Ahead Auction (DE-LU)
day_ahead,2026-08-25T12:45:00.000Z,2026-08-25T14:45:00,2026-08-25T13:00:00.000Z,83.41,Day Ahead Auction (DE-LU)
day_ahead,2026-08-25T13:00:00.000Z,2026-08-25T15:00:00,2026-08-25T13:15:00.000Z,67.26,Day Ahead Auction (DE-LU)
day_ahead,2026-08-25T13:15:00.000Z,2026-08-25T15:15:00,2026-08-25T13:30:00.000Z,78.57,Day Ahead Auction (DE-LU)
day_ahead,2026-08-25T13:30:00.000Z,2026-08-25T15:30:00,2026-08-25T13:45:00.000Z,92.24,Day Ahead Auction (DE-LU)
day_ahead,2026-08-25T13:45:00.000Z,2026-08-25T15:45:00,2026-08-25T14:00:00.000Z,101.92,Day Ahead Auction (DE-LU)
day_ahead,2026-08-25T14:00:00.000Z,2026-08-25T16:00:00,2026-08-25T14:15:00.000Z,91.07,Day Ahead Auction (DE-LU)
day_ahead,2026-08-25T14:15:00.000Z,2026-08-25T16:15:00,2026-08-25T14:30:00.000Z,111.5,Day Ahead Auction (DE-LU)
day_ahead,2026-08-25T14:30:00.000Z,2026-08-25T16:30:00,2026-08-25T14:45:00.000Z,118.01,Day Ahead Auction (DE-LU)
day_ahead,2026-08-25T14:45:00.000Z,2026-08-25T16:45:00,2026-08-25T15:00:00.000Z,137.03,Day Ahead Auction (DE-LU)
day_ahead,2026-08-25T15:00:00.000Z,2026-08-25T17:00:00,2026-08-25T15:15:00.000Z,118.68,Day Ahead Auction (DE-LU)
day_ahead,2026-08-25T15:15:00.000Z,2026-08-25T17:15:00,2026-08-25T15:30:00.000Z,138.7,Day Ahead Auction (DE-LU)
day_ahead,2026-08-25T15:30:00.000Z,2026-08-25T17:30:00,2026-08-25T15:45:00.000Z,159.85,Day Ahead Auction (DE-LU)
day_ahead,2026-08-25T15:45:00.000Z,2026-08-25T17:45:00,2026-08-25T16:00:00.000Z,170.98,Day Ahead Auction (DE-LU)
day_ahead,2026-08-25T16:00:00.000Z,2026-08-25T18:00:00,2026-08-25T16:15:00.000Z,154.99,Day Ahead Auction (DE-LU)
day_ahead,2026-08-25T16:15:00.000Z,2026-08-25T18:15:00,2026-08-25T16:30:00.000Z,172,Day Ahead Auction (DE-LU)
day_ahead,2026-08-25T16:30:00.000Z,2026-08-25T18:30:00,2026-08-25T16:45:00.000Z,186.91,Day Ahead Auction (DE-LU)
day_ahead,2026-08-25T16:45:00.000Z,2026-08-25T18:45:00,2026-08-25T17:00:00.000Z,201.23,Day Ahead Auction (DE-LU)
day_ahead,2026-08-25T17:00:00.000Z,2026-08-25T19:00:00,2026-08-25T17:15:00.000Z,193.07,Day Ahead Auction (DE-LU)
day_ahead,2026-08-25T17:15:00.000Z,2026-08-25T19:15:00,2026-08-25T17:30:00.000Z,205.65,Day Ahead Auction (DE-LU)
day_ahead,2026-08-25T17:30:00.000Z,2026-08-25T19:30:00,2026-08-25T17:45:00.000Z,219.86,Day Ahead Auction (DE-LU)
day_ahead,2026-08-25T17:45:00.000Z,2026-08-25T19:45:00,2026-08-25T18:00:00.000Z,218.65,Day Ahead Auction (DE-LU)
day_ahead,2026-08-25T18:00:00.000Z,2026-08-25T20:00:00,2026-08-25T18:15:00.000Z,200.32,Day Ahead Auction (DE-LU)
day_ahead,2026-08-25T18:15:00.000Z,2026-08-25T20:15:00,2026-08-25T18:30:00.000Z,212.58,Day Ahead Auction (DE-LU)
day_ahead,2026-08-25T18:30:00.000Z,2026-08-25T20:30:00,2026-08-25T18:45:00.000Z,211.73,Day Ahead Auction (DE-LU)
day_ahead,2026-08-25T18:45:00.000Z,2026-08-25T20:45:00,2026-08-25T19:00:00.000Z,195.94,Day Ahead Auction (DE-LU)
day_ahead,2026-08-25T19:00:00.000Z,2026-08-25T21:00:00,2026-08-25T19:15:00.000Z,192.1,Day Ahead Auction (DE-LU)
day_ahead,2026-08-25T19:15:00.000Z,2026-08-25T21:15:00,2026-08-25T19:30:00.000Z,186.95,Day Ahead Auction (DE-LU)
day_ahead,2026-08-25T19:30:00.000Z,2026-08-25T21:30:00,2026-08-25T19:45:00.000Z,178.93,Day Ahead Auction (DE-LU)
day_ahead,2026-08-25T19:45:00.000Z,2026-08-25T21:45:00,2026-08-25T20:00:00.000Z,171.99,Day Ahead Auction (DE-LU)
day_ahead,2026-08-25T20:00:00.000Z,2026-08-25T22:00:00,2026-08-25T20:15:00.000Z,175.87,Day Ahead Auction (DE-LU)
day_ahead,2026-08-25T20:15:00.000Z,2026-08-25T22:15:00,2026-08-25T20:30:00.000Z,172.57,Day Ahead Auction (DE-LU)
day_ahead,2026-08-25T20:30:00.000Z,2026-08-25T22:30:00,2026-08-25T20:45:00.000Z,176.25,Day Ahead Auction (DE-LU)
day_ahead,2026-08-25T20:45:00.000Z,2026-08-25T22:45:00,2026-08-25T21:00:00.000Z,164.38,Day Ahead Auction (DE-LU)
day_ahead,2026-08-25T21:00:00.000Z,2026-08-25T23:00:00,2026-08-25T21:15:00.000Z,167.84,Day Ahead Auction (DE-LU)
day_ahead,2026-08-25T21:15:00.000Z,2026-08-25T23:15:00,2026-08-25T21:30:00.000Z,161.33,Day Ahead Auction (DE-LU)
day_ahead,2026-08-25T21:30:00.000Z,2026-08-25T23:30:00,2026-08-25T21:45:00.000Z,161.29,Day Ahead Auction (DE-LU)
day_ahead,2026-08-25T21:45:00.000Z,2026-08-25T23:45:00,2026-08-25T22:00:00.000Z,148.18,Day Ahead Auction (DE-LU)
day_ahead,2026-08-25T22:00:00.000Z,2026-08-26T00:00:00,2026-08-25T22:15:00.000Z,180.19,Day Ahead Auction (DE-LU)
day_ahead,2026-08-25T22:15:00.000Z,2026-08-26T00:15:00,2026-08-25T22:30:00.000Z,165.74,Day Ahead Auction (DE-LU)
day_ahead,2026-08-25T22:30:00.000Z,2026-08-26T00:30:00,2026-08-25T22:45:00.000Z,157.29,Day Ahead Auction (DE-LU)
day_ahead,2026-08-25T22:45:00.000Z,2026-08-26T00:45:00,2026-08-25T23:00:00.000Z,152.89,Day Ahead Auction (DE-LU)
day_ahead,2026-08-25T23:00:00.000Z,2026-08-26T01:00:00,2026-08-25T23:15:00.000Z,161.06,Day Ahead Auction (DE-LU)
day_ahead,2026-08-25T23:15:00.000Z,2026-08-26T01:15:00,2026-08-25T23:30:00.000Z,156.44,Day Ahead Auction (DE-LU)
day_ahead,2026-08-25T23:30:00.000Z,2026-08-26T01:30:00,2026-08-25T23:45:00.000Z,156.64,Day Ahead Auction (DE-LU)
day_ahead,2026-08-25T23:45:00.000Z,2026-08-26T01:45:00,2026-08-26T00:00:00.000Z,154.09,Day Ahead Auction (DE-LU)
day_ahead,2026-08-26T00:00:00.000Z,2026-08-26T02:00:00,2026-08-26T00:15:00.000Z,152.29,Day Ahead Auction (DE-LU)
day_ahead,2026-08-26T00:15:00.000Z,2026-08-26T02:15:00,2026-08-26T00:30:00.000Z,151.95,Day Ahead Auction (DE-LU)
day_ahead,2026-08-26T00:30:00.000Z,2026-08-26T02:30:00,2026-08-26T00:45:00.000Z,151.23,Day Ahead Auction (DE-LU)
day_ahead,2026-08-26T00:45:00.000Z,2026-08-26T02:45:00,2026-08-26T01:00:00.000Z,151.1,Day Ahead Auction (DE-LU)
day_ahead,2026-08-26T01:00:00.000Z,2026-08-26T03:00:00,2026-08-26T01:15:00.000Z,149.78,Day Ahead Auction (DE-LU)
day_ahead,2026-08-26T01:15:00.000Z,2026-08-26T03:15:00,2026-08-26T01:30:00.000Z,148.95,Day Ahead Auction (DE-LU)
day_ahead,2026-08-26T01:30:00.000Z,2026-08-26T03:30:00,2026-08-26T01:45:00.000Z,150.01,Day Ahead Auction (DE-LU)
day_ahead,2026-08-26T01:45:00.000Z,2026-08-26T03:45:00,2026-08-26T02:00:00.000Z,149.66,Day Ahead Auction (DE-LU)
day_ahead,2026-08-26T02:00:00.000Z,2026-08-26T04:00:00,2026-08-26T02:15:00.000Z,149.86,Day Ahead Auction (DE-LU)
day_ahead,2026-08-26T02:15:00.000Z,2026-08-26T04:15:00,2026-08-26T02:30:00.000Z,150.39,Day Ahead Auction (DE-LU)
day_ahead,2026-08-26T02:30:00.000Z,2026-08-26T04:30:00,2026-08-26T02:45:00.000Z,151.95,Day Ahead Auction (DE-LU)
day_ahead,2026-08-26T02:45:00.000Z,2026-08-26T04:45:00,2026-08-26T03:00:00.000Z,154.83,Day Ahead Auction (DE-LU)
day_ahead,2026-08-26T03:00:00.000Z,2026-08-26T05:00:00,2026-08-26T03:15:00.000Z,150.58,Day Ahead Auction (DE-LU)
day_ahead,2026-08-26T03:15:00.000Z,2026-08-26T05:15:00,2026-08-26T03:30:00.000Z,156.97,Day Ahead Auction (DE-LU)
day_ahead,2026-08-26T03:30:00.000Z,2026-08-26T05:30:00,2026-08-26T03:45:00.000Z,163.26,Day Ahead Auction (DE-LU)
day_ahead,2026-08-26T03:45:00.000Z,2026-08-26T05:45:00,2026-08-26T04:00:00.000Z,171.05,Day Ahead Auction (DE-LU)
day_ahead,2026-08-26T04:00:00.000Z,2026-08-26T06:00:00,2026-08-26T04:15:00.000Z,173.79,Day Ahead Auction (DE-LU)
day_ahead,2026-08-26T04:15:00.000Z,2026-08-26T06:15:00,2026-08-26T04:30:00.000Z,185.5,Day Ahead Auction (DE-LU)
day_ahead,2026-08-26T04:30:00.000Z,2026-08-26T06:30:00,2026-08-26T04:45:00.000Z,190.07,Day Ahead Auction (DE-LU)
day_ahead,2026-08-26T04:45:00.000Z,2026-08-26T06:45:00,2026-08-26T05:00:00.000Z,191.16,Day Ahead Auction (DE-LU)
day_ahead,2026-08-26T05:00:00.000Z,2026-08-26T07:00:00,2026-08-26T05:15:00.000Z,199.35,Day Ahead Auction (DE-LU)
day_ahead,2026-08-26T05:15:00.000Z,2026-08-26T07:15:00,2026-08-26T05:30:00.000Z,198.92,Day Ahead Auction (DE-LU)
day_ahead,2026-08-26T05:30:00.000Z,2026-08-26T07:30:00,2026-08-26T05:45:00.000Z,194.48,Day Ahead Auction (DE-LU)
day_ahead,2026-08-26T05:45:00.000Z,2026-08-26T07:45:00,2026-08-26T06:00:00.000Z,189.4,Day Ahead Auction (DE-LU)
day_ahead,2026-08-26T06:00:00.000Z,2026-08-26T08:00:00,2026-08-26T06:15:00.000Z,212.12,Day Ahead Auction (DE-LU)
day_ahead,2026-08-26T06:15:00.000Z,2026-08-26T08:15:00,2026-08-26T06:30:00.000Z,204.49,Day Ahead Auction (DE-LU)
day_ahead,2026-08-26T06:30:00.000Z,2026-08-26T08:30:00,2026-08-26T06:45:00.000Z,186.55,Day Ahead Auction (DE-LU)
day_ahead,2026-08-26T06:45:00.000Z,2026-08-26T08:45:00,2026-08-26T07:00:00.000Z,170.92,Day Ahead Auction (DE-LU)
day_ahead,2026-08-26T07:00:00.000Z,2026-08-26T09:00:00,2026-08-26T07:15:00.000Z,191.26,Day Ahead Auction (DE-LU)
day_ahead,2026-08-26T07:15:00.000Z,2026-08-26T09:15:00,2026-08-26T07:30:00.000Z,173.42,Day Ahead Auction (DE-LU)
day_ahead,2026-08-26T07:30:00.000Z,2026-08-26T09:30:00,2026-08-26T07:45:00.000Z,157.54,Day Ahead Auction (DE-LU)
day_ahead,2026-08-26T07:45:00.000Z,2026-08-26T09:45:00,2026-08-26T08:00:00.000Z,144.27,Day Ahead Auction (DE-LU)
day_ahead,2026-08-26T08:00:00.000Z,2026-08-26T10:00:00,2026-08-26T08:15:00.000Z,165.21,Day Ahead Auction (DE-LU)
day_ahead,2026-08-26T08:15:00.000Z,2026-08-26T10:15:00,2026-08-26T08:30:00.000Z,135.93,Day Ahead Auction (DE-LU)
day_ahead,2026-08-26T08:30:00.000Z,2026-08-26T10:30:00,2026-08-26T08:45:00.000Z,128.23,Day Ahead Auction (DE-LU)
day_ahead,2026-08-26T08:45:00.000Z,2026-08-26T10:45:00,2026-08-26T09:00:00.000Z,120.55,Day Ahead Auction (DE-LU)
day_ahead,2026-08-26T09:00:00.000Z,2026-08-26T11:00:00,2026-08-26T09:15:00.000Z,132.06,Day Ahead Auction (DE-LU)
day_ahead,2026-08-26T09:15:00.000Z,2026-08-26T11:15:00,2026-08-26T09:30:00.000Z,125.1,Day Ahead Auction (DE-LU)
day_ahead,2026-08-26T09:30:00.000Z,2026-08-26T11:30:00,2026-08-26T09:45:00.000Z,119.8,Day Ahead Auction (DE-LU)
day_ahead,2026-08-26T09:45:00.000Z,2026-08-26T11:45:00,2026-08-26T10:00:00.000Z,105.68,Day Ahead Auction (DE-LU)
day_ahead,2026-08-26T10:00:00.000Z,2026-08-26T12:00:00,2026-08-26T10:15:00.000Z,112.77,Day Ahead Auction (DE-LU)
day_ahead,2026-08-26T10:15:00.000Z,2026-08-26T12:15:00,2026-08-26T10:30:00.000Z,94.25,Day Ahead Auction (DE-LU)
day_ahead,2026-08-26T10:30:00.000Z,2026-08-26T12:30:00,2026-08-26T10:45:00.000Z,97.47,Day Ahead Auction (DE-LU)
day_ahead,2026-08-26T10:45:00.000Z,2026-08-26T12:45:00,2026-08-26T11:00:00.000Z,89.93,Day Ahead Auction (DE-LU)
day_ahead,2026-08-26T11:00:00.000Z,2026-08-26T13:00:00,2026-08-26T11:15:00.000Z,101.01,Day Ahead Auction (DE-LU)
day_ahead,2026-08-26T11:15:00.000Z,2026-08-26T13:15:00,2026-08-26T11:30:00.000Z,91.06,Day Ahead Auction (DE-LU)
day_ahead,2026-08-26T11:30:00.000Z,2026-08-26T13:30:00,2026-08-26T11:45:00.000Z,85.01,Day Ahead Auction (DE-LU)
day_ahead,2026-08-26T11:45:00.000Z,2026-08-26T13:45:00,2026-08-26T12:00:00.000Z,81.08,Day Ahead Auction (DE-LU)
day_ahead,2026-08-26T12:00:00.000Z,2026-08-26T14:00:00,2026-08-26T12:15:00.000Z,90.48,Day Ahead Auction (DE-LU)
day_ahead,2026-08-26T12:15:00.000Z,2026-08-26T14:15:00,2026-08-26T12:30:00.000Z,90.76,Day Ahead Auction (DE-LU)
day_ahead,2026-08-26T12:30:00.000Z,2026-08-26T14:30:00,2026-08-26T12:45:00.000Z,91.87,Day Ahead Auction (DE-LU)
day_ahead,2026-08-26T12:45:00.000Z,2026-08-26T14:45:00,2026-08-26T13:00:00.000Z,94.77,Day Ahead Auction (DE-LU)
day_ahead,2026-08-26T13:00:00.000Z,2026-08-26T15:00:00,2026-08-26T13:15:00.000Z,93.62,Day Ahead Auction (DE-LU)
day_ahead,2026-08-26T13:15:00.000Z,2026-08-26T15:15:00,2026-08-26T13:30:00.000Z,100.66,Day Ahead Auction (DE-LU)
day_ahead,2026-08-26T13:30:00.000Z,2026-08-26T15:30:00,2026-08-26T13:45:00.000Z,104.3,Day Ahead Auction (DE-LU)
day_ahead,2026-08-26T13:45:00.000Z,2026-08-26T15:45:00,2026-08-26T14:00:00.000Z,111.63,Day Ahead Auction (DE-LU)
day_ahead,2026-08-26T14:00:00.000Z,2026-08-26T16:00:00,2026-08-26T14:15:00.000Z,108.35,Day Ahead Auction (DE-LU)
day_ahead,2026-08-26T14:15:00.000Z,2026-08-26T16:15:00,2026-08-26T14:30:00.000Z,117.55,Day Ahead Auction (DE-LU)
day_ahead,2026-08-26T14:30:00.000Z,2026-08-26T16:30:00,2026-08-26T14:45:00.000Z,122.93,Day Ahead Auction (DE-LU)
day_ahead,2026-08-26T14:45:00.000Z,2026-08-26T16:45:00,2026-08-26T15:00:00.000Z,141.2,Day Ahead Auction (DE-LU)
day_ahead,2026-08-26T15:00:00.000Z,2026-08-26T17:00:00,2026-08-26T15:15:00.000Z,125.31,Day Ahead Auction (DE-LU)
day_ahead,2026-08-26T15:15:00.000Z,2026-08-26T17:15:00,2026-08-26T15:30:00.000Z,149.7,Day Ahead Auction (DE-LU)
day_ahead,2026-08-26T15:30:00.000Z,2026-08-26T17:30:00,2026-08-26T15:45:00.000Z,173,Day Ahead Auction (DE-LU)
day_ahead,2026-08-26T15:45:00.000Z,2026-08-26T17:45:00,2026-08-26T16:00:00.000Z,179.87,Day Ahead Auction (DE-LU)
day_ahead,2026-08-26T16:00:00.000Z,2026-08-26T18:00:00,2026-08-26T16:15:00.000Z,160.51,Day Ahead Auction (DE-LU)
day_ahead,2026-08-26T16:15:00.000Z,2026-08-26T18:15:00,2026-08-26T16:30:00.000Z,173.58,Day Ahead Auction (DE-LU)
day_ahead,2026-08-26T16:30:00.000Z,2026-08-26T18:30:00,2026-08-26T16:45:00.000Z,191.78,Day Ahead Auction (DE-LU)
day_ahead,2026-08-26T16:45:00.000Z,2026-08-26T18:45:00,2026-08-26T17:00:00.000Z,216.63,Day Ahead Auction (DE-LU)
day_ahead,2026-08-26T17:00:00.000Z,2026-08-26T19:00:00,2026-08-26T17:15:00.000Z,193.34,Day Ahead Auction (DE-LU)
day_ahead,2026-08-26T17:15:00.000Z,2026-08-26T19:15:00,2026-08-26T17:30:00.000Z,206.64,Day Ahead Auction (DE-LU)
day_ahead,2026-08-26T17:30:00.000Z,2026-08-26T19:30:00,2026-08-26T17:45:00.000Z,218.91,Day Ahead Auction (DE-LU)
day_ahead,2026-08-26T17:45:00.000Z,2026-08-26T19:45:00,2026-08-26T18:00:00.000Z,226.09,Day Ahead Auction (DE-LU)
day_ahead,2026-08-26T18:00:00.000Z,2026-08-26T20:00:00,2026-08-26T18:15:00.000Z,218.8,Day Ahead Auction (DE-LU)
day_ahead,2026-08-26T18:15:00.000Z,2026-08-26T20:15:00,2026-08-26T18:30:00.000Z,206.45,Day Ahead Auction (DE-LU)
day_ahead,2026-08-26T18:30:00.000Z,2026-08-26T20:30:00,2026-08-26T18:45:00.000Z,195.66,Day Ahead Auction (DE-LU)
day_ahead,2026-08-26T18:45:00.000Z,2026-08-26T20:45:00,2026-08-26T19:00:00.000Z,186.2,Day Ahead Auction (DE-LU)
day_ahead,2026-08-26T19:00:00.000Z,2026-08-26T21:00:00,2026-08-26T19:15:00.000Z,188.82,Day Ahead Auction (DE-LU)
day_ahead,2026-08-26T19:15:00.000Z,2026-08-26T21:15:00,2026-08-26T19:30:00.000Z,180.72,Day Ahead Auction (DE-LU)
day_ahead,2026-08-26T19:30:00.000Z,2026-08-26T21:30:00,2026-08-26T19:45:00.000Z,177.31,Day Ahead Auction (DE-LU)
day_ahead,2026-08-26T19:45:00.000Z,2026-08-26T21:45:00,2026-08-26T20:00:00.000Z,167.92,Day Ahead Auction (DE-LU)
day_ahead,2026-08-26T20:00:00.000Z,2026-08-26T22:00:00,2026-08-26T20:15:00.000Z,172.29,Day Ahead Auction (DE-LU)
day_ahead,2026-08-26T20:15:00.000Z,2026-08-26T22:15:00,2026-08-26T20:30:00.000Z,165.95,Day Ahead Auction (DE-LU)
day_ahead,2026-08-26T20:30:00.000Z,2026-08-26T22:30:00,2026-08-26T20:45:00.000Z,164.16,Day Ahead Auction (DE-LU)
day_ahead,2026-08-26T20:45:00.000Z,2026-08-26T22:45:00,2026-08-26T21:00:00.000Z,151.95,Day Ahead Auction (DE-LU)
day_ahead,2026-08-26T21:00:00.000Z,2026-08-26T23:00:00,2026-08-26T21:15:00.000Z,161.94,Day Ahead Auction (DE-LU)
day_ahead,2026-08-26T21:15:00.000Z,2026-08-26T23:15:00,2026-08-26T21:30:00.000Z,152.79,Day Ahead Auction (DE-LU)
day_ahead,2026-08-26T21:30:00.000Z,2026-08-26T23:30:00,2026-08-26T21:45:00.000Z,150,Day Ahead Auction (DE-LU)
day_ahead,2026-08-26T21:45:00.000Z,2026-08-26T23:45:00,2026-08-26T22:00:00.000Z,139.72,Day Ahead Auction (DE-LU)
day_ahead,2026-08-26T22:00:00.000Z,2026-08-27T00:00:00,2026-08-26T22:15:00.000Z,155.22,Day Ahead Auction (DE-LU)
day_ahead,2026-08-26T22:15:00.000Z,2026-08-27T00:15:00,2026-08-26T22:30:00.000Z,149.8,Day Ahead Auction (DE-LU)
day_ahead,2026-08-26T22:30:00.000Z,2026-08-27T00:30:00,2026-08-26T22:45:00.000Z,147.17,Day Ahead Auction (DE-LU)
day_ahead,2026-08-26T22:45:00.000Z,2026-08-27T00:45:00,2026-08-26T23:00:00.000Z,142.03,Day Ahead Auction (DE-LU)
day_ahead,2026-08-26T23:00:00.000Z,2026-08-27T01:00:00,2026-08-26T23:15:00.000Z,149.56,Day Ahead Auction (DE-LU)
day_ahead,2026-08-26T23:15:00.000Z,2026-08-27T01:15:00,2026-08-26T23:30:00.000Z,142.95,Day Ahead Auction (DE-LU)
day_ahead,2026-08-26T23:30:00.000Z,2026-08-27T01:30:00,2026-08-26T23:45:00.000Z,141.73,Day Ahead Auction (DE-LU)
day_ahead,2026-08-26T23:45:00.000Z,2026-08-27T01:45:00,2026-08-27T00:00:00.000Z,134.46,Day Ahead Auction (DE-LU)
day_ahead,2026-08-27T00:00:00.000Z,2026-08-27T02:00:00,2026-08-27T00:15:00.000Z,138.69,Day Ahead Auction (DE-LU)
day_ahead,2026-08-27T00:15:00.000Z,2026-08-27T02:15:00,2026-08-27T00:30:00.000Z,134.86,Day Ahead Auction (DE-LU)
day_ahead,2026-08-27T00:30:00.000Z,2026-08-27T02:30:00,2026-08-27T00:45:00.000Z,134.18,Day Ahead Auction (DE-LU)
day_ahead,2026-08-27T00:45:00.000Z,2026-08-27T02:45:00,2026-08-27T01:00:00.000Z,132.95,Day Ahead Auction (DE-LU)
day_ahead,2026-08-27T01:00:00.000Z,2026-08-27T03:00:00,2026-08-27T01:15:00.000Z,135.43,Day Ahead Auction (DE-LU)
day_ahead,2026-08-27T01:15:00.000Z,2026-08-27T03:15:00,2026-08-27T01:30:00.000Z,134.02,Day Ahead Auction (DE-LU)
day_ahead,2026-08-27T01:30:00.000Z,2026-08-27T03:30:00,2026-08-27T01:45:00.000Z,134.31,Day Ahead Auction (DE-LU)
day_ahead,2026-08-27T01:45:00.000Z,2026-08-27T03:45:00,2026-08-27T02:00:00.000Z,133.93,Day Ahead Auction (DE-LU)
day_ahead,2026-08-27T02:00:00.000Z,2026-08-27T04:00:00,2026-08-27T02:15:00.000Z,133.7,Day Ahead Auction (DE-LU)
day_ahead,2026-08-27T02:15:00.000Z,2026-08-27T04:15:00,2026-08-27T02:30:00.000Z,134.13,Day Ahead Auction (DE-LU)
day_ahead,2026-08-27T02:30:00.000Z,2026-08-27T04:30:00,2026-08-27T02:45:00.000Z,136.66,Day Ahead Auction (DE-LU)
day_ahead,2026-08-27T02:45:00.000Z,2026-08-27T04:45:00,2026-08-27T03:00:00.000Z,140.27,Day Ahead Auction (DE-LU)
day_ahead,2026-08-27T03:00:00.000Z,2026-08-27T05:00:00,2026-08-27T03:15:00.000Z,139.14,Day Ahead Auction (DE-LU)
day_ahead,2026-08-27T03:15:00.000Z,2026-08-27T05:15:00,2026-08-27T03:30:00.000Z,139.4,Day Ahead Auction (DE-LU)
day_ahead,2026-08-27T03:30:00.000Z,2026-08-27T05:30:00,2026-08-27T03:45:00.000Z,147.27,Day Ahead Auction (DE-LU)
day_ahead,2026-08-27T03:45:00.000Z,2026-08-27T05:45:00,2026-08-27T04:00:00.000Z,160.43,Day Ahead Auction (DE-LU)
day_ahead,2026-08-27T04:00:00.000Z,2026-08-27T06:00:00,2026-08-27T04:15:00.000Z,160.45,Day Ahead Auction (DE-LU)
day_ahead,2026-08-27T04:15:00.000Z,2026-08-27T06:15:00,2026-08-27T04:30:00.000Z,169.22,Day Ahead Auction (DE-LU)
day_ahead,2026-08-27T04:30:00.000Z,2026-08-27T06:30:00,2026-08-27T04:45:00.000Z,170.35,Day Ahead Auction (DE-LU)
day_ahead,2026-08-27T04:45:00.000Z,2026-08-27T06:45:00,2026-08-27T05:00:00.000Z,170.31,Day Ahead Auction (DE-LU)
day_ahead,2026-08-27T05:00:00.000Z,2026-08-27T07:00:00,2026-08-27T05:15:00.000Z,176.04,Day Ahead Auction (DE-LU)
day_ahead,2026-08-27T05:15:00.000Z,2026-08-27T07:15:00,2026-08-27T05:30:00.000Z,176.34,Day Ahead Auction (DE-LU)
day_ahead,2026-08-27T05:30:00.000Z,2026-08-27T07:30:00,2026-08-27T05:45:00.000Z,174.79,Day Ahead Auction (DE-LU)
day_ahead,2026-08-27T05:45:00.000Z,2026-08-27T07:45:00,2026-08-27T06:00:00.000Z,169.41,Day Ahead Auction (DE-LU)
day_ahead,2026-08-27T06:00:00.000Z,2026-08-27T08:00:00,2026-08-27T06:15:00.000Z,176.02,Day Ahead Auction (DE-LU)
day_ahead,2026-08-27T06:15:00.000Z,2026-08-27T08:15:00,2026-08-27T06:30:00.000Z,170.22,Day Ahead Auction (DE-LU)
day_ahead,2026-08-27T06:30:00.000Z,2026-08-27T08:30:00,2026-08-27T06:45:00.000Z,157.54,Day Ahead Auction (DE-LU)
day_ahead,2026-08-27T06:45:00.000Z,2026-08-27T08:45:00,2026-08-27T07:00:00.000Z,137.77,Day Ahead Auction (DE-LU)
day_ahead,2026-08-27T07:00:00.000Z,2026-08-27T09:00:00,2026-08-27T07:15:00.000Z,151.28,Day Ahead Auction (DE-LU)
day_ahead,2026-08-27T07:15:00.000Z,2026-08-27T09:15:00,2026-08-27T07:30:00.000Z,132.34,Day Ahead Auction (DE-LU)
day_ahead,2026-08-27T07:30:00.000Z,2026-08-27T09:30:00,2026-08-27T07:45:00.000Z,116.91,Day Ahead Auction (DE-LU)
day_ahead,2026-08-27T07:45:00.000Z,2026-08-27T09:45:00,2026-08-27T08:00:00.000Z,98.08,Day Ahead Auction (DE-LU)
day_ahead,2026-08-27T08:00:00.000Z,2026-08-27T10:00:00,2026-08-27T08:15:00.000Z,126.98,Day Ahead Auction (DE-LU)
day_ahead,2026-08-27T08:15:00.000Z,2026-08-27T10:15:00,2026-08-27T08:30:00.000Z,116.1,Day Ahead Auction (DE-LU)
day_ahead,2026-08-27T08:30:00.000Z,2026-08-27T10:30:00,2026-08-27T08:45:00.000Z,94.98,Day Ahead Auction (DE-LU)
day_ahead,2026-08-27T08:45:00.000Z,2026-08-27T10:45:00,2026-08-27T09:00:00.000Z,78.35,Day Ahead Auction (DE-LU)
day_ahead,2026-08-27T09:00:00.000Z,2026-08-27T11:00:00,2026-08-27T09:15:00.000Z,105.06,Day Ahead Auction (DE-LU)
day_ahead,2026-08-27T09:15:00.000Z,2026-08-27T11:15:00,2026-08-27T09:30:00.000Z,71.31,Day Ahead Auction (DE-LU)
day_ahead,2026-08-27T09:30:00.000Z,2026-08-27T11:30:00,2026-08-27T09:45:00.000Z,40,Day Ahead Auction (DE-LU)
day_ahead,2026-08-27T09:45:00.000Z,2026-08-27T11:45:00,2026-08-27T10:00:00.000Z,13.94,Day Ahead Auction (DE-LU)
day_ahead,2026-08-27T10:00:00.000Z,2026-08-27T12:00:00,2026-08-27T10:15:00.000Z,31.59,Day Ahead Auction (DE-LU)
day_ahead,2026-08-27T10:15:00.000Z,2026-08-27T12:15:00,2026-08-27T10:30:00.000Z,23.84,Day Ahead Auction (DE-LU)
day_ahead,2026-08-27T10:30:00.000Z,2026-08-27T12:30:00,2026-08-27T10:45:00.000Z,20.09,Day Ahead Auction (DE-LU)
day_ahead,2026-08-27T10:45:00.000Z,2026-08-27T12:45:00,2026-08-27T11:00:00.000Z,11.21,Day Ahead Auction (DE-LU)
day_ahead,2026-08-27T11:00:00.000Z,2026-08-27T13:00:00,2026-08-27T11:15:00.000Z,10.02,Day Ahead Auction (DE-LU)
day_ahead,2026-08-27T11:15:00.000Z,2026-08-27T13:15:00,2026-08-27T11:30:00.000Z,10.05,Day Ahead Auction (DE-LU)
day_ahead,2026-08-27T11:30:00.000Z,2026-08-27T13:30:00,2026-08-27T11:45:00.000Z,6.16,Day Ahead Auction (DE-LU)
day_ahead,2026-08-27T11:45:00.000Z,2026-08-27T13:45:00,2026-08-27T12:00:00.000Z,0.06,Day Ahead Auction (DE-LU)
day_ahead,2026-08-27T12:00:00.000Z,2026-08-27T14:00:00,2026-08-27T12:15:00.000Z,0.09,Day Ahead Auction (DE-LU)
day_ahead,2026-08-27T12:15:00.000Z,2026-08-27T14:15:00,2026-08-27T12:30:00.000Z,10.03,Day Ahead Auction (DE-LU)
day_ahead,2026-08-27T12:30:00.000Z,2026-08-27T14:30:00,2026-08-27T12:45:00.000Z,20.05,Day Ahead Auction (DE-LU)
day_ahead,2026-08-27T12:45:00.000Z,2026-08-27T14:45:00,2026-08-27T13:00:00.000Z,26.6,Day Ahead Auction (DE-LU)
day_ahead,2026-08-27T13:00:00.000Z,2026-08-27T15:00:00,2026-08-27T13:15:00.000Z,22.36,Day Ahead Auction (DE-LU)
day_ahead,2026-08-27T13:15:00.000Z,2026-08-27T15:15:00,2026-08-27T13:30:00.000Z,30.01,Day Ahead Auction (DE-LU)
day_ahead,2026-08-27T13:30:00.000Z,2026-08-27T15:30:00,2026-08-27T13:45:00.000Z,54.58,Day Ahead Auction (DE-LU)
day_ahead,2026-08-27T13:45:00.000Z,2026-08-27T15:45:00,2026-08-27T14:00:00.000Z,74.58,Day Ahead Auction (DE-LU)
day_ahead,2026-08-27T14:00:00.000Z,2026-08-27T16:00:00,2026-08-27T14:15:00.000Z,51.04,Day Ahead Auction (DE-LU)
day_ahead,2026-08-27T14:15:00.000Z,2026-08-27T16:15:00,2026-08-27T14:30:00.000Z,93.31,Day Ahead Auction (DE-LU)
day_ahead,2026-08-27T14:30:00.000Z,2026-08-27T16:30:00,2026-08-27T14:45:00.000Z,112.93,Day Ahead Auction (DE-LU)
day_ahead,2026-08-27T14:45:00.000Z,2026-08-27T16:45:00,2026-08-27T15:00:00.000Z,127.32,Day Ahead Auction (DE-LU)
day_ahead,2026-08-27T15:00:00.000Z,2026-08-27T17:00:00,2026-08-27T15:15:00.000Z,115.08,Day Ahead Auction (DE-LU)
day_ahead,2026-08-27T15:15:00.000Z,2026-08-27T17:15:00,2026-08-27T15:30:00.000Z,128.97,Day Ahead Auction (DE-LU)
day_ahead,2026-08-27T15:30:00.000Z,2026-08-27T17:30:00,2026-08-27T15:45:00.000Z,154.02,Day Ahead Auction (DE-LU)
day_ahead,2026-08-27T15:45:00.000Z,2026-08-27T17:45:00,2026-08-27T16:00:00.000Z,168.73,Day Ahead Auction (DE-LU)
day_ahead,2026-08-27T16:00:00.000Z,2026-08-27T18:00:00,2026-08-27T16:15:00.000Z,151.75,Day Ahead Auction (DE-LU)
day_ahead,2026-08-27T16:15:00.000Z,2026-08-27T18:15:00,2026-08-27T16:30:00.000Z,169.48,Day Ahead Auction (DE-LU)
day_ahead,2026-08-27T16:30:00.000Z,2026-08-27T18:30:00,2026-08-27T16:45:00.000Z,177.02,Day Ahead Auction (DE-LU)
day_ahead,2026-08-27T16:45:00.000Z,2026-08-27T18:45:00,2026-08-27T17:00:00.000Z,197,Day Ahead Auction (DE-LU)
day_ahead,2026-08-27T17:00:00.000Z,2026-08-27T19:00:00,2026-08-27T17:15:00.000Z,184.45,Day Ahead Auction (DE-LU)
day_ahead,2026-08-27T17:15:00.000Z,2026-08-27T19:15:00,2026-08-27T17:30:00.000Z,194.52,Day Ahead Auction (DE-LU)
day_ahead,2026-08-27T17:30:00.000Z,2026-08-27T19:30:00,2026-08-27T17:45:00.000Z,205.99,Day Ahead Auction (DE-LU)
day_ahead,2026-08-27T17:45:00.000Z,2026-08-27T19:45:00,2026-08-27T18:00:00.000Z,212.09,Day Ahead Auction (DE-LU)
day_ahead,2026-08-27T18:00:00.000Z,2026-08-27T20:00:00,2026-08-27T18:15:00.000Z,205.74,Day Ahead Auction (DE-LU)
day_ahead,2026-08-27T18:15:00.000Z,2026-08-27T20:15:00,2026-08-27T18:30:00.000Z,192.87,Day Ahead Auction (DE-LU)
day_ahead,2026-08-27T18:30:00.000Z,2026-08-27T20:30:00,2026-08-27T18:45:00.000Z,187.8,Day Ahead Auction (DE-LU)
day_ahead,2026-08-27T18:45:00.000Z,2026-08-27T20:45:00,2026-08-27T19:00:00.000Z,179.54,Day Ahead Auction (DE-LU)
day_ahead,2026-08-27T19:00:00.000Z,2026-08-27T21:00:00,2026-08-27T19:15:00.000Z,192.13,Day Ahead Auction (DE-LU)
day_ahead,2026-08-27T19:15:00.000Z,2026-08-27T21:15:00,2026-08-27T19:30:00.000Z,180.12,Day Ahead Auction (DE-LU)
day_ahead,2026-08-27T19:30:00.000Z,2026-08-27T21:30:00,2026-08-27T19:45:00.000Z,171.99,Day Ahead Auction (DE-LU)
day_ahead,2026-08-27T19:45:00.000Z,2026-08-27T21:45:00,2026-08-27T20:00:00.000Z,159.44,Day Ahead Auction (DE-LU)
day_ahead,2026-08-27T20:00:00.000Z,2026-08-27T22:00:00,2026-08-27T20:15:00.000Z,175.56,Day Ahead Auction (DE-LU)
day_ahead,2026-08-27T20:15:00.000Z,2026-08-27T22:15:00,2026-08-27T20:30:00.000Z,170,Day Ahead Auction (DE-LU)
day_ahead,2026-08-27T20:30:00.000Z,2026-08-27T22:30:00,2026-08-27T20:45:00.000Z,159.68,Day Ahead Auction (DE-LU)
day_ahead,2026-08-27T20:45:00.000Z,2026-08-27T22:45:00,2026-08-27T21:00:00.000Z,154.44,Day Ahead Auction (DE-LU)
day_ahead,2026-08-27T21:00:00.000Z,2026-08-27T23:00:00,2026-08-27T21:15:00.000Z,159.9,Day Ahead Auction (DE-LU)
day_ahead,2026-08-27T21:15:00.000Z,2026-08-27T23:15:00,2026-08-27T21:30:00.000Z,153.16,Day Ahead Auction (DE-LU)
day_ahead,2026-08-27T21:30:00.000Z,2026-08-27T23:30:00,2026-08-27T21:45:00.000Z,149.08,Day Ahead Auction (DE-LU)
day_ahead,2026-08-27T21:45:00.000Z,2026-08-27T23:45:00,2026-08-27T22:00:00.000Z,139.42,Day Ahead Auction (DE-LU)
day_ahead,2026-08-27T22:00:00.000Z,2026-08-28T00:00:00,2026-08-27T22:15:00.000Z,141.01,Day Ahead Auction (DE-LU)
day_ahead,2026-08-27T22:15:00.000Z,2026-08-28T00:15:00,2026-08-27T22:30:00.000Z,141.92,Day Ahead Auction (DE-LU)
day_ahead,2026-08-27T22:30:00.000Z,2026-08-28T00:30:00,2026-08-27T22:45:00.000Z,139,Day Ahead Auction (DE-LU)
day_ahead,2026-08-27T22:45:00.000Z,2026-08-28T00:45:00,2026-08-27T23:00:00.000Z,136.16,Day Ahead Auction (DE-LU)
day_ahead,2026-08-27T23:00:00.000Z,2026-08-28T01:00:00,2026-08-27T23:15:00.000Z,141.81,Day Ahead Auction (DE-LU)
day_ahead,2026-08-27T23:15:00.000Z,2026-08-28T01:15:00,2026-08-27T23:30:00.000Z,138.66,Day Ahead Auction (DE-LU)
day_ahead,2026-08-27T23:30:00.000Z,2026-08-28T01:30:00,2026-08-27T23:45:00.000Z,138.02,Day Ahead Auction (DE-LU)
day_ahead,2026-08-27T23:45:00.000Z,2026-08-28T01:45:00,2026-08-28T00:00:00.000Z,138.66,Day Ahead Auction (DE-LU)
day_ahead,2026-08-28T00:00:00.000Z,2026-08-28T02:00:00,2026-08-28T00:15:00.000Z,137.18,Day Ahead Auction (DE-LU)
day_ahead,2026-08-28T00:15:00.000Z,2026-08-28T02:15:00,2026-08-28T00:30:00.000Z,138.68,Day Ahead Auction (DE-LU)
day_ahead,2026-08-28T00:30:00.000Z,2026-08-28T02:30:00,2026-08-28T00:45:00.000Z,140.51,Day Ahead Auction (DE-LU)
day_ahead,2026-08-28T00:45:00.000Z,2026-08-28T02:45:00,2026-08-28T01:00:00.000Z,136.6,Day Ahead Auction (DE-LU)
day_ahead,2026-08-28T01:00:00.000Z,2026-08-28T03:00:00,2026-08-28T01:15:00.000Z,140.89,Day Ahead Auction (DE-LU)
day_ahead,2026-08-28T01:15:00.000Z,2026-08-28T03:15:00,2026-08-28T01:30:00.000Z,139.62,Day Ahead Auction (DE-LU)
day_ahead,2026-08-28T01:30:00.000Z,2026-08-28T03:30:00,2026-08-28T01:45:00.000Z,138.26,Day Ahead Auction (DE-LU)
day_ahead,2026-08-28T01:45:00.000Z,2026-08-28T03:45:00,2026-08-28T02:00:00.000Z,136.43,Day Ahead Auction (DE-LU)
day_ahead,2026-08-28T02:00:00.000Z,2026-08-28T04:00:00,2026-08-28T02:15:00.000Z,137.11,Day Ahead Auction (DE-LU)
day_ahead,2026-08-28T02:15:00.000Z,2026-08-28T04:15:00,2026-08-28T02:30:00.000Z,139.44,Day Ahead Auction (DE-LU)
day_ahead,2026-08-28T02:30:00.000Z,2026-08-28T04:30:00,2026-08-28T02:45:00.000Z,139.96,Day Ahead Auction (DE-LU)
day_ahead,2026-08-28T02:45:00.000Z,2026-08-28T04:45:00,2026-08-28T03:00:00.000Z,139.85,Day Ahead Auction (DE-LU)
day_ahead,2026-08-28T03:00:00.000Z,2026-08-28T05:00:00,2026-08-28T03:15:00.000Z,137.37,Day Ahead Auction (DE-LU)
day_ahead,2026-08-28T03:15:00.000Z,2026-08-28T05:15:00,2026-08-28T03:30:00.000Z,141.3,Day Ahead Auction (DE-LU)
day_ahead,2026-08-28T03:30:00.000Z,2026-08-28T05:30:00,2026-08-28T03:45:00.000Z,148.48,Day Ahead Auction (DE-LU)
day_ahead,2026-08-28T03:45:00.000Z,2026-08-28T05:45:00,2026-08-28T04:00:00.000Z,159.92,Day Ahead Auction (DE-LU)
day_ahead,2026-08-28T04:00:00.000Z,2026-08-28T06:00:00,2026-08-28T04:15:00.000Z,164.48,Day Ahead Auction (DE-LU)
day_ahead,2026-08-28T04:15:00.000Z,2026-08-28T06:15:00,2026-08-28T04:30:00.000Z,172.23,Day Ahead Auction (DE-LU)
day_ahead,2026-08-28T04:30:00.000Z,2026-08-28T06:30:00,2026-08-28T04:45:00.000Z,174.29,Day Ahead Auction (DE-LU)
day_ahead,2026-08-28T04:45:00.000Z,2026-08-28T06:45:00,2026-08-28T05:00:00.000Z,173.03,Day Ahead Auction (DE-LU)
day_ahead,2026-08-28T05:00:00.000Z,2026-08-28T07:00:00,2026-08-28T05:15:00.000Z,179.81,Day Ahead Auction (DE-LU)
day_ahead,2026-08-28T05:15:00.000Z,2026-08-28T07:15:00,2026-08-28T05:30:00.000Z,180.26,Day Ahead Auction (DE-LU)
day_ahead,2026-08-28T05:30:00.000Z,2026-08-28T07:30:00,2026-08-28T05:45:00.000Z,177.41,Day Ahead Auction (DE-LU)
day_ahead,2026-08-28T05:45:00.000Z,2026-08-28T07:45:00,2026-08-28T06:00:00.000Z,174.44,Day Ahead Auction (DE-LU)
day_ahead,2026-08-28T06:00:00.000Z,2026-08-28T08:00:00,2026-08-28T06:15:00.000Z,187.4,Day Ahead Auction (DE-LU)
day_ahead,2026-08-28T06:15:00.000Z,2026-08-28T08:15:00,2026-08-28T06:30:00.000Z,172.74,Day Ahead Auction (DE-LU)
day_ahead,2026-08-28T06:30:00.000Z,2026-08-28T08:30:00,2026-08-28T06:45:00.000Z,162.59,Day Ahead Auction (DE-LU)
day_ahead,2026-08-28T06:45:00.000Z,2026-08-28T08:45:00,2026-08-28T07:00:00.000Z,155.15,Day Ahead Auction (DE-LU)
day_ahead,2026-08-28T07:00:00.000Z,2026-08-28T09:00:00,2026-08-28T07:15:00.000Z,161.87,Day Ahead Auction (DE-LU)
day_ahead,2026-08-28T07:15:00.000Z,2026-08-28T09:15:00,2026-08-28T07:30:00.000Z,161.77,Day Ahead Auction (DE-LU)
day_ahead,2026-08-28T07:30:00.000Z,2026-08-28T09:30:00,2026-08-28T07:45:00.000Z,151.21,Day Ahead Auction (DE-LU)
day_ahead,2026-08-28T07:45:00.000Z,2026-08-28T09:45:00,2026-08-28T08:00:00.000Z,145.76,Day Ahead Auction (DE-LU)
day_ahead,2026-08-28T08:00:00.000Z,2026-08-28T10:00:00,2026-08-28T08:15:00.000Z,155,Day Ahead Auction (DE-LU)
day_ahead,2026-08-28T08:15:00.000Z,2026-08-28T10:15:00,2026-08-28T08:30:00.000Z,142.59,Day Ahead Auction (DE-LU)
day_ahead,2026-08-28T08:30:00.000Z,2026-08-28T10:30:00,2026-08-28T08:45:00.000Z,130.66,Day Ahead Auction (DE-LU)
day_ahead,2026-08-28T08:45:00.000Z,2026-08-28T10:45:00,2026-08-28T09:00:00.000Z,122.31,Day Ahead Auction (DE-LU)
day_ahead,2026-08-28T09:00:00.000Z,2026-08-28T11:00:00,2026-08-28T09:15:00.000Z,129.06,Day Ahead Auction (DE-LU)
day_ahead,2026-08-28T09:15:00.000Z,2026-08-28T11:15:00,2026-08-28T09:30:00.000Z,122.65,Day Ahead Auction (DE-LU)
day_ahead,2026-08-28T09:30:00.000Z,2026-08-28T11:30:00,2026-08-28T09:45:00.000Z,117.81,Day Ahead Auction (DE-LU)
day_ahead,2026-08-28T09:45:00.000Z,2026-08-28T11:45:00,2026-08-28T10:00:00.000Z,116.81,Day Ahead Auction (DE-LU)
day_ahead,2026-08-28T10:00:00.000Z,2026-08-28T12:00:00,2026-08-28T10:15:00.000Z,112.08,Day Ahead Auction (DE-LU)
day_ahead,2026-08-28T10:15:00.000Z,2026-08-28T12:15:00,2026-08-28T10:30:00.000Z,108.98,Day Ahead Auction (DE-LU)
day_ahead,2026-08-28T10:30:00.000Z,2026-08-28T12:30:00,2026-08-28T10:45:00.000Z,112.94,Day Ahead Auction (DE-LU)
day_ahead,2026-08-28T10:45:00.000Z,2026-08-28T12:45:00,2026-08-28T11:00:00.000Z,109.56,Day Ahead Auction (DE-LU)
day_ahead,2026-08-28T11:00:00.000Z,2026-08-28T13:00:00,2026-08-28T11:15:00.000Z,98.45,Day Ahead Auction (DE-LU)
day_ahead,2026-08-28T11:15:00.000Z,2026-08-28T13:15:00,2026-08-28T11:30:00.000Z,93.85,Day Ahead Auction (DE-LU)
day_ahead,2026-08-28T11:30:00.000Z,2026-08-28T13:30:00,2026-08-28T11:45:00.000Z,100.58,Day Ahead Auction (DE-LU)
day_ahead,2026-08-28T11:45:00.000Z,2026-08-28T13:45:00,2026-08-28T12:00:00.000Z,92.07,Day Ahead Auction (DE-LU)
day_ahead,2026-08-28T12:00:00.000Z,2026-08-28T14:00:00,2026-08-28T12:15:00.000Z,102.01,Day Ahead Auction (DE-LU)
day_ahead,2026-08-28T12:15:00.000Z,2026-08-28T14:15:00,2026-08-28T12:30:00.000Z,100,Day Ahead Auction (DE-LU)
day_ahead,2026-08-28T12:30:00.000Z,2026-08-28T14:30:00,2026-08-28T12:45:00.000Z,106.26,Day Ahead Auction (DE-LU)
day_ahead,2026-08-28T12:45:00.000Z,2026-08-28T14:45:00,2026-08-28T13:00:00.000Z,107.73,Day Ahead Auction (DE-LU)
day_ahead,2026-08-28T13:00:00.000Z,2026-08-28T15:00:00,2026-08-28T13:15:00.000Z,109.55,Day Ahead Auction (DE-LU)
day_ahead,2026-08-28T13:15:00.000Z,2026-08-28T15:15:00,2026-08-28T13:30:00.000Z,112.23,Day Ahead Auction (DE-LU)
day_ahead,2026-08-28T13:30:00.000Z,2026-08-28T15:30:00,2026-08-28T13:45:00.000Z,116.41,Day Ahead Auction (DE-LU)
day_ahead,2026-08-28T13:45:00.000Z,2026-08-28T15:45:00,2026-08-28T14:00:00.000Z,119.29,Day Ahead Auction (DE-LU)
day_ahead,2026-08-28T14:00:00.000Z,2026-08-28T16:00:00,2026-08-28T14:15:00.000Z,111.35,Day Ahead Auction (DE-LU)
day_ahead,2026-08-28T14:15:00.000Z,2026-08-28T16:15:00,2026-08-28T14:30:00.000Z,118.32,Day Ahead Auction (DE-LU)
day_ahead,2026-08-28T14:30:00.000Z,2026-08-28T16:30:00,2026-08-28T14:45:00.000Z,122.23,Day Ahead Auction (DE-LU)
day_ahead,2026-08-28T14:45:00.000Z,2026-08-28T16:45:00,2026-08-28T15:00:00.000Z,126.34,Day Ahead Auction (DE-LU)
day_ahead,2026-08-28T15:00:00.000Z,2026-08-28T17:00:00,2026-08-28T15:15:00.000Z,116.99,Day Ahead Auction (DE-LU)
day_ahead,2026-08-28T15:15:00.000Z,2026-08-28T17:15:00,2026-08-28T15:30:00.000Z,135.97,Day Ahead Auction (DE-LU)
day_ahead,2026-08-28T15:30:00.000Z,2026-08-28T17:30:00,2026-08-28T15:45:00.000Z,156.76,Day Ahead Auction (DE-LU)
day_ahead,2026-08-28T15:45:00.000Z,2026-08-28T17:45:00,2026-08-28T16:00:00.000Z,163.09,Day Ahead Auction (DE-LU)
day_ahead,2026-08-28T16:00:00.000Z,2026-08-28T18:00:00,2026-08-28T16:15:00.000Z,144.39,Day Ahead Auction (DE-LU)
day_ahead,2026-08-28T16:15:00.000Z,2026-08-28T18:15:00,2026-08-28T16:30:00.000Z,160.89,Day Ahead Auction (DE-LU)
day_ahead,2026-08-28T16:30:00.000Z,2026-08-28T18:30:00,2026-08-28T16:45:00.000Z,167.3,Day Ahead Auction (DE-LU)
day_ahead,2026-08-28T16:45:00.000Z,2026-08-28T18:45:00,2026-08-28T17:00:00.000Z,169.34,Day Ahead Auction (DE-LU)
day_ahead,2026-08-28T17:00:00.000Z,2026-08-28T19:00:00,2026-08-28T17:15:00.000Z,154.89,Day Ahead Auction (DE-LU)
day_ahead,2026-08-28T17:15:00.000Z,2026-08-28T19:15:00,2026-08-28T17:30:00.000Z,165.82,Day Ahead Auction (DE-LU)
day_ahead,2026-08-28T17:30:00.000Z,2026-08-28T19:30:00,2026-08-28T17:45:00.000Z,175.5,Day Ahead Auction (DE-LU)
day_ahead,2026-08-28T17:45:00.000Z,2026-08-28T19:45:00,2026-08-28T18:00:00.000Z,193.95,Day Ahead Auction (DE-LU)
day_ahead,2026-08-28T18:00:00.000Z,2026-08-28T20:00:00,2026-08-28T18:15:00.000Z,174.88,Day Ahead Auction (DE-LU)
day_ahead,2026-08-28T18:15:00.000Z,2026-08-28T20:15:00,2026-08-28T18:30:00.000Z,177.73,Day Ahead Auction (DE-LU)
day_ahead,2026-08-28T18:30:00.000Z,2026-08-28T20:30:00,2026-08-28T18:45:00.000Z,180.83,Day Ahead Auction (DE-LU)
day_ahead,2026-08-28T18:45:00.000Z,2026-08-28T20:45:00,2026-08-28T19:00:00.000Z,173.64,Day Ahead Auction (DE-LU)
day_ahead,2026-08-28T19:00:00.000Z,2026-08-28T21:00:00,2026-08-28T19:15:00.000Z,176.3,Day Ahead Auction (DE-LU)
day_ahead,2026-08-28T19:15:00.000Z,2026-08-28T21:15:00,2026-08-28T19:30:00.000Z,168.12,Day Ahead Auction (DE-LU)
day_ahead,2026-08-28T19:30:00.000Z,2026-08-28T21:30:00,2026-08-28T19:45:00.000Z,166.01,Day Ahead Auction (DE-LU)
day_ahead,2026-08-28T19:45:00.000Z,2026-08-28T21:45:00,2026-08-28T20:00:00.000Z,154.01,Day Ahead Auction (DE-LU)
day_ahead,2026-08-28T20:00:00.000Z,2026-08-28T22:00:00,2026-08-28T20:15:00.000Z,171.44,Day Ahead Auction (DE-LU)
day_ahead,2026-08-28T20:15:00.000Z,2026-08-28T22:15:00,2026-08-28T20:30:00.000Z,162.3,Day Ahead Auction (DE-LU)
day_ahead,2026-08-28T20:30:00.000Z,2026-08-28T22:30:00,2026-08-28T20:45:00.000Z,161.4,Day Ahead Auction (DE-LU)
day_ahead,2026-08-28T20:45:00.000Z,2026-08-28T22:45:00,2026-08-28T21:00:00.000Z,150.64,Day Ahead Auction (DE-LU)
day_ahead,2026-08-28T21:00:00.000Z,2026-08-28T23:00:00,2026-08-28T21:15:00.000Z,157.08,Day Ahead Auction (DE-LU)
day_ahead,2026-08-28T21:15:00.000Z,2026-08-28T23:15:00,2026-08-28T21:30:00.000Z,150.8,Day Ahead Auction (DE-LU)
day_ahead,2026-08-28T21:30:00.000Z,2026-08-28T23:30:00,2026-08-28T21:45:00.000Z,141.55,Day Ahead Auction (DE-LU)
day_ahead,2026-08-28T21:45:00.000Z,2026-08-28T23:45:00,2026-08-28T22:00:00.000Z,131.1,Day Ahead Auction (DE-LU)
day_ahead,2026-08-28T22:00:00.000Z,2026-08-29T00:00:00,2026-08-28T22:15:00.000Z,141.58,Day Ahead Auction (DE-LU)
day_ahead,2026-08-28T22:15:00.000Z,2026-08-29T00:15:00,2026-08-28T22:30:00.000Z,135.4,Day Ahead Auction (DE-LU)
day_ahead,2026-08-28T22:30:00.000Z,2026-08-29T00:30:00,2026-08-28T22:45:00.000Z,127.97,Day Ahead Auction (DE-LU)
day_ahead,2026-08-28T22:45:00.000Z,2026-08-29T00:45:00,2026-08-28T23:00:00.000Z,117.12,Day Ahead Auction (DE-LU)
day_ahead,2026-08-28T23:00:00.000Z,2026-08-29T01:00:00,2026-08-28T23:15:00.000Z,117.5,Day Ahead Auction (DE-LU)
day_ahead,2026-08-28T23:15:00.000Z,2026-08-29T01:15:00,2026-08-28T23:30:00.000Z,114.51,Day Ahead Auction (DE-LU)
day_ahead,2026-08-28T23:30:00.000Z,2026-08-29T01:30:00,2026-08-28T23:45:00.000Z,110.37,Day Ahead Auction (DE-LU)
day_ahead,2026-08-28T23:45:00.000Z,2026-08-29T01:45:00,2026-08-29T00:00:00.000Z,107.04,Day Ahead Auction (DE-LU)
day_ahead,2026-08-29T00:00:00.000Z,2026-08-29T02:00:00,2026-08-29T00:15:00.000Z,107.51,Day Ahead Auction (DE-LU)
day_ahead,2026-08-29T00:15:00.000Z,2026-08-29T02:15:00,2026-08-29T00:30:00.000Z,101.93,Day Ahead Auction (DE-LU)
day_ahead,2026-08-29T00:30:00.000Z,2026-08-29T02:30:00,2026-08-29T00:45:00.000Z,100.07,Day Ahead Auction (DE-LU)
day_ahead,2026-08-29T00:45:00.000Z,2026-08-29T02:45:00,2026-08-29T01:00:00.000Z,91.68,Day Ahead Auction (DE-LU)
day_ahead,2026-08-29T01:00:00.000Z,2026-08-29T03:00:00,2026-08-29T01:15:00.000Z,97.47,Day Ahead Auction (DE-LU)
day_ahead,2026-08-29T01:15:00.000Z,2026-08-29T03:15:00,2026-08-29T01:30:00.000Z,91.82,Day Ahead Auction (DE-LU)
day_ahead,2026-08-29T01:30:00.000Z,2026-08-29T03:30:00,2026-08-29T01:45:00.000Z,91.19,Day Ahead Auction (DE-LU)
day_ahead,2026-08-29T01:45:00.000Z,2026-08-29T03:45:00,2026-08-29T02:00:00.000Z,92.52,Day Ahead Auction (DE-LU)
day_ahead,2026-08-29T02:00:00.000Z,2026-08-29T04:00:00,2026-08-29T02:15:00.000Z,96.99,Day Ahead Auction (DE-LU)
day_ahead,2026-08-29T02:15:00.000Z,2026-08-29T04:15:00,2026-08-29T02:30:00.000Z,93.91,Day Ahead Auction (DE-LU)
day_ahead,2026-08-29T02:30:00.000Z,2026-08-29T04:30:00,2026-08-29T02:45:00.000Z,91.6,Day Ahead Auction (DE-LU)
day_ahead,2026-08-29T02:45:00.000Z,2026-08-29T04:45:00,2026-08-29T03:00:00.000Z,89.52,Day Ahead Auction (DE-LU)
day_ahead,2026-08-29T03:00:00.000Z,2026-08-29T05:00:00,2026-08-29T03:15:00.000Z,99.26,Day Ahead Auction (DE-LU)
day_ahead,2026-08-29T03:15:00.000Z,2026-08-29T05:15:00,2026-08-29T03:30:00.000Z,95.12,Day Ahead Auction (DE-LU)
day_ahead,2026-08-29T03:30:00.000Z,2026-08-29T05:30:00,2026-08-29T03:45:00.000Z,95.23,Day Ahead Auction (DE-LU)
day_ahead,2026-08-29T03:45:00.000Z,2026-08-29T05:45:00,2026-08-29T04:00:00.000Z,96.71,Day Ahead Auction (DE-LU)
day_ahead,2026-08-29T04:00:00.000Z,2026-08-29T06:00:00,2026-08-29T04:15:00.000Z,97.2,Day Ahead Auction (DE-LU)
day_ahead,2026-08-29T04:15:00.000Z,2026-08-29T06:15:00,2026-08-29T04:30:00.000Z,97.47,Day Ahead Auction (DE-LU)
day_ahead,2026-08-29T04:30:00.000Z,2026-08-29T06:30:00,2026-08-29T04:45:00.000Z,97.19,Day Ahead Auction (DE-LU)
day_ahead,2026-08-29T04:45:00.000Z,2026-08-29T06:45:00,2026-08-29T05:00:00.000Z,96.68,Day Ahead Auction (DE-LU)
day_ahead,2026-08-29T05:00:00.000Z,2026-08-29T07:00:00,2026-08-29T05:15:00.000Z,107.2,Day Ahead Auction (DE-LU)
day_ahead,2026-08-29T05:15:00.000Z,2026-08-29T07:15:00,2026-08-29T05:30:00.000Z,103.88,Day Ahead Auction (DE-LU)
day_ahead,2026-08-29T05:30:00.000Z,2026-08-29T07:30:00,2026-08-29T05:45:00.000Z,100.79,Day Ahead Auction (DE-LU)
day_ahead,2026-08-29T05:45:00.000Z,2026-08-29T07:45:00,2026-08-29T06:00:00.000Z,93.09,Day Ahead Auction (DE-LU)
day_ahead,2026-08-29T06:00:00.000Z,2026-08-29T08:00:00,2026-08-29T06:15:00.000Z,106.11,Day Ahead Auction (DE-LU)
day_ahead,2026-08-29T06:15:00.000Z,2026-08-29T08:15:00,2026-08-29T06:30:00.000Z,83.69,Day Ahead Auction (DE-LU)
day_ahead,2026-08-29T06:30:00.000Z,2026-08-29T08:30:00,2026-08-29T06:45:00.000Z,41.79,Day Ahead Auction (DE-LU)
day_ahead,2026-08-29T06:45:00.000Z,2026-08-29T08:45:00,2026-08-29T07:00:00.000Z,10.09,Day Ahead Auction (DE-LU)
day_ahead,2026-08-29T07:00:00.000Z,2026-08-29T09:00:00,2026-08-29T07:15:00.000Z,18.4,Day Ahead Auction (DE-LU)
day_ahead,2026-08-29T07:15:00.000Z,2026-08-29T09:15:00,2026-08-29T07:30:00.000Z,0.06,Day Ahead Auction (DE-LU)
day_ahead,2026-08-29T07:30:00.000Z,2026-08-29T09:30:00,2026-08-29T07:45:00.000Z,-0.01,Day Ahead Auction (DE-LU)
day_ahead,2026-08-29T07:45:00.000Z,2026-08-29T09:45:00,2026-08-29T08:00:00.000Z,-0.15,Day Ahead Auction (DE-LU)
day_ahead,2026-08-29T08:00:00.000Z,2026-08-29T10:00:00,2026-08-29T08:15:00.000Z,-0.01,Day Ahead Auction (DE-LU)
day_ahead,2026-08-29T08:15:00.000Z,2026-08-29T10:15:00,2026-08-29T08:30:00.000Z,-0.1,Day Ahead Auction (DE-LU)
day_ahead,2026-08-29T08:30:00.000Z,2026-08-29T10:30:00,2026-08-29T08:45:00.000Z,-0.51,Day Ahead Auction (DE-LU)
day_ahead,2026-08-29T08:45:00.000Z,2026-08-29T10:45:00,2026-08-29T09:00:00.000Z,-0.75,Day Ahead Auction (DE-LU)
day_ahead,2026-08-29T09:00:00.000Z,2026-08-29T11:00:00,2026-08-29T09:15:00.000Z,-1.1,Day Ahead Auction (DE-LU)
day_ahead,2026-08-29T09:15:00.000Z,2026-08-29T11:15:00,2026-08-29T09:30:00.000Z,-1.35,Day Ahead Auction (DE-LU)
day_ahead,2026-08-29T09:30:00.000Z,2026-08-29T11:30:00,2026-08-29T09:45:00.000Z,-1.39,Day Ahead Auction (DE-LU)
day_ahead,2026-08-29T09:45:00.000Z,2026-08-29T11:45:00,2026-08-29T10:00:00.000Z,-1.58,Day Ahead Auction (DE-LU)
day_ahead,2026-08-29T10:00:00.000Z,2026-08-29T12:00:00,2026-08-29T10:15:00.000Z,-1.57,Day Ahead Auction (DE-LU)
day_ahead,2026-08-29T10:15:00.000Z,2026-08-29T12:15:00,2026-08-29T10:30:00.000Z,-1.78,Day Ahead Auction (DE-LU)
day_ahead,2026-08-29T10:30:00.000Z,2026-08-29T12:30:00,2026-08-29T10:45:00.000Z,-1.88,Day Ahead Auction (DE-LU)
day_ahead,2026-08-29T10:45:00.000Z,2026-08-29T12:45:00,2026-08-29T11:00:00.000Z,-2.02,Day Ahead Auction (DE-LU)
day_ahead,2026-08-29T11:00:00.000Z,2026-08-29T13:00:00,2026-08-29T11:15:00.000Z,-1.91,Day Ahead Auction (DE-LU)
day_ahead,2026-08-29T11:15:00.000Z,2026-08-29T13:15:00,2026-08-29T11:30:00.000Z,-1.89,Day Ahead Auction (DE-LU)
day_ahead,2026-08-29T11:30:00.000Z,2026-08-29T13:30:00,2026-08-29T11:45:00.000Z,-1.69,Day Ahead Auction (DE-LU)
day_ahead,2026-08-29T11:45:00.000Z,2026-08-29T13:45:00,2026-08-29T12:00:00.000Z,-1.56,Day Ahead Auction (DE-LU)
day_ahead,2026-08-29T12:00:00.000Z,2026-08-29T14:00:00,2026-08-29T12:15:00.000Z,-1.53,Day Ahead Auction (DE-LU)
day_ahead,2026-08-29T12:15:00.000Z,2026-08-29T14:15:00,2026-08-29T12:30:00.000Z,-1.29,Day Ahead Auction (DE-LU)
day_ahead,2026-08-29T12:30:00.000Z,2026-08-29T14:30:00,2026-08-29T12:45:00.000Z,-1,Day Ahead Auction (DE-LU)
day_ahead,2026-08-29T12:45:00.000Z,2026-08-29T14:45:00,2026-08-29T13:00:00.000Z,-0.88,Day Ahead Auction (DE-LU)
day_ahead,2026-08-29T13:00:00.000Z,2026-08-29T15:00:00,2026-08-29T13:15:00.000Z,-0.08,Day Ahead Auction (DE-LU)
day_ahead,2026-08-29T13:15:00.000Z,2026-08-29T15:15:00,2026-08-29T13:30:00.000Z,-0.01,Day Ahead Auction (DE-LU)
day_ahead,2026-08-29T13:30:00.000Z,2026-08-29T15:30:00,2026-08-29T13:45:00.000Z,0,Day Ahead Auction (DE-LU)
day_ahead,2026-08-29T13:45:00.000Z,2026-08-29T15:45:00,2026-08-29T14:00:00.000Z,0,Day Ahead Auction (DE-LU)
day_ahead,2026-08-29T14:00:00.000Z,2026-08-29T16:00:00,2026-08-29T14:15:00.000Z,0,Day Ahead Auction (DE-LU)
day_ahead,2026-08-29T14:15:00.000Z,2026-08-29T16:15:00,2026-08-29T14:30:00.000Z,1.66,Day Ahead Auction (DE-LU)
day_ahead,2026-08-29T14:30:00.000Z,2026-08-29T16:30:00,2026-08-29T14:45:00.000Z,30.88,Day Ahead Auction (DE-LU)
day_ahead,2026-08-29T14:45:00.000Z,2026-08-29T16:45:00,2026-08-29T15:00:00.000Z,65.78,Day Ahead Auction (DE-LU)
day_ahead,2026-08-29T15:00:00.000Z,2026-08-29T17:00:00,2026-08-29T15:15:00.000Z,51.44,Day Ahead Auction (DE-LU)
day_ahead,2026-08-29T15:15:00.000Z,2026-08-29T17:15:00,2026-08-29T15:30:00.000Z,100.78,Day Ahead Auction (DE-LU)
day_ahead,2026-08-29T15:30:00.000Z,2026-08-29T17:30:00,2026-08-29T15:45:00.000Z,131.42,Day Ahead Auction (DE-LU)
day_ahead,2026-08-29T15:45:00.000Z,2026-08-29T17:45:00,2026-08-29T16:00:00.000Z,168.33,Day Ahead Auction (DE-LU)
day_ahead,2026-08-29T16:00:00.000Z,2026-08-29T18:00:00,2026-08-29T16:15:00.000Z,146.48,Day Ahead Auction (DE-LU)
day_ahead,2026-08-29T16:15:00.000Z,2026-08-29T18:15:00,2026-08-29T16:30:00.000Z,152.72,Day Ahead Auction (DE-LU)
day_ahead,2026-08-29T16:30:00.000Z,2026-08-29T18:30:00,2026-08-29T16:45:00.000Z,185.46,Day Ahead Auction (DE-LU)
day_ahead,2026-08-29T16:45:00.000Z,2026-08-29T18:45:00,2026-08-29T17:00:00.000Z,201.35,Day Ahead Auction (DE-LU)
day_ahead,2026-08-29T17:00:00.000Z,2026-08-29T19:00:00,2026-08-29T17:15:00.000Z,183.9,Day Ahead Auction (DE-LU)
day_ahead,2026-08-29T17:15:00.000Z,2026-08-29T19:15:00,2026-08-29T17:30:00.000Z,191.92,Day Ahead Auction (DE-LU)
day_ahead,2026-08-29T17:30:00.000Z,2026-08-29T19:30:00,2026-08-29T17:45:00.000Z,205.57,Day Ahead Auction (DE-LU)
day_ahead,2026-08-29T17:45:00.000Z,2026-08-29T19:45:00,2026-08-29T18:00:00.000Z,214.47,Day Ahead Auction (DE-LU)
day_ahead,2026-08-29T18:00:00.000Z,2026-08-29T20:00:00,2026-08-29T18:15:00.000Z,217.5,Day Ahead Auction (DE-LU)
day_ahead,2026-08-29T18:15:00.000Z,2026-08-29T20:15:00,2026-08-29T18:30:00.000Z,198.94,Day Ahead Auction (DE-LU)
day_ahead,2026-08-29T18:30:00.000Z,2026-08-29T20:30:00,2026-08-29T18:45:00.000Z,181.76,Day Ahead Auction (DE-LU)
day_ahead,2026-08-29T18:45:00.000Z,2026-08-29T20:45:00,2026-08-29T19:00:00.000Z,180.92,Day Ahead Auction (DE-LU)
day_ahead,2026-08-29T19:00:00.000Z,2026-08-29T21:00:00,2026-08-29T19:15:00.000Z,205.71,Day Ahead Auction (DE-LU)
day_ahead,2026-08-29T19:15:00.000Z,2026-08-29T21:15:00,2026-08-29T19:30:00.000Z,179.29,Day Ahead Auction (DE-LU)
day_ahead,2026-08-29T19:30:00.000Z,2026-08-29T21:30:00,2026-08-29T19:45:00.000Z,166.74,Day Ahead Auction (DE-LU)
day_ahead,2026-08-29T19:45:00.000Z,2026-08-29T21:45:00,2026-08-29T20:00:00.000Z,158.33,Day Ahead Auction (DE-LU)
day_ahead,2026-08-29T20:00:00.000Z,2026-08-29T22:00:00,2026-08-29T20:15:00.000Z,181.9,Day Ahead Auction (DE-LU)
day_ahead,2026-08-29T20:15:00.000Z,2026-08-29T22:15:00,2026-08-29T20:30:00.000Z,162.32,Day Ahead Auction (DE-LU)
day_ahead,2026-08-29T20:30:00.000Z,2026-08-29T22:30:00,2026-08-29T20:45:00.000Z,158.1,Day Ahead Auction (DE-LU)
day_ahead,2026-08-29T20:45:00.000Z,2026-08-29T22:45:00,2026-08-29T21:00:00.000Z,151.65,Day Ahead Auction (DE-LU)
day_ahead,2026-08-29T21:00:00.000Z,2026-08-29T23:00:00,2026-08-29T21:15:00.000Z,150.77,Day Ahead Auction (DE-LU)
day_ahead,2026-08-29T21:15:00.000Z,2026-08-29T23:15:00,2026-08-29T21:30:00.000Z,146.47,Day Ahead Auction (DE-LU)
day_ahead,2026-08-29T21:30:00.000Z,2026-08-29T23:30:00,2026-08-29T21:45:00.000Z,145.54,Day Ahead Auction (DE-LU)
day_ahead,2026-08-29T21:45:00.000Z,2026-08-29T23:45:00,2026-08-29T22:00:00.000Z,139.68,Day Ahead Auction (DE-LU)
day_ahead,2026-08-29T22:00:00.000Z,2026-08-30T00:00:00,2026-08-29T22:15:00.000Z,135.07,Day Ahead Auction (DE-LU)
day_ahead,2026-08-29T22:15:00.000Z,2026-08-30T00:15:00,2026-08-29T22:30:00.000Z,124.31,Day Ahead Auction (DE-LU)
day_ahead,2026-08-29T22:30:00.000Z,2026-08-30T00:30:00,2026-08-29T22:45:00.000Z,110.72,Day Ahead Auction (DE-LU)
day_ahead,2026-08-29T22:45:00.000Z,2026-08-30T00:45:00,2026-08-29T23:00:00.000Z,99.62,Day Ahead Auction (DE-LU)
day_ahead,2026-08-29T23:00:00.000Z,2026-08-30T01:00:00,2026-08-29T23:15:00.000Z,108.66,Day Ahead Auction (DE-LU)
day_ahead,2026-08-29T23:15:00.000Z,2026-08-30T01:15:00,2026-08-29T23:30:00.000Z,103.92,Day Ahead Auction (DE-LU)
day_ahead,2026-08-29T23:30:00.000Z,2026-08-30T01:30:00,2026-08-29T23:45:00.000Z,101.17,Day Ahead Auction (DE-LU)
day_ahead,2026-08-29T23:45:00.000Z,2026-08-30T01:45:00,2026-08-30T00:00:00.000Z,96.6,Day Ahead Auction (DE-LU)
day_ahead,2026-08-30T00:00:00.000Z,2026-08-30T02:00:00,2026-08-30T00:15:00.000Z,98.6,Day Ahead Auction (DE-LU)
day_ahead,2026-08-30T00:15:00.000Z,2026-08-30T02:15:00,2026-08-30T00:30:00.000Z,88.17,Day Ahead Auction (DE-LU)
day_ahead,2026-08-30T00:30:00.000Z,2026-08-30T02:30:00,2026-08-30T00:45:00.000Z,80.99,Day Ahead Auction (DE-LU)
day_ahead,2026-08-30T00:45:00.000Z,2026-08-30T02:45:00,2026-08-30T01:00:00.000Z,76.38,Day Ahead Auction (DE-LU)
day_ahead,2026-08-30T01:00:00.000Z,2026-08-30T03:00:00,2026-08-30T01:15:00.000Z,89.37,Day Ahead Auction (DE-LU)
day_ahead,2026-08-30T01:15:00.000Z,2026-08-30T03:15:00,2026-08-30T01:30:00.000Z,79.85,Day Ahead Auction (DE-LU)
day_ahead,2026-08-30T01:30:00.000Z,2026-08-30T03:30:00,2026-08-30T01:45:00.000Z,75.68,Day Ahead Auction (DE-LU)
day_ahead,2026-08-30T01:45:00.000Z,2026-08-30T03:45:00,2026-08-30T02:00:00.000Z,66.85,Day Ahead Auction (DE-LU)
day_ahead,2026-08-30T02:00:00.000Z,2026-08-30T04:00:00,2026-08-30T02:15:00.000Z,71.26,Day Ahead Auction (DE-LU)
day_ahead,2026-08-30T02:15:00.000Z,2026-08-30T04:15:00,2026-08-30T02:30:00.000Z,67.43,Day Ahead Auction (DE-LU)
day_ahead,2026-08-30T02:30:00.000Z,2026-08-30T04:30:00,2026-08-30T02:45:00.000Z,68.94,Day Ahead Auction (DE-LU)
day_ahead,2026-08-30T02:45:00.000Z,2026-08-30T04:45:00,2026-08-30T03:00:00.000Z,69.88,Day Ahead Auction (DE-LU)
day_ahead,2026-08-30T03:00:00.000Z,2026-08-30T05:00:00,2026-08-30T03:15:00.000Z,74.01,Day Ahead Auction (DE-LU)
day_ahead,2026-08-30T03:15:00.000Z,2026-08-30T05:15:00,2026-08-30T03:30:00.000Z,71.36,Day Ahead Auction (DE-LU)
day_ahead,2026-08-30T03:30:00.000Z,2026-08-30T05:30:00,2026-08-30T03:45:00.000Z,72.66,Day Ahead Auction (DE-LU)
day_ahead,2026-08-30T03:45:00.000Z,2026-08-30T05:45:00,2026-08-30T04:00:00.000Z,73.82,Day Ahead Auction (DE-LU)
day_ahead,2026-08-30T04:00:00.000Z,2026-08-30T06:00:00,2026-08-30T04:15:00.000Z,67.01,Day Ahead Auction (DE-LU)
day_ahead,2026-08-30T04:15:00.000Z,2026-08-30T06:15:00,2026-08-30T04:30:00.000Z,70.42,Day Ahead Auction (DE-LU)
day_ahead,2026-08-30T04:30:00.000Z,2026-08-30T06:30:00,2026-08-30T04:45:00.000Z,72.91,Day Ahead Auction (DE-LU)
day_ahead,2026-08-30T04:45:00.000Z,2026-08-30T06:45:00,2026-08-30T05:00:00.000Z,73.24,Day Ahead Auction (DE-LU)
day_ahead,2026-08-30T05:00:00.000Z,2026-08-30T07:00:00,2026-08-30T05:15:00.000Z,75.74,Day Ahead Auction (DE-LU)
day_ahead,2026-08-30T05:15:00.000Z,2026-08-30T07:15:00,2026-08-30T05:30:00.000Z,62.34,Day Ahead Auction (DE-LU)
day_ahead,2026-08-30T05:30:00.000Z,2026-08-30T07:30:00,2026-08-30T05:45:00.000Z,55.88,Day Ahead Auction (DE-LU)
day_ahead,2026-08-30T05:45:00.000Z,2026-08-30T07:45:00,2026-08-30T06:00:00.000Z,42.22,Day Ahead Auction (DE-LU)
day_ahead,2026-08-30T06:00:00.000Z,2026-08-30T08:00:00,2026-08-30T06:15:00.000Z,35,Day Ahead Auction (DE-LU)
day_ahead,2026-08-30T06:15:00.000Z,2026-08-30T08:15:00,2026-08-30T06:30:00.000Z,20.02,Day Ahead Auction (DE-LU)
day_ahead,2026-08-30T06:30:00.000Z,2026-08-30T08:30:00,2026-08-30T06:45:00.000Z,8.83,Day Ahead Auction (DE-LU)
day_ahead,2026-08-30T06:45:00.000Z,2026-08-30T08:45:00,2026-08-30T07:00:00.000Z,0.09,Day Ahead Auction (DE-LU)
day_ahead,2026-08-30T07:00:00.000Z,2026-08-30T09:00:00,2026-08-30T07:15:00.000Z,0.85,Day Ahead Auction (DE-LU)
day_ahead,2026-08-30T07:15:00.000Z,2026-08-30T09:15:00,2026-08-30T07:30:00.000Z,0,Day Ahead Auction (DE-LU)
day_ahead,2026-08-30T07:30:00.000Z,2026-08-30T09:30:00,2026-08-30T07:45:00.000Z,-0.08,Day Ahead Auction (DE-LU)
day_ahead,2026-08-30T07:45:00.000Z,2026-08-30T09:45:00,2026-08-30T08:00:00.000Z,-0.82,Day Ahead Auction (DE-LU)
day_ahead,2026-08-30T08:00:00.000Z,2026-08-30T10:00:00,2026-08-30T08:15:00.000Z,-0.08,Day Ahead Auction (DE-LU)
day_ahead,2026-08-30T08:15:00.000Z,2026-08-30T10:15:00,2026-08-30T08:30:00.000Z,-0.09,Day Ahead Auction (DE-LU)
day_ahead,2026-08-30T08:30:00.000Z,2026-08-30T10:30:00,2026-08-30T08:45:00.000Z,-0.12,Day Ahead Auction (DE-LU)
day_ahead,2026-08-30T08:45:00.000Z,2026-08-30T10:45:00,2026-08-30T09:00:00.000Z,-0.12,Day Ahead Auction (DE-LU)
day_ahead,2026-08-30T09:00:00.000Z,2026-08-30T11:00:00,2026-08-30T09:15:00.000Z,-0.15,Day Ahead Auction (DE-LU)
day_ahead,2026-08-30T09:15:00.000Z,2026-08-30T11:15:00,2026-08-30T09:30:00.000Z,-0.14,Day Ahead Auction (DE-LU)
day_ahead,2026-08-30T09:30:00.000Z,2026-08-30T11:30:00,2026-08-30T09:45:00.000Z,-0.15,Day Ahead Auction (DE-LU)
day_ahead,2026-08-30T09:45:00.000Z,2026-08-30T11:45:00,2026-08-30T10:00:00.000Z,-0.17,Day Ahead Auction (DE-LU)
day_ahead,2026-08-30T10:00:00.000Z,2026-08-30T12:00:00,2026-08-30T10:15:00.000Z,-0.99,Day Ahead Auction (DE-LU)
day_ahead,2026-08-30T10:15:00.000Z,2026-08-30T12:15:00,2026-08-30T10:30:00.000Z,-1,Day Ahead Auction (DE-LU)
day_ahead,2026-08-30T10:30:00.000Z,2026-08-30T12:30:00,2026-08-30T10:45:00.000Z,-1,Day Ahead Auction (DE-LU)
day_ahead,2026-08-30T10:45:00.000Z,2026-08-30T12:45:00,2026-08-30T11:00:00.000Z,-1.09,Day Ahead Auction (DE-LU)
day_ahead,2026-08-30T11:00:00.000Z,2026-08-30T13:00:00,2026-08-30T11:15:00.000Z,-1.02,Day Ahead Auction (DE-LU)
day_ahead,2026-08-30T11:15:00.000Z,2026-08-30T13:15:00,2026-08-30T11:30:00.000Z,-1.04,Day Ahead Auction (DE-LU)
day_ahead,2026-08-30T11:30:00.000Z,2026-08-30T13:30:00,2026-08-30T11:45:00.000Z,-1.06,Day Ahead Auction (DE-LU)
day_ahead,2026-08-30T11:45:00.000Z,2026-08-30T13:45:00,2026-08-30T12:00:00.000Z,-1.09,Day Ahead Auction (DE-LU)
day_ahead,2026-08-30T12:00:00.000Z,2026-08-30T14:00:00,2026-08-30T12:15:00.000Z,-1.19,Day Ahead Auction (DE-LU)
day_ahead,2026-08-30T12:15:00.000Z,2026-08-30T14:15:00,2026-08-30T12:30:00.000Z,-1.03,Day Ahead Auction (DE-LU)
day_ahead,2026-08-30T12:30:00.000Z,2026-08-30T14:30:00,2026-08-30T12:45:00.000Z,-1,Day Ahead Auction (DE-LU)
day_ahead,2026-08-30T12:45:00.000Z,2026-08-30T14:45:00,2026-08-30T13:00:00.000Z,-1,Day Ahead Auction (DE-LU)
day_ahead,2026-08-30T13:00:00.000Z,2026-08-30T15:00:00,2026-08-30T13:15:00.000Z,-0.14,Day Ahead Auction (DE-LU)
day_ahead,2026-08-30T13:15:00.000Z,2026-08-30T15:15:00,2026-08-30T13:30:00.000Z,-0.12,Day Ahead Auction (DE-LU)
day_ahead,2026-08-30T13:30:00.000Z,2026-08-30T15:30:00,2026-08-30T13:45:00.000Z,-0.12,Day Ahead Auction (DE-LU)
day_ahead,2026-08-30T13:45:00.000Z,2026-08-30T15:45:00,2026-08-30T14:00:00.000Z,-0.11,Day Ahead Auction (DE-LU)
day_ahead,2026-08-30T14:00:00.000Z,2026-08-30T16:00:00,2026-08-30T14:15:00.000Z,-0.45,Day Ahead Auction (DE-LU)
day_ahead,2026-08-30T14:15:00.000Z,2026-08-30T16:15:00,2026-08-30T14:30:00.000Z,-0.1,Day Ahead Auction (DE-LU)
day_ahead,2026-08-30T14:30:00.000Z,2026-08-30T16:30:00,2026-08-30T14:45:00.000Z,-0.01,Day Ahead Auction (DE-LU)
day_ahead,2026-08-30T14:45:00.000Z,2026-08-30T16:45:00,2026-08-30T15:00:00.000Z,0.52,Day Ahead Auction (DE-LU)
day_ahead,2026-08-30T15:00:00.000Z,2026-08-30T17:00:00,2026-08-30T15:15:00.000Z,4.15,Day Ahead Auction (DE-LU)
day_ahead,2026-08-30T15:15:00.000Z,2026-08-30T17:15:00,2026-08-30T15:30:00.000Z,33.64,Day Ahead Auction (DE-LU)
day_ahead,2026-08-30T15:30:00.000Z,2026-08-30T17:30:00,2026-08-30T15:45:00.000Z,74.59,Day Ahead Auction (DE-LU)
day_ahead,2026-08-30T15:45:00.000Z,2026-08-30T17:45:00,2026-08-30T16:00:00.000Z,137.41,Day Ahead Auction (DE-LU)
day_ahead,2026-08-30T16:00:00.000Z,2026-08-30T18:00:00,2026-08-30T16:15:00.000Z,110.7,Day Ahead Auction (DE-LU)
day_ahead,2026-08-30T16:15:00.000Z,2026-08-30T18:15:00,2026-08-30T16:30:00.000Z,161.07,Day Ahead Auction (DE-LU)
day_ahead,2026-08-30T16:30:00.000Z,2026-08-30T18:30:00,2026-08-30T16:45:00.000Z,181.26,Day Ahead Auction (DE-LU)
day_ahead,2026-08-30T16:45:00.000Z,2026-08-30T18:45:00,2026-08-30T17:00:00.000Z,200.54,Day Ahead Auction (DE-LU)
day_ahead,2026-08-30T17:00:00.000Z,2026-08-30T19:00:00,2026-08-30T17:15:00.000Z,169.46,Day Ahead Auction (DE-LU)
day_ahead,2026-08-30T17:15:00.000Z,2026-08-30T19:15:00,2026-08-30T17:30:00.000Z,180.69,Day Ahead Auction (DE-LU)
day_ahead,2026-08-30T17:30:00.000Z,2026-08-30T19:30:00,2026-08-30T17:45:00.000Z,187.98,Day Ahead Auction (DE-LU)
day_ahead,2026-08-30T17:45:00.000Z,2026-08-30T19:45:00,2026-08-30T18:00:00.000Z,198.53,Day Ahead Auction (DE-LU)
day_ahead,2026-08-30T18:00:00.000Z,2026-08-30T20:00:00,2026-08-30T18:15:00.000Z,174.45,Day Ahead Auction (DE-LU)
day_ahead,2026-08-30T18:15:00.000Z,2026-08-30T20:15:00,2026-08-30T18:30:00.000Z,184.63,Day Ahead Auction (DE-LU)
day_ahead,2026-08-30T18:30:00.000Z,2026-08-30T20:30:00,2026-08-30T18:45:00.000Z,201.43,Day Ahead Auction (DE-LU)
day_ahead,2026-08-30T18:45:00.000Z,2026-08-30T20:45:00,2026-08-30T19:00:00.000Z,212.27,Day Ahead Auction (DE-LU)
day_ahead,2026-08-30T19:00:00.000Z,2026-08-30T21:00:00,2026-08-30T19:15:00.000Z,203.93,Day Ahead Auction (DE-LU)
day_ahead,2026-08-30T19:15:00.000Z,2026-08-30T21:15:00,2026-08-30T19:30:00.000Z,200.01,Day Ahead Auction (DE-LU)
day_ahead,2026-08-30T19:30:00.000Z,2026-08-30T21:30:00,2026-08-30T19:45:00.000Z,187.92,Day Ahead Auction (DE-LU)
day_ahead,2026-08-30T19:45:00.000Z,2026-08-30T21:45:00,2026-08-30T20:00:00.000Z,179.83,Day Ahead Auction (DE-LU)
day_ahead,2026-08-30T20:00:00.000Z,2026-08-30T22:00:00,2026-08-30T20:15:00.000Z,189.32,Day Ahead Auction (DE-LU)
day_ahead,2026-08-30T20:15:00.000Z,2026-08-30T22:15:00,2026-08-30T20:30:00.000Z,180.06,Day Ahead Auction (DE-LU)
day_ahead,2026-08-30T20:30:00.000Z,2026-08-30T22:30:00,2026-08-30T20:45:00.000Z,181.03,Day Ahead Auction (DE-LU)
day_ahead,2026-08-30T20:45:00.000Z,2026-08-30T22:45:00,2026-08-30T21:00:00.000Z,175.34,Day Ahead Auction (DE-LU)
day_ahead,2026-08-30T21:00:00.000Z,2026-08-30T23:00:00,2026-08-30T21:15:00.000Z,178.71,Day Ahead Auction (DE-LU)
day_ahead,2026-08-30T21:15:00.000Z,2026-08-30T23:15:00,2026-08-30T21:30:00.000Z,167.37,Day Ahead Auction (DE-LU)
day_ahead,2026-08-30T21:30:00.000Z,2026-08-30T23:30:00,2026-08-30T21:45:00.000Z,166.57,Day Ahead Auction (DE-LU)
day_ahead,2026-08-30T21:45:00.000Z,2026-08-30T23:45:00,2026-08-30T22:00:00.000Z,162.5,Day Ahead Auction (DE-LU)
ida1,2026-08-23T22:00:00.000Z,2026-08-24T00:00:00,2026-08-23T22:15:00.000Z,156.8,"Pan-European Intraday auction, 15 minutes IDA1 price (DE-LU)"
ida1,2026-08-23T22:15:00.000Z,2026-08-24T00:15:00,2026-08-23T22:30:00.000Z,151.81,"Pan-European Intraday auction, 15 minutes IDA1 price (DE-LU)"
ida1,2026-08-23T22:30:00.000Z,2026-08-24T00:30:00,2026-08-23T22:45:00.000Z,146.56,"Pan-European Intraday auction, 15 minutes IDA1 price (DE-LU)"
ida1,2026-08-23T22:45:00.000Z,2026-08-24T00:45:00,2026-08-23T23:00:00.000Z,139.12,"Pan-European Intraday auction, 15 minutes IDA1 price (DE-LU)"
ida1,2026-08-23T23:00:00.000Z,2026-08-24T01:00:00,2026-08-23T23:15:00.000Z,149.99,"Pan-European Intraday auction, 15 minutes IDA1 price (DE-LU)"
ida1,2026-08-23T23:15:00.000Z,2026-08-24T01:15:00,2026-08-23T23:30:00.000Z,143.21,"Pan-European Intraday auction, 15 minutes IDA1 price (DE-LU)"
ida1,2026-08-23T23:30:00.000Z,2026-08-24T01:30:00,2026-08-23T23:45:00.000Z,141.75,"Pan-European Intraday auction, 15 minutes IDA1 price (DE-LU)"
ida1,2026-08-23T23:45:00.000Z,2026-08-24T01:45:00,2026-08-24T00:00:00.000Z,145,"Pan-European Intraday auction, 15 minutes IDA1 price (DE-LU)"
ida1,2026-08-24T00:00:00.000Z,2026-08-24T02:00:00,2026-08-24T00:15:00.000Z,144.29,"Pan-European Intraday auction, 15 minutes IDA1 price (DE-LU)"
ida1,2026-08-24T00:15:00.000Z,2026-08-24T02:15:00,2026-08-24T00:30:00.000Z,141.15,"Pan-European Intraday auction, 15 minutes IDA1 price (DE-LU)"
ida1,2026-08-24T00:30:00.000Z,2026-08-24T02:30:00,2026-08-24T00:45:00.000Z,141.34,"Pan-European Intraday auction, 15 minutes IDA1 price (DE-LU)"
ida1,2026-08-24T00:45:00.000Z,2026-08-24T02:45:00,2026-08-24T01:00:00.000Z,143.82,"Pan-European Intraday auction, 15 minutes IDA1 price (DE-LU)"
ida1,2026-08-24T01:00:00.000Z,2026-08-24T03:00:00,2026-08-24T01:15:00.000Z,141.31,"Pan-European Intraday auction, 15 minutes IDA1 price (DE-LU)"
ida1,2026-08-24T01:15:00.000Z,2026-08-24T03:15:00,2026-08-24T01:30:00.000Z,141.82,"Pan-European Intraday auction, 15 minutes IDA1 price (DE-LU)"
ida1,2026-08-24T01:30:00.000Z,2026-08-24T03:30:00,2026-08-24T01:45:00.000Z,144.23,"Pan-European Intraday auction, 15 minutes IDA1 price (DE-LU)"
ida1,2026-08-24T01:45:00.000Z,2026-08-24T03:45:00,2026-08-24T02:00:00.000Z,146.69,"Pan-European Intraday auction, 15 minutes IDA1 price (DE-LU)"
ida1,2026-08-24T02:00:00.000Z,2026-08-24T04:00:00,2026-08-24T02:15:00.000Z,146.25,"Pan-European Intraday auction, 15 minutes IDA1 price (DE-LU)"
ida1,2026-08-24T02:15:00.000Z,2026-08-24T04:15:00,2026-08-24T02:30:00.000Z,147.3,"Pan-European Intraday auction, 15 minutes IDA1 price (DE-LU)"
ida1,2026-08-24T02:30:00.000Z,2026-08-24T04:30:00,2026-08-24T02:45:00.000Z,148.03,"Pan-European Intraday auction, 15 minutes IDA1 price (DE-LU)"
ida1,2026-08-24T02:45:00.000Z,2026-08-24T04:45:00,2026-08-24T03:00:00.000Z,150.62,"Pan-European Intraday auction, 15 minutes IDA1 price (DE-LU)"
ida1,2026-08-24T03:00:00.000Z,2026-08-24T05:00:00,2026-08-24T03:15:00.000Z,150.88,"Pan-European Intraday auction, 15 minutes IDA1 price (DE-LU)"
ida1,2026-08-24T03:15:00.000Z,2026-08-24T05:15:00,2026-08-24T03:30:00.000Z,160.4,"Pan-European Intraday auction, 15 minutes IDA1 price (DE-LU)"
ida1,2026-08-24T03:30:00.000Z,2026-08-24T05:30:00,2026-08-24T03:45:00.000Z,169.47,"Pan-European Intraday auction, 15 minutes IDA1 price (DE-LU)"
ida1,2026-08-24T03:45:00.000Z,2026-08-24T05:45:00,2026-08-24T04:00:00.000Z,179.21,"Pan-European Intraday auction, 15 minutes IDA1 price (DE-LU)"
ida1,2026-08-24T04:00:00.000Z,2026-08-24T06:00:00,2026-08-24T04:15:00.000Z,180.87,"Pan-European Intraday auction, 15 minutes IDA1 price (DE-LU)"
ida1,2026-08-24T04:15:00.000Z,2026-08-24T06:15:00,2026-08-24T04:30:00.000Z,194.79,"Pan-European Intraday auction, 15 minutes IDA1 price (DE-LU)"
ida1,2026-08-24T04:30:00.000Z,2026-08-24T06:30:00,2026-08-24T04:45:00.000Z,205.33,"Pan-European Intraday auction, 15 minutes IDA1 price (DE-LU)"
ida1,2026-08-24T04:45:00.000Z,2026-08-24T06:45:00,2026-08-24T05:00:00.000Z,210.12,"Pan-European Intraday auction, 15 minutes IDA1 price (DE-LU)"
ida1,2026-08-24T05:00:00.000Z,2026-08-24T07:00:00,2026-08-24T05:15:00.000Z,217.04,"Pan-European Intraday auction, 15 minutes IDA1 price (DE-LU)"
ida1,2026-08-24T05:15:00.000Z,2026-08-24T07:15:00,2026-08-24T05:30:00.000Z,208.74,"Pan-European Intraday auction, 15 minutes IDA1 price (DE-LU)"
ida1,2026-08-24T05:30:00.000Z,2026-08-24T07:30:00,2026-08-24T05:45:00.000Z,195.16,"Pan-European Intraday auction, 15 minutes IDA1 price (DE-LU)"
ida1,2026-08-24T05:45:00.000Z,2026-08-24T07:45:00,2026-08-24T06:00:00.000Z,177.09,"Pan-European Intraday auction, 15 minutes IDA1 price (DE-LU)"
ida1,2026-08-24T06:00:00.000Z,2026-08-24T08:00:00,2026-08-24T06:15:00.000Z,186.98,"Pan-European Intraday auction, 15 minutes IDA1 price (DE-LU)"
ida1,2026-08-24T06:15:00.000Z,2026-08-24T08:15:00,2026-08-24T06:30:00.000Z,175.37,"Pan-European Intraday auction, 15 minutes IDA1 price (DE-LU)"
ida1,2026-08-24T06:30:00.000Z,2026-08-24T08:30:00,2026-08-24T06:45:00.000Z,168.19,"Pan-European Intraday auction, 15 minutes IDA1 price (DE-LU)"
ida1,2026-08-24T06:45:00.000Z,2026-08-24T08:45:00,2026-08-24T07:00:00.000Z,152.16,"Pan-European Intraday auction, 15 minutes IDA1 price (DE-LU)"
ida1,2026-08-24T07:00:00.000Z,2026-08-24T09:00:00,2026-08-24T07:15:00.000Z,169.98,"Pan-European Intraday auction, 15 minutes IDA1 price (DE-LU)"
ida1,2026-08-24T07:15:00.000Z,2026-08-24T09:15:00,2026-08-24T07:30:00.000Z,150.63,"Pan-European Intraday auction, 15 minutes IDA1 price (DE-LU)"
ida1,2026-08-24T07:30:00.000Z,2026-08-24T09:30:00,2026-08-24T07:45:00.000Z,127.67,"Pan-European Intraday auction, 15 minutes IDA1 price (DE-LU)"
ida1,2026-08-24T07:45:00.000Z,2026-08-24T09:45:00,2026-08-24T08:00:00.000Z,116.04,"Pan-European Intraday auction, 15 minutes IDA1 price (DE-LU)"
ida1,2026-08-24T08:00:00.000Z,2026-08-24T10:00:00,2026-08-24T08:15:00.000Z,131.29,"Pan-European Intraday auction, 15 minutes IDA1 price (DE-LU)"
ida1,2026-08-24T08:15:00.000Z,2026-08-24T10:15:00,2026-08-24T08:30:00.000Z,118.24,"Pan-European Intraday auction, 15 minutes IDA1 price (DE-LU)"
ida1,2026-08-24T08:30:00.000Z,2026-08-24T10:30:00,2026-08-24T08:45:00.000Z,110.23,"Pan-European Intraday auction, 15 minutes IDA1 price (DE-LU)"
ida1,2026-08-24T08:45:00.000Z,2026-08-24T10:45:00,2026-08-24T09:00:00.000Z,93.49,"Pan-European Intraday auction, 15 minutes IDA1 price (DE-LU)"
ida1,2026-08-24T09:00:00.000Z,2026-08-24T11:00:00,2026-08-24T09:15:00.000Z,93.06,"Pan-European Intraday auction, 15 minutes IDA1 price (DE-LU)"
ida1,2026-08-24T09:15:00.000Z,2026-08-24T11:15:00,2026-08-24T09:30:00.000Z,77.69,"Pan-European Intraday auction, 15 minutes IDA1 price (DE-LU)"
ida1,2026-08-24T09:30:00.000Z,2026-08-24T11:30:00,2026-08-24T09:45:00.000Z,70.41,"Pan-European Intraday auction, 15 minutes IDA1 price (DE-LU)"
ida1,2026-08-24T09:45:00.000Z,2026-08-24T11:45:00,2026-08-24T10:00:00.000Z,60.04,"Pan-European Intraday auction, 15 minutes IDA1 price (DE-LU)"
ida1,2026-08-24T10:00:00.000Z,2026-08-24T12:00:00,2026-08-24T10:15:00.000Z,64.99,"Pan-European Intraday auction, 15 minutes IDA1 price (DE-LU)"
ida1,2026-08-24T10:15:00.000Z,2026-08-24T12:15:00,2026-08-24T10:30:00.000Z,56.62,"Pan-European Intraday auction, 15 minutes IDA1 price (DE-LU)"
ida1,2026-08-24T10:30:00.000Z,2026-08-24T12:30:00,2026-08-24T10:45:00.000Z,57.8,"Pan-European Intraday auction, 15 minutes IDA1 price (DE-LU)"
ida1,2026-08-24T10:45:00.000Z,2026-08-24T12:45:00,2026-08-24T11:00:00.000Z,52.01,"Pan-European Intraday auction, 15 minutes IDA1 price (DE-LU)"
ida1,2026-08-24T11:00:00.000Z,2026-08-24T13:00:00,2026-08-24T11:15:00.000Z,52.26,"Pan-European Intraday auction, 15 minutes IDA1 price (DE-LU)"
ida1,2026-08-24T11:15:00.000Z,2026-08-24T13:15:00,2026-08-24T11:30:00.000Z,50.08,"Pan-European Intraday auction, 15 minutes IDA1 price (DE-LU)"
ida1,2026-08-24T11:30:00.000Z,2026-08-24T13:30:00,2026-08-24T11:45:00.000Z,45.99,"Pan-European Intraday auction, 15 minutes IDA1 price (DE-LU)"
ida1,2026-08-24T11:45:00.000Z,2026-08-24T13:45:00,2026-08-24T12:00:00.000Z,38.46,"Pan-European Intraday auction, 15 minutes IDA1 price (DE-LU)"
ida1,2026-08-24T12:00:00.000Z,2026-08-24T14:00:00,2026-08-24T12:15:00.000Z,39.5,"Pan-European Intraday auction, 15 minutes IDA1 price (DE-LU)"
ida1,2026-08-24T12:15:00.000Z,2026-08-24T14:15:00,2026-08-24T12:30:00.000Z,45.8,"Pan-European Intraday auction, 15 minutes IDA1 price (DE-LU)"
ida1,2026-08-24T12:30:00.000Z,2026-08-24T14:30:00,2026-08-24T12:45:00.000Z,45.07,"Pan-European Intraday auction, 15 minutes IDA1 price (DE-LU)"
ida1,2026-08-24T12:45:00.000Z,2026-08-24T14:45:00,2026-08-24T13:00:00.000Z,69.38,"Pan-European Intraday auction, 15 minutes IDA1 price (DE-LU)"
ida1,2026-08-24T13:00:00.000Z,2026-08-24T15:00:00,2026-08-24T13:15:00.000Z,61.01,"Pan-European Intraday auction, 15 minutes IDA1 price (DE-LU)"
ida1,2026-08-24T13:15:00.000Z,2026-08-24T15:15:00,2026-08-24T13:30:00.000Z,66.51,"Pan-European Intraday auction, 15 minutes IDA1 price (DE-LU)"
ida1,2026-08-24T13:30:00.000Z,2026-08-24T15:30:00,2026-08-24T13:45:00.000Z,78.34,"Pan-European Intraday auction, 15 minutes IDA1 price (DE-LU)"
ida1,2026-08-24T13:45:00.000Z,2026-08-24T15:45:00,2026-08-24T14:00:00.000Z,91.68,"Pan-European Intraday auction, 15 minutes IDA1 price (DE-LU)"
ida1,2026-08-24T14:00:00.000Z,2026-08-24T16:00:00,2026-08-24T14:15:00.000Z,87.93,"Pan-European Intraday auction, 15 minutes IDA1 price (DE-LU)"
ida1,2026-08-24T14:15:00.000Z,2026-08-24T16:15:00,2026-08-24T14:30:00.000Z,97.42,"Pan-European Intraday auction, 15 minutes IDA1 price (DE-LU)"
ida1,2026-08-24T14:30:00.000Z,2026-08-24T16:30:00,2026-08-24T14:45:00.000Z,110.7,"Pan-European Intraday auction, 15 minutes IDA1 price (DE-LU)"
ida1,2026-08-24T14:45:00.000Z,2026-08-24T16:45:00,2026-08-24T15:00:00.000Z,123.25,"Pan-European Intraday auction, 15 minutes IDA1 price (DE-LU)"
ida1,2026-08-24T15:00:00.000Z,2026-08-24T17:00:00,2026-08-24T15:15:00.000Z,109.83,"Pan-European Intraday auction, 15 minutes IDA1 price (DE-LU)"
ida1,2026-08-24T15:15:00.000Z,2026-08-24T17:15:00,2026-08-24T15:30:00.000Z,127,"Pan-European Intraday auction, 15 minutes IDA1 price (DE-LU)"
ida1,2026-08-24T15:30:00.000Z,2026-08-24T17:30:00,2026-08-24T15:45:00.000Z,149.36,"Pan-European Intraday auction, 15 minutes IDA1 price (DE-LU)"
ida1,2026-08-24T15:45:00.000Z,2026-08-24T17:45:00,2026-08-24T16:00:00.000Z,168,"Pan-European Intraday auction, 15 minutes IDA1 price (DE-LU)"
ida1,2026-08-24T16:00:00.000Z,2026-08-24T18:00:00,2026-08-24T16:15:00.000Z,150.35,"Pan-European Intraday auction, 15 minutes IDA1 price (DE-LU)"
ida1,2026-08-24T16:15:00.000Z,2026-08-24T18:15:00,2026-08-24T16:30:00.000Z,170.53,"Pan-European Intraday auction, 15 minutes IDA1 price (DE-LU)"
ida1,2026-08-24T16:30:00.000Z,2026-08-24T18:30:00,2026-08-24T16:45:00.000Z,181.87,"Pan-European Intraday auction, 15 minutes IDA1 price (DE-LU)"
ida1,2026-08-24T16:45:00.000Z,2026-08-24T18:45:00,2026-08-24T17:00:00.000Z,193.74,"Pan-European Intraday auction, 15 minutes IDA1 price (DE-LU)"
ida1,2026-08-24T17:00:00.000Z,2026-08-24T19:00:00,2026-08-24T17:15:00.000Z,181.88,"Pan-European Intraday auction, 15 minutes IDA1 price (DE-LU)"
ida1,2026-08-24T17:15:00.000Z,2026-08-24T19:15:00,2026-08-24T17:30:00.000Z,195,"Pan-European Intraday auction, 15 minutes IDA1 price (DE-LU)"
ida1,2026-08-24T17:30:00.000Z,2026-08-24T19:30:00,2026-08-24T17:45:00.000Z,220,"Pan-European Intraday auction, 15 minutes IDA1 price (DE-LU)"
ida1,2026-08-24T17:45:00.000Z,2026-08-24T19:45:00,2026-08-24T18:00:00.000Z,235.59,"Pan-European Intraday auction, 15 minutes IDA1 price (DE-LU)"
ida1,2026-08-24T18:00:00.000Z,2026-08-24T20:00:00,2026-08-24T18:15:00.000Z,227,"Pan-European Intraday auction, 15 minutes IDA1 price (DE-LU)"
ida1,2026-08-24T18:15:00.000Z,2026-08-24T20:15:00,2026-08-24T18:30:00.000Z,211,"Pan-European Intraday auction, 15 minutes IDA1 price (DE-LU)"
ida1,2026-08-24T18:30:00.000Z,2026-08-24T20:30:00,2026-08-24T18:45:00.000Z,203.4,"Pan-European Intraday auction, 15 minutes IDA1 price (DE-LU)"
ida1,2026-08-24T18:45:00.000Z,2026-08-24T20:45:00,2026-08-24T19:00:00.000Z,194.69,"Pan-European Intraday auction, 15 minutes IDA1 price (DE-LU)"
ida1,2026-08-24T19:00:00.000Z,2026-08-24T21:00:00,2026-08-24T19:15:00.000Z,193.93,"Pan-European Intraday auction, 15 minutes IDA1 price (DE-LU)"
ida1,2026-08-24T19:15:00.000Z,2026-08-24T21:15:00,2026-08-24T19:30:00.000Z,187.55,"Pan-European Intraday auction, 15 minutes IDA1 price (DE-LU)"
ida1,2026-08-24T19:30:00.000Z,2026-08-24T21:30:00,2026-08-24T19:45:00.000Z,176.85,"Pan-European Intraday auction, 15 minutes IDA1 price (DE-LU)"
ida1,2026-08-24T19:45:00.000Z,2026-08-24T21:45:00,2026-08-24T20:00:00.000Z,168,"Pan-European Intraday auction, 15 minutes IDA1 price (DE-LU)"
ida1,2026-08-24T20:00:00.000Z,2026-08-24T22:00:00,2026-08-24T20:15:00.000Z,169.67,"Pan-European Intraday auction, 15 minutes IDA1 price (DE-LU)"
ida1,2026-08-24T20:15:00.000Z,2026-08-24T22:15:00,2026-08-24T20:30:00.000Z,166.98,"Pan-European Intraday auction, 15 minutes IDA1 price (DE-LU)"
ida1,2026-08-24T20:30:00.000Z,2026-08-24T22:30:00,2026-08-24T20:45:00.000Z,164.22,"Pan-European Intraday auction, 15 minutes IDA1 price (DE-LU)"
ida1,2026-08-24T20:45:00.000Z,2026-08-24T22:45:00,2026-08-24T21:00:00.000Z,162.18,"Pan-European Intraday auction, 15 minutes IDA1 price (DE-LU)"
ida1,2026-08-24T21:00:00.000Z,2026-08-24T23:00:00,2026-08-24T21:15:00.000Z,161,"Pan-European Intraday auction, 15 minutes IDA1 price (DE-LU)"
ida1,2026-08-24T21:15:00.000Z,2026-08-24T23:15:00,2026-08-24T21:30:00.000Z,156.53,"Pan-European Intraday auction, 15 minutes IDA1 price (DE-LU)"
ida1,2026-08-24T21:30:00.000Z,2026-08-24T23:30:00,2026-08-24T21:45:00.000Z,154.36,"Pan-European Intraday auction, 15 minutes IDA1 price (DE-LU)"
ida1,2026-08-24T21:45:00.000Z,2026-08-24T23:45:00,2026-08-24T22:00:00.000Z,147.13,"Pan-European Intraday auction, 15 minutes IDA1 price (DE-LU)"
ida1,2026-08-24T22:00:00.000Z,2026-08-25T00:00:00,2026-08-24T22:15:00.000Z,155.82,"Pan-European Intraday auction, 15 minutes IDA1 price (DE-LU)"
ida1,2026-08-24T22:15:00.000Z,2026-08-25T00:15:00,2026-08-24T22:30:00.000Z,154.66,"Pan-European Intraday auction, 15 minutes IDA1 price (DE-LU)"
ida1,2026-08-24T22:30:00.000Z,2026-08-25T00:30:00,2026-08-24T22:45:00.000Z,151.45,"Pan-European Intraday auction, 15 minutes IDA1 price (DE-LU)"
ida1,2026-08-24T22:45:00.000Z,2026-08-25T00:45:00,2026-08-24T23:00:00.000Z,147.43,"Pan-European Intraday auction, 15 minutes IDA1 price (DE-LU)"
ida1,2026-08-24T23:00:00.000Z,2026-08-25T01:00:00,2026-08-24T23:15:00.000Z,152.74,"Pan-European Intraday auction, 15 minutes IDA1 price (DE-LU)"
ida1,2026-08-24T23:15:00.000Z,2026-08-25T01:15:00,2026-08-24T23:30:00.000Z,145.42,"Pan-European Intraday auction, 15 minutes IDA1 price (DE-LU)"
ida1,2026-08-24T23:30:00.000Z,2026-08-25T01:30:00,2026-08-24T23:45:00.000Z,144.74,"Pan-European Intraday auction, 15 minutes IDA1 price (DE-LU)"
ida1,2026-08-24T23:45:00.000Z,2026-08-25T01:45:00,2026-08-25T00:00:00.000Z,144.4,"Pan-European Intraday auction, 15 minutes IDA1 price (DE-LU)"
ida1,2026-08-25T00:00:00.000Z,2026-08-25T02:00:00,2026-08-25T00:15:00.000Z,144.01,"Pan-European Intraday auction, 15 minutes IDA1 price (DE-LU)"
ida1,2026-08-25T00:15:00.000Z,2026-08-25T02:15:00,2026-08-25T00:30:00.000Z,141.92,"Pan-European Intraday auction, 15 minutes IDA1 price (DE-LU)"
ida1,2026-08-25T00:30:00.000Z,2026-08-25T02:30:00,2026-08-25T00:45:00.000Z,142.19,"Pan-European Intraday auction, 15 minutes IDA1 price (DE-LU)"
ida1,2026-08-25T00:45:00.000Z,2026-08-25T02:45:00,2026-08-25T01:00:00.000Z,141.54,"Pan-European Intraday auction, 15 minutes IDA1 price (DE-LU)"
ida1,2026-08-25T01:00:00.000Z,2026-08-25T03:00:00,2026-08-25T01:15:00.000Z,139.87,"Pan-European Intraday auction, 15 minutes IDA1 price (DE-LU)"
ida1,2026-08-25T01:15:00.000Z,2026-08-25T03:15:00,2026-08-25T01:30:00.000Z,139.8,"Pan-European Intraday auction, 15 minutes IDA1 price (DE-LU)"
ida1,2026-08-25T01:30:00.000Z,2026-08-25T03:30:00,2026-08-25T01:45:00.000Z,139.86,"Pan-European Intraday auction, 15 minutes IDA1 price (DE-LU)"
ida1,2026-08-25T01:45:00.000Z,2026-08-25T03:45:00,2026-08-25T02:00:00.000Z,140.49,"Pan-European Intraday auction, 15 minutes IDA1 price (DE-LU)"
ida1,2026-08-25T02:00:00.000Z,2026-08-25T04:00:00,2026-08-25T02:15:00.000Z,139.94,"Pan-European Intraday auction, 15 minutes IDA1 price (DE-LU)"
ida1,2026-08-25T02:15:00.000Z,2026-08-25T04:15:00,2026-08-25T02:30:00.000Z,141,"Pan-European Intraday auction, 15 minutes IDA1 price (DE-LU)"
ida1,2026-08-25T02:30:00.000Z,2026-08-25T04:30:00,2026-08-25T02:45:00.000Z,141.55,"Pan-European Intraday auction, 15 minutes IDA1 price (DE-LU)"
ida1,2026-08-25T02:45:00.000Z,2026-08-25T04:45:00,2026-08-25T03:00:00.000Z,143.99,"Pan-European Intraday auction, 15 minutes IDA1 price (DE-LU)"
ida1,2026-08-25T03:00:00.000Z,2026-08-25T05:00:00,2026-08-25T03:15:00.000Z,144.99,"Pan-European Intraday auction, 15 minutes IDA1 price (DE-LU)"
ida1,2026-08-25T03:15:00.000Z,2026-08-25T05:15:00,2026-08-25T03:30:00.000Z,145.66,"Pan-European Intraday auction, 15 minutes IDA1 price (DE-LU)"
ida1,2026-08-25T03:30:00.000Z,2026-08-25T05:30:00,2026-08-25T03:45:00.000Z,150.6,"Pan-European Intraday auction, 15 minutes IDA1 price (DE-LU)"
ida1,2026-08-25T03:45:00.000Z,2026-08-25T05:45:00,2026-08-25T04:00:00.000Z,157.07,"Pan-European Intraday auction, 15 minutes IDA1 price (DE-LU)"
ida1,2026-08-25T04:00:00.000Z,2026-08-25T06:00:00,2026-08-25T04:15:00.000Z,164.7,"Pan-European Intraday auction, 15 minutes IDA1 price (DE-LU)"
ida1,2026-08-25T04:15:00.000Z,2026-08-25T06:15:00,2026-08-25T04:30:00.000Z,170.99,"Pan-European Intraday auction, 15 minutes IDA1 price (DE-LU)"
ida1,2026-08-25T04:30:00.000Z,2026-08-25T06:30:00,2026-08-25T04:45:00.000Z,173.37,"Pan-European Intraday auction, 15 minutes IDA1 price (DE-LU)"
ida1,2026-08-25T04:45:00.000Z,2026-08-25T06:45:00,2026-08-25T05:00:00.000Z,176.6,"Pan-European Intraday auction, 15 minutes IDA1 price (DE-LU)"
ida1,2026-08-25T05:00:00.000Z,2026-08-25T07:00:00,2026-08-25T05:15:00.000Z,184.84,"Pan-European Intraday auction, 15 minutes IDA1 price (DE-LU)"
ida1,2026-08-25T05:15:00.000Z,2026-08-25T07:15:00,2026-08-25T05:30:00.000Z,185.05,"Pan-European Intraday auction, 15 minutes IDA1 price (DE-LU)"
ida1,2026-08-25T05:30:00.000Z,2026-08-25T07:30:00,2026-08-25T05:45:00.000Z,181.76,"Pan-European Intraday auction, 15 minutes IDA1 price (DE-LU)"
ida1,2026-08-25T05:45:00.000Z,2026-08-25T07:45:00,2026-08-25T06:00:00.000Z,170.99,"Pan-European Intraday auction, 15 minutes IDA1 price (DE-LU)"
ida1,2026-08-25T06:00:00.000Z,2026-08-25T08:00:00,2026-08-25T06:15:00.000Z,187.63,"Pan-European Intraday auction, 15 minutes IDA1 price (DE-LU)"
ida1,2026-08-25T06:15:00.000Z,2026-08-25T08:15:00,2026-08-25T06:30:00.000Z,173.97,"Pan-European Intraday auction, 15 minutes IDA1 price (DE-LU)"
ida1,2026-08-25T06:30:00.000Z,2026-08-25T08:30:00,2026-08-25T06:45:00.000Z,166.16,"Pan-European Intraday auction, 15 minutes IDA1 price (DE-LU)"
ida1,2026-08-25T06:45:00.000Z,2026-08-25T08:45:00,2026-08-25T07:00:00.000Z,157.86,"Pan-European Intraday auction, 15 minutes IDA1 price (DE-LU)"
ida1,2026-08-25T07:00:00.000Z,2026-08-25T09:00:00,2026-08-25T07:15:00.000Z,165.47,"Pan-European Intraday auction, 15 minutes IDA1 price (DE-LU)"
ida1,2026-08-25T07:15:00.000Z,2026-08-25T09:15:00,2026-08-25T07:30:00.000Z,152.68,"Pan-European Intraday auction, 15 minutes IDA1 price (DE-LU)"
ida1,2026-08-25T07:30:00.000Z,2026-08-25T09:30:00,2026-08-25T07:45:00.000Z,135.91,"Pan-European Intraday auction, 15 minutes IDA1 price (DE-LU)"
ida1,2026-08-25T07:45:00.000Z,2026-08-25T09:45:00,2026-08-25T08:00:00.000Z,127.69,"Pan-European Intraday auction, 15 minutes IDA1 price (DE-LU)"
ida1,2026-08-25T08:00:00.000Z,2026-08-25T10:00:00,2026-08-25T08:15:00.000Z,140.49,"Pan-European Intraday auction, 15 minutes IDA1 price (DE-LU)"
ida1,2026-08-25T08:15:00.000Z,2026-08-25T10:15:00,2026-08-25T08:30:00.000Z,122.67,"Pan-European Intraday auction, 15 minutes IDA1 price (DE-LU)"
ida1,2026-08-25T08:30:00.000Z,2026-08-25T10:30:00,2026-08-25T08:45:00.000Z,113,"Pan-European Intraday auction, 15 minutes IDA1 price (DE-LU)"
ida1,2026-08-25T08:45:00.000Z,2026-08-25T10:45:00,2026-08-25T09:00:00.000Z,93.68,"Pan-European Intraday auction, 15 minutes IDA1 price (DE-LU)"
ida1,2026-08-25T09:00:00.000Z,2026-08-25T11:00:00,2026-08-25T09:15:00.000Z,108.4,"Pan-European Intraday auction, 15 minutes IDA1 price (DE-LU)"
ida1,2026-08-25T09:15:00.000Z,2026-08-25T11:15:00,2026-08-25T09:30:00.000Z,92.72,"Pan-European Intraday auction, 15 minutes IDA1 price (DE-LU)"
ida1,2026-08-25T09:30:00.000Z,2026-08-25T11:30:00,2026-08-25T09:45:00.000Z,72.98,"Pan-European Intraday auction, 15 minutes IDA1 price (DE-LU)"
ida1,2026-08-25T09:45:00.000Z,2026-08-25T11:45:00,2026-08-25T10:00:00.000Z,58.48,"Pan-European Intraday auction, 15 minutes IDA1 price (DE-LU)"
ida1,2026-08-25T10:00:00.000Z,2026-08-25T12:00:00,2026-08-25T10:15:00.000Z,79.08,"Pan-European Intraday auction, 15 minutes IDA1 price (DE-LU)"
ida1,2026-08-25T10:15:00.000Z,2026-08-25T12:15:00,2026-08-25T10:30:00.000Z,62.6,"Pan-European Intraday auction, 15 minutes IDA1 price (DE-LU)"
ida1,2026-08-25T10:30:00.000Z,2026-08-25T12:30:00,2026-08-25T10:45:00.000Z,67.03,"Pan-European Intraday auction, 15 minutes IDA1 price (DE-LU)"
ida1,2026-08-25T10:45:00.000Z,2026-08-25T12:45:00,2026-08-25T11:00:00.000Z,59.92,"Pan-European Intraday auction, 15 minutes IDA1 price (DE-LU)"
ida1,2026-08-25T11:00:00.000Z,2026-08-25T13:00:00,2026-08-25T11:15:00.000Z,69.99,"Pan-European Intraday auction, 15 minutes IDA1 price (DE-LU)"
ida1,2026-08-25T11:15:00.000Z,2026-08-25T13:15:00,2026-08-25T11:30:00.000Z,62.38,"Pan-European Intraday auction, 15 minutes IDA1 price (DE-LU)"
ida1,2026-08-25T11:30:00.000Z,2026-08-25T13:30:00,2026-08-25T11:45:00.000Z,58.53,"Pan-European Intraday auction, 15 minutes IDA1 price (DE-LU)"
ida1,2026-08-25T11:45:00.000Z,2026-08-25T13:45:00,2026-08-25T12:00:00.000Z,57.93,"Pan-European Intraday auction, 15 minutes IDA1 price (DE-LU)"
ida1,2026-08-25T12:00:00.000Z,2026-08-25T14:00:00,2026-08-25T12:15:00.000Z,56.63,"Pan-European Intraday auction, 15 minutes IDA1 price (DE-LU)"
ida1,2026-08-25T12:15:00.000Z,2026-08-25T14:15:00,2026-08-25T12:30:00.000Z,60.02,"Pan-European Intraday auction, 15 minutes IDA1 price (DE-LU)"
ida1,2026-08-25T12:30:00.000Z,2026-08-25T14:30:00,2026-08-25T12:45:00.000Z,73.79,"Pan-European Intraday auction, 15 minutes IDA1 price (DE-LU)"
ida1,2026-08-25T12:45:00.000Z,2026-08-25T14:45:00,2026-08-25T13:00:00.000Z,83.41,"Pan-European Intraday auction, 15 minutes IDA1 price (DE-LU)"
ida1,2026-08-25T13:00:00.000Z,2026-08-25T15:00:00,2026-08-25T13:15:00.000Z,67.26,"Pan-European Intraday auction, 15 minutes IDA1 price (DE-LU)"
ida1,2026-08-25T13:15:00.000Z,2026-08-25T15:15:00,2026-08-25T13:30:00.000Z,78.57,"Pan-European Intraday auction, 15 minutes IDA1 price (DE-LU)"
ida1,2026-08-25T13:30:00.000Z,2026-08-25T15:30:00,2026-08-25T13:45:00.000Z,92.24,"Pan-European Intraday auction, 15 minutes IDA1 price (DE-LU)"
ida1,2026-08-25T13:45:00.000Z,2026-08-25T15:45:00,2026-08-25T14:00:00.000Z,101.92,"Pan-European Intraday auction, 15 minutes IDA1 price (DE-LU)"
ida1,2026-08-25T14:00:00.000Z,2026-08-25T16:00:00,2026-08-25T14:15:00.000Z,91.07,"Pan-European Intraday auction, 15 minutes IDA1 price (DE-LU)"
ida1,2026-08-25T14:15:00.000Z,2026-08-25T16:15:00,2026-08-25T14:30:00.000Z,111.5,"Pan-European Intraday auction, 15 minutes IDA1 price (DE-LU)"
ida1,2026-08-25T14:30:00.000Z,2026-08-25T16:30:00,2026-08-25T14:45:00.000Z,118.01,"Pan-European Intraday auction, 15 minutes IDA1 price (DE-LU)"
ida1,2026-08-25T14:45:00.000Z,2026-08-25T16:45:00,2026-08-25T15:00:00.000Z,137.03,"Pan-European Intraday auction, 15 minutes IDA1 price (DE-LU)"
ida1,2026-08-25T15:00:00.000Z,2026-08-25T17:00:00,2026-08-25T15:15:00.000Z,118.68,"Pan-European Intraday auction, 15 minutes IDA1 price (DE-LU)"
ida1,2026-08-25T15:15:00.000Z,2026-08-25T17:15:00,2026-08-25T15:30:00.000Z,138.7,"Pan-European Intraday auction, 15 minutes IDA1 price (DE-LU)"
ida1,2026-08-25T15:30:00.000Z,2026-08-25T17:30:00,2026-08-25T15:45:00.000Z,159.85,"Pan-European Intraday auction, 15 minutes IDA1 price (DE-LU)"
ida1,2026-08-25T15:45:00.000Z,2026-08-25T17:45:00,2026-08-25T16:00:00.000Z,170.98,"Pan-European Intraday auction, 15 minutes IDA1 price (DE-LU)"
ida1,2026-08-25T16:00:00.000Z,2026-08-25T18:00:00,2026-08-25T16:15:00.000Z,154.99,"Pan-European Intraday auction, 15 minutes IDA1 price (DE-LU)"
ida1,2026-08-25T16:15:00.000Z,2026-08-25T18:15:00,2026-08-25T16:30:00.000Z,172,"Pan-European Intraday auction, 15 minutes IDA1 price (DE-LU)"
ida1,2026-08-25T16:30:00.000Z,2026-08-25T18:30:00,2026-08-25T16:45:00.000Z,186.91,"Pan-European Intraday auction, 15 minutes IDA1 price (DE-LU)"
ida1,2026-08-25T16:45:00.000Z,2026-08-25T18:45:00,2026-08-25T17:00:00.000Z,201.23,"Pan-European Intraday auction, 15 minutes IDA1 price (DE-LU)"
ida1,2026-08-25T17:00:00.000Z,2026-08-25T19:00:00,2026-08-25T17:15:00.000Z,193.07,"Pan-European Intraday auction, 15 minutes IDA1 price (DE-LU)"
ida1,2026-08-25T17:15:00.000Z,2026-08-25T19:15:00,2026-08-25T17:30:00.000Z,205.65,"Pan-European Intraday auction, 15 minutes IDA1 price (DE-LU)"
ida1,2026-08-25T17:30:00.000Z,2026-08-25T19:30:00,2026-08-25T17:45:00.000Z,219.86,"Pan-European Intraday auction, 15 minutes IDA1 price (DE-LU)"
ida1,2026-08-25T17:45:00.000Z,2026-08-25T19:45:00,2026-08-25T18:00:00.000Z,218.65,"Pan-European Intraday auction, 15 minutes IDA1 price (DE-LU)"
ida1,2026-08-25T18:00:00.000Z,2026-08-25T20:00:00,2026-08-25T18:15:00.000Z,200.32,"Pan-European Intraday auction, 15 minutes IDA1 price (DE-LU)"
ida1,2026-08-25T18:15:00.000Z,2026-08-25T20:15:00,2026-08-25T18:30:00.000Z,212.58,"Pan-European Intraday auction, 15 minutes IDA1 price (DE-LU)"
ida1,2026-08-25T18:30:00.000Z,2026-08-25T20:30:00,2026-08-25T18:45:00.000Z,211.73,"Pan-European Intraday auction, 15 minutes IDA1 price (DE-LU)"
ida1,2026-08-25T18:45:00.000Z,2026-08-25T20:45:00,2026-08-25T19:00:00.000Z,195.94,"Pan-European Intraday auction, 15 minutes IDA1 price (DE-LU)"
ida1,2026-08-25T19:00:00.000Z,2026-08-25T21:00:00,2026-08-25T19:15:00.000Z,192.1,"Pan-European Intraday auction, 15 minutes IDA1 price (DE-LU)"
ida1,2026-08-25T19:15:00.000Z,2026-08-25T21:15:00,2026-08-25T19:30:00.000Z,186.95,"Pan-European Intraday auction, 15 minutes IDA1 price (DE-LU)"
ida1,2026-08-25T19:30:00.000Z,2026-08-25T21:30:00,2026-08-25T19:45:00.000Z,178.93,"Pan-European Intraday auction, 15 minutes IDA1 price (DE-LU)"
ida1,2026-08-25T19:45:00.000Z,2026-08-25T21:45:00,2026-08-25T20:00:00.000Z,171.99,"Pan-European Intraday auction, 15 minutes IDA1 price (DE-LU)"
ida1,2026-08-25T20:00:00.000Z,2026-08-25T22:00:00,2026-08-25T20:15:00.000Z,175.87,"Pan-European Intraday auction, 15 minutes IDA1 price (DE-LU)"
ida1,2026-08-25T20:15:00.000Z,2026-08-25T22:15:00,2026-08-25T20:30:00.000Z,172.57,"Pan-European Intraday auction, 15 minutes IDA1 price (DE-LU)"
ida1,2026-08-25T20:30:00.000Z,2026-08-25T22:30:00,2026-08-25T20:45:00.000Z,176.25,"Pan-European Intraday auction, 15 minutes IDA1 price (DE-LU)"
ida1,2026-08-25T20:45:00.000Z,2026-08-25T22:45:00,2026-08-25T21:00:00.000Z,164.38,"Pan-European Intraday auction, 15 minutes IDA1 price (DE-LU)"
ida1,2026-08-25T21:00:00.000Z,2026-08-25T23:00:00,2026-08-25T21:15:00.000Z,167.84,"Pan-European Intraday auction, 15 minutes IDA1 price (DE-LU)"
ida1,2026-08-25T21:15:00.000Z,2026-08-25T23:15:00,2026-08-25T21:30:00.000Z,161.33,"Pan-European Intraday auction, 15 minutes IDA1 price (DE-LU)"
ida1,2026-08-25T21:30:00.000Z,2026-08-25T23:30:00,2026-08-25T21:45:00.000Z,161.29,"Pan-European Intraday auction, 15 minutes IDA1 price (DE-LU)"
ida1,2026-08-25T21:45:00.000Z,2026-08-25T23:45:00,2026-08-25T22:00:00.000Z,148.18,"Pan-European Intraday auction, 15 minutes IDA1 price (DE-LU)"
ida1,2026-08-25T22:00:00.000Z,2026-08-26T00:00:00,2026-08-25T22:15:00.000Z,180.18,"Pan-European Intraday auction, 15 minutes IDA1 price (DE-LU)"
ida1,2026-08-25T22:15:00.000Z,2026-08-26T00:15:00,2026-08-25T22:30:00.000Z,170.38,"Pan-European Intraday auction, 15 minutes IDA1 price (DE-LU)"
ida1,2026-08-25T22:30:00.000Z,2026-08-26T00:30:00,2026-08-25T22:45:00.000Z,161,"Pan-European Intraday auction, 15 minutes IDA1 price (DE-LU)"
ida1,2026-08-25T22:45:00.000Z,2026-08-26T00:45:00,2026-08-25T23:00:00.000Z,157.04,"Pan-European Intraday auction, 15 minutes IDA1 price (DE-LU)"
ida1,2026-08-25T23:00:00.000Z,2026-08-26T01:00:00,2026-08-25T23:15:00.000Z,164.9,"Pan-European Intraday auction, 15 minutes IDA1 price (DE-LU)"
ida1,2026-08-25T23:15:00.000Z,2026-08-26T01:15:00,2026-08-25T23:30:00.000Z,160.06,"Pan-European Intraday auction, 15 minutes IDA1 price (DE-LU)"
ida1,2026-08-25T23:30:00.000Z,2026-08-26T01:30:00,2026-08-25T23:45:00.000Z,160.22,"Pan-European Intraday auction, 15 minutes IDA1 price (DE-LU)"
ida1,2026-08-25T23:45:00.000Z,2026-08-26T01:45:00,2026-08-26T00:00:00.000Z,155.18,"Pan-European Intraday auction, 15 minutes IDA1 price (DE-LU)"
ida1,2026-08-26T00:00:00.000Z,2026-08-26T02:00:00,2026-08-26T00:15:00.000Z,158.01,"Pan-European Intraday auction, 15 minutes IDA1 price (DE-LU)"
ida1,2026-08-26T00:15:00.000Z,2026-08-26T02:15:00,2026-08-26T00:30:00.000Z,154.62,"Pan-European Intraday auction, 15 minutes IDA1 price (DE-LU)"
ida1,2026-08-26T00:30:00.000Z,2026-08-26T02:30:00,2026-08-26T00:45:00.000Z,156.24,"Pan-European Intraday auction, 15 minutes IDA1 price (DE-LU)"
ida1,2026-08-26T00:45:00.000Z,2026-08-26T02:45:00,2026-08-26T01:00:00.000Z,154.14,"Pan-European Intraday auction, 15 minutes IDA1 price (DE-LU)"
ida1,2026-08-26T01:00:00.000Z,2026-08-26T03:00:00,2026-08-26T01:15:00.000Z,152,"Pan-European Intraday auction, 15 minutes IDA1 price (DE-LU)"
ida1,2026-08-26T01:15:00.000Z,2026-08-26T03:15:00,2026-08-26T01:30:00.000Z,151.96,"Pan-European Intraday auction, 15 minutes IDA1 price (DE-LU)"
ida1,2026-08-26T01:30:00.000Z,2026-08-26T03:30:00,2026-08-26T01:45:00.000Z,151.96,"Pan-European Intraday auction, 15 minutes IDA1 price (DE-LU)"
ida1,2026-08-26T01:45:00.000Z,2026-08-26T03:45:00,2026-08-26T02:00:00.000Z,151.96,"Pan-European Intraday auction, 15 minutes IDA1 price (DE-LU)"
ida1,2026-08-26T02:00:00.000Z,2026-08-26T04:00:00,2026-08-26T02:15:00.000Z,151.96,"Pan-European Intraday auction, 15 minutes IDA1 price (DE-LU)"
ida1,2026-08-26T02:15:00.000Z,2026-08-26T04:15:00,2026-08-26T02:30:00.000Z,153.99,"Pan-European Intraday auction, 15 minutes IDA1 price (DE-LU)"
ida1,2026-08-26T02:30:00.000Z,2026-08-26T04:30:00,2026-08-26T02:45:00.000Z,155.03,"Pan-European Intraday auction, 15 minutes IDA1 price (DE-LU)"
ida1,2026-08-26T02:45:00.000Z,2026-08-26T04:45:00,2026-08-26T03:00:00.000Z,159.09,"Pan-European Intraday auction, 15 minutes IDA1 price (DE-LU)"
ida1,2026-08-26T03:00:00.000Z,2026-08-26T05:00:00,2026-08-26T03:15:00.000Z,156.22,"Pan-European Intraday auction, 15 minutes IDA1 price (DE-LU)"
ida1,2026-08-26T03:15:00.000Z,2026-08-26T05:15:00,2026-08-26T03:30:00.000Z,159.81,"Pan-European Intraday auction, 15 minutes IDA1 price (DE-LU)"
ida1,2026-08-26T03:30:00.000Z,2026-08-26T05:30:00,2026-08-26T03:45:00.000Z,168.01,"Pan-European Intraday auction, 15 minutes IDA1 price (DE-LU)"
ida1,2026-08-26T03:45:00.000Z,2026-08-26T05:45:00,2026-08-26T04:00:00.000Z,172.36,"Pan-European Intraday auction, 15 minutes IDA1 price (DE-LU)"
ida1,2026-08-26T04:00:00.000Z,2026-08-26T06:00:00,2026-08-26T04:15:00.000Z,173.76,"Pan-European Intraday auction, 15 minutes IDA1 price (DE-LU)"
ida1,2026-08-26T04:15:00.000Z,2026-08-26T06:15:00,2026-08-26T04:30:00.000Z,183.51,"Pan-European Intraday auction, 15 minutes IDA1 price (DE-LU)"
ida1,2026-08-26T04:30:00.000Z,2026-08-26T06:30:00,2026-08-26T04:45:00.000Z,188.44,"Pan-European Intraday auction, 15 minutes IDA1 price (DE-LU)"
ida1,2026-08-26T04:45:00.000Z,2026-08-26T06:45:00,2026-08-26T05:00:00.000Z,189.68,"Pan-European Intraday auction, 15 minutes IDA1 price (DE-LU)"
ida1,2026-08-26T05:00:00.000Z,2026-08-26T07:00:00,2026-08-26T05:15:00.000Z,194,"Pan-European Intraday auction, 15 minutes IDA1 price (DE-LU)"
ida1,2026-08-26T05:15:00.000Z,2026-08-26T07:15:00,2026-08-26T05:30:00.000Z,196.87,"Pan-European Intraday auction, 15 minutes IDA1 price (DE-LU)"
ida1,2026-08-26T05:30:00.000Z,2026-08-26T07:30:00,2026-08-26T05:45:00.000Z,192.68,"Pan-European Intraday auction, 15 minutes IDA1 price (DE-LU)"
ida1,2026-08-26T05:45:00.000Z,2026-08-26T07:45:00,2026-08-26T06:00:00.000Z,189.82,"Pan-European Intraday auction, 15 minutes IDA1 price (DE-LU)"
ida1,2026-08-26T06:00:00.000Z,2026-08-26T08:00:00,2026-08-26T06:15:00.000Z,212.12,"Pan-European Intraday auction, 15 minutes IDA1 price (DE-LU)"
ida1,2026-08-26T06:15:00.000Z,2026-08-26T08:15:00,2026-08-26T06:30:00.000Z,204.49,"Pan-European Intraday auction, 15 minutes IDA1 price (DE-LU)"
ida1,2026-08-26T06:30:00.000Z,2026-08-26T08:30:00,2026-08-26T06:45:00.000Z,188.86,"Pan-European Intraday auction, 15 minutes IDA1 price (DE-LU)"
ida1,2026-08-26T06:45:00.000Z,2026-08-26T08:45:00,2026-08-26T07:00:00.000Z,174.22,"Pan-European Intraday auction, 15 minutes IDA1 price (DE-LU)"
ida1,2026-08-26T07:00:00.000Z,2026-08-26T09:00:00,2026-08-26T07:15:00.000Z,194.44,"Pan-European Intraday auction, 15 minutes IDA1 price (DE-LU)"
ida1,2026-08-26T07:15:00.000Z,2026-08-26T09:15:00,2026-08-26T07:30:00.000Z,181.43,"Pan-European Intraday auction, 15 minutes IDA1 price (DE-LU)"
ida1,2026-08-26T07:30:00.000Z,2026-08-26T09:30:00,2026-08-26T07:45:00.000Z,167.75,"Pan-European Intraday auction, 15 minutes IDA1 price (DE-LU)"
ida1,2026-08-26T07:45:00.000Z,2026-08-26T09:45:00,2026-08-26T08:00:00.000Z,148.29,"Pan-European Intraday auction, 15 minutes IDA1 price (DE-LU)"
ida1,2026-08-26T08:00:00.000Z,2026-08-26T10:00:00,2026-08-26T08:15:00.000Z,167.39,"Pan-European Intraday auction, 15 minutes IDA1 price (DE-LU)"
ida1,2026-08-26T08:15:00.000Z,2026-08-26T10:15:00,2026-08-26T08:30:00.000Z,143.87,"Pan-European Intraday auction, 15 minutes IDA1 price (DE-LU)"
ida1,2026-08-26T08:30:00.000Z,2026-08-26T10:30:00,2026-08-26T08:45:00.000Z,130.37,"Pan-European Intraday auction, 15 minutes IDA1 price (DE-LU)"
ida1,2026-08-26T08:45:00.000Z,2026-08-26T10:45:00,2026-08-26T09:00:00.000Z,122.34,"Pan-European Intraday auction, 15 minutes IDA1 price (DE-LU)"
ida1,2026-08-26T09:00:00.000Z,2026-08-26T11:00:00,2026-08-26T09:15:00.000Z,132.12,"Pan-European Intraday auction, 15 minutes IDA1 price (DE-LU)"
ida1,2026-08-26T09:15:00.000Z,2026-08-26T11:15:00,2026-08-26T09:30:00.000Z,126.43,"Pan-European Intraday auction, 15 minutes IDA1 price (DE-LU)"
ida1,2026-08-26T09:30:00.000Z,2026-08-26T11:30:00,2026-08-26T09:45:00.000Z,117.44,"Pan-European Intraday auction, 15 minutes IDA1 price (DE-LU)"
ida1,2026-08-26T09:45:00.000Z,2026-08-26T11:45:00,2026-08-26T10:00:00.000Z,103,"Pan-European Intraday auction, 15 minutes IDA1 price (DE-LU)"
ida1,2026-08-26T10:00:00.000Z,2026-08-26T12:00:00,2026-08-26T10:15:00.000Z,105.94,"Pan-European Intraday auction, 15 minutes IDA1 price (DE-LU)"
ida1,2026-08-26T10:15:00.000Z,2026-08-26T12:15:00,2026-08-26T10:30:00.000Z,91.14,"Pan-European Intraday auction, 15 minutes IDA1 price (DE-LU)"
ida1,2026-08-26T10:30:00.000Z,2026-08-26T12:30:00,2026-08-26T10:45:00.000Z,90,"Pan-European Intraday auction, 15 minutes IDA1 price (DE-LU)"
ida1,2026-08-26T10:45:00.000Z,2026-08-26T12:45:00,2026-08-26T11:00:00.000Z,87.72,"Pan-European Intraday auction, 15 minutes IDA1 price (DE-LU)"
ida1,2026-08-26T11:00:00.000Z,2026-08-26T13:00:00,2026-08-26T11:15:00.000Z,94.33,"Pan-European Intraday auction, 15 minutes IDA1 price (DE-LU)"
ida1,2026-08-26T11:15:00.000Z,2026-08-26T13:15:00,2026-08-26T11:30:00.000Z,87.24,"Pan-European Intraday auction, 15 minutes IDA1 price (DE-LU)"
ida1,2026-08-26T11:30:00.000Z,2026-08-26T13:30:00,2026-08-26T11:45:00.000Z,82.26,"Pan-European Intraday auction, 15 minutes IDA1 price (DE-LU)"
ida1,2026-08-26T11:45:00.000Z,2026-08-26T13:45:00,2026-08-26T12:00:00.000Z,78.16,"Pan-European Intraday auction, 15 minutes IDA1 price (DE-LU)"
ida1,2026-08-26T12:00:00.000Z,2026-08-26T14:00:00,2026-08-26T12:15:00.000Z,82.62,"Pan-European Intraday auction, 15 minutes IDA1 price (DE-LU)"
ida1,2026-08-26T12:15:00.000Z,2026-08-26T14:15:00,2026-08-26T12:30:00.000Z,83.85,"Pan-European Intraday auction, 15 minutes IDA1 price (DE-LU)"
ida1,2026-08-26T12:30:00.000Z,2026-08-26T14:30:00,2026-08-26T12:45:00.000Z,89.38,"Pan-European Intraday auction, 15 minutes IDA1 price (DE-LU)"
ida1,2026-08-26T12:45:00.000Z,2026-08-26T14:45:00,2026-08-26T13:00:00.000Z,91.11,"Pan-European Intraday auction, 15 minutes IDA1 price (DE-LU)"
ida1,2026-08-26T13:00:00.000Z,2026-08-26T15:00:00,2026-08-26T13:15:00.000Z,93.92,"Pan-European Intraday auction, 15 minutes IDA1 price (DE-LU)"
ida1,2026-08-26T13:15:00.000Z,2026-08-26T15:15:00,2026-08-26T13:30:00.000Z,98.56,"Pan-European Intraday auction, 15 minutes IDA1 price (DE-LU)"
ida1,2026-08-26T13:30:00.000Z,2026-08-26T15:30:00,2026-08-26T13:45:00.000Z,102,"Pan-European Intraday auction, 15 minutes IDA1 price (DE-LU)"
ida1,2026-08-26T13:45:00.000Z,2026-08-26T15:45:00,2026-08-26T14:00:00.000Z,110.29,"Pan-European Intraday auction, 15 minutes IDA1 price (DE-LU)"
ida1,2026-08-26T14:00:00.000Z,2026-08-26T16:00:00,2026-08-26T14:15:00.000Z,108.41,"Pan-European Intraday auction, 15 minutes IDA1 price (DE-LU)"
ida1,2026-08-26T14:15:00.000Z,2026-08-26T16:15:00,2026-08-26T14:30:00.000Z,118.63,"Pan-European Intraday auction, 15 minutes IDA1 price (DE-LU)"
ida1,2026-08-26T14:30:00.000Z,2026-08-26T16:30:00,2026-08-26T14:45:00.000Z,128,"Pan-European Intraday auction, 15 minutes IDA1 price (DE-LU)"
ida1,2026-08-26T14:45:00.000Z,2026-08-26T16:45:00,2026-08-26T15:00:00.000Z,142.56,"Pan-European Intraday auction, 15 minutes IDA1 price (DE-LU)"
ida1,2026-08-26T15:00:00.000Z,2026-08-26T17:00:00,2026-08-26T15:15:00.000Z,130.44,"Pan-European Intraday auction, 15 minutes IDA1 price (DE-LU)"
ida1,2026-08-26T15:15:00.000Z,2026-08-26T17:15:00,2026-08-26T15:30:00.000Z,153.82,"Pan-European Intraday auction, 15 minutes IDA1 price (DE-LU)"
ida1,2026-08-26T15:30:00.000Z,2026-08-26T17:30:00,2026-08-26T15:45:00.000Z,177.88,"Pan-European Intraday auction, 15 minutes IDA1 price (DE-LU)"
ida1,2026-08-26T15:45:00.000Z,2026-08-26T17:45:00,2026-08-26T16:00:00.000Z,180.56,"Pan-European Intraday auction, 15 minutes IDA1 price (DE-LU)"
ida1,2026-08-26T16:00:00.000Z,2026-08-26T18:00:00,2026-08-26T16:15:00.000Z,167.76,"Pan-European Intraday auction, 15 minutes IDA1 price (DE-LU)"
ida1,2026-08-26T16:15:00.000Z,2026-08-26T18:15:00,2026-08-26T16:30:00.000Z,180.35,"Pan-European Intraday auction, 15 minutes IDA1 price (DE-LU)"
ida1,2026-08-26T16:30:00.000Z,2026-08-26T18:30:00,2026-08-26T16:45:00.000Z,192.42,"Pan-European Intraday auction, 15 minutes IDA1 price (DE-LU)"
ida1,2026-08-26T16:45:00.000Z,2026-08-26T18:45:00,2026-08-26T17:00:00.000Z,214.65,"Pan-European Intraday auction, 15 minutes IDA1 price (DE-LU)"
ida1,2026-08-26T17:00:00.000Z,2026-08-26T19:00:00,2026-08-26T17:15:00.000Z,195.5,"Pan-European Intraday auction, 15 minutes IDA1 price (DE-LU)"
ida1,2026-08-26T17:15:00.000Z,2026-08-26T19:15:00,2026-08-26T17:30:00.000Z,209.18,"Pan-European Intraday auction, 15 minutes IDA1 price (DE-LU)"
ida1,2026-08-26T17:30:00.000Z,2026-08-26T19:30:00,2026-08-26T17:45:00.000Z,223.32,"Pan-European Intraday auction, 15 minutes IDA1 price (DE-LU)"
ida1,2026-08-26T17:45:00.000Z,2026-08-26T19:45:00,2026-08-26T18:00:00.000Z,233.48,"Pan-European Intraday auction, 15 minutes IDA1 price (DE-LU)"
ida1,2026-08-26T18:00:00.000Z,2026-08-26T20:00:00,2026-08-26T18:15:00.000Z,223.25,"Pan-European Intraday auction, 15 minutes IDA1 price (DE-LU)"
ida1,2026-08-26T18:15:00.000Z,2026-08-26T20:15:00,2026-08-26T18:30:00.000Z,208.22,"Pan-European Intraday auction, 15 minutes IDA1 price (DE-LU)"
ida1,2026-08-26T18:30:00.000Z,2026-08-26T20:30:00,2026-08-26T18:45:00.000Z,198.01,"Pan-European Intraday auction, 15 minutes IDA1 price (DE-LU)"
ida1,2026-08-26T18:45:00.000Z,2026-08-26T20:45:00,2026-08-26T19:00:00.000Z,187.83,"Pan-European Intraday auction, 15 minutes IDA1 price (DE-LU)"
ida1,2026-08-26T19:00:00.000Z,2026-08-26T21:00:00,2026-08-26T19:15:00.000Z,205.21,"Pan-European Intraday auction, 15 minutes IDA1 price (DE-LU)"
ida1,2026-08-26T19:15:00.000Z,2026-08-26T21:15:00,2026-08-26T19:30:00.000Z,183.93,"Pan-European Intraday auction, 15 minutes IDA1 price (DE-LU)"
ida1,2026-08-26T19:30:00.000Z,2026-08-26T21:30:00,2026-08-26T19:45:00.000Z,176.36,"Pan-European Intraday auction, 15 minutes IDA1 price (DE-LU)"
ida1,2026-08-26T19:45:00.000Z,2026-08-26T21:45:00,2026-08-26T20:00:00.000Z,169.3,"Pan-European Intraday auction, 15 minutes IDA1 price (DE-LU)"
ida1,2026-08-26T20:00:00.000Z,2026-08-26T22:00:00,2026-08-26T20:15:00.000Z,172.29,"Pan-European Intraday auction, 15 minutes IDA1 price (DE-LU)"
ida1,2026-08-26T20:15:00.000Z,2026-08-26T22:15:00,2026-08-26T20:30:00.000Z,166.89,"Pan-European Intraday auction, 15 minutes IDA1 price (DE-LU)"
ida1,2026-08-26T20:30:00.000Z,2026-08-26T22:30:00,2026-08-26T20:45:00.000Z,169.4,"Pan-European Intraday auction, 15 minutes IDA1 price (DE-LU)"
ida1,2026-08-26T20:45:00.000Z,2026-08-26T22:45:00,2026-08-26T21:00:00.000Z,164.4,"Pan-European Intraday auction, 15 minutes IDA1 price (DE-LU)"
ida1,2026-08-26T21:00:00.000Z,2026-08-26T23:00:00,2026-08-26T21:15:00.000Z,167.12,"Pan-European Intraday auction, 15 minutes IDA1 price (DE-LU)"
ida1,2026-08-26T21:15:00.000Z,2026-08-26T23:15:00,2026-08-26T21:30:00.000Z,161.03,"Pan-European Intraday auction, 15 minutes IDA1 price (DE-LU)"
ida1,2026-08-26T21:30:00.000Z,2026-08-26T23:30:00,2026-08-26T21:45:00.000Z,157.77,"Pan-European Intraday auction, 15 minutes IDA1 price (DE-LU)"
ida1,2026-08-26T21:45:00.000Z,2026-08-26T23:45:00,2026-08-26T22:00:00.000Z,156.09,"Pan-European Intraday auction, 15 minutes IDA1 price (DE-LU)"
ida1,2026-08-26T22:00:00.000Z,2026-08-27T00:00:00,2026-08-26T22:15:00.000Z,162.93,"Pan-European Intraday auction, 15 minutes IDA1 price (DE-LU)"
ida1,2026-08-26T22:15:00.000Z,2026-08-27T00:15:00,2026-08-26T22:30:00.000Z,160.18,"Pan-European Intraday auction, 15 minutes IDA1 price (DE-LU)"
ida1,2026-08-26T22:30:00.000Z,2026-08-27T00:30:00,2026-08-26T22:45:00.000Z,158.04,"Pan-European Intraday auction, 15 minutes IDA1 price (DE-LU)"
ida1,2026-08-26T22:45:00.000Z,2026-08-27T00:45:00,2026-08-26T23:00:00.000Z,148.83,"Pan-European Intraday auction, 15 minutes IDA1 price (DE-LU)"
ida1,2026-08-26T23:00:00.000Z,2026-08-27T01:00:00,2026-08-26T23:15:00.000Z,155.17,"Pan-European Intraday auction, 15 minutes IDA1 price (DE-LU)"
ida1,2026-08-26T23:15:00.000Z,2026-08-27T01:15:00,2026-08-26T23:30:00.000Z,149.65,"Pan-European Intraday auction, 15 minutes IDA1 price (DE-LU)"
ida1,2026-08-26T23:30:00.000Z,2026-08-27T01:30:00,2026-08-26T23:45:00.000Z,147.41,"Pan-European Intraday auction, 15 minutes IDA1 price (DE-LU)"
ida1,2026-08-26T23:45:00.000Z,2026-08-27T01:45:00,2026-08-27T00:00:00.000Z,147.82,"Pan-European Intraday auction, 15 minutes IDA1 price (DE-LU)"
ida1,2026-08-27T00:00:00.000Z,2026-08-27T02:00:00,2026-08-27T00:15:00.000Z,142.75,"Pan-European Intraday auction, 15 minutes IDA1 price (DE-LU)"
ida1,2026-08-27T00:15:00.000Z,2026-08-27T02:15:00,2026-08-27T00:30:00.000Z,141.28,"Pan-European Intraday auction, 15 minutes IDA1 price (DE-LU)"
ida1,2026-08-27T00:30:00.000Z,2026-08-27T02:30:00,2026-08-27T00:45:00.000Z,149.06,"Pan-European Intraday auction, 15 minutes IDA1 price (DE-LU)"
ida1,2026-08-27T00:45:00.000Z,2026-08-27T02:45:00,2026-08-27T01:00:00.000Z,147.71,"Pan-European Intraday auction, 15 minutes IDA1 price (DE-LU)"
ida1,2026-08-27T01:00:00.000Z,2026-08-27T03:00:00,2026-08-27T01:15:00.000Z,142.38,"Pan-European Intraday auction, 15 minutes IDA1 price (DE-LU)"
ida1,2026-08-27T01:15:00.000Z,2026-08-27T03:15:00,2026-08-27T01:30:00.000Z,143.52,"Pan-European Intraday auction, 15 minutes IDA1 price (DE-LU)"
ida1,2026-08-27T01:30:00.000Z,2026-08-27T03:30:00,2026-08-27T01:45:00.000Z,146.39,"Pan-European Intraday auction, 15 minutes IDA1 price (DE-LU)"
ida1,2026-08-27T01:45:00.000Z,2026-08-27T03:45:00,2026-08-27T02:00:00.000Z,145.31,"Pan-European Intraday auction, 15 minutes IDA1 price (DE-LU)"
ida1,2026-08-27T02:00:00.000Z,2026-08-27T04:00:00,2026-08-27T02:15:00.000Z,142.63,"Pan-European Intraday auction, 15 minutes IDA1 price (DE-LU)"
ida1,2026-08-27T02:15:00.000Z,2026-08-27T04:15:00,2026-08-27T02:30:00.000Z,140.67,"Pan-European Intraday auction, 15 minutes IDA1 price (DE-LU)"
ida1,2026-08-27T02:30:00.000Z,2026-08-27T04:30:00,2026-08-27T02:45:00.000Z,140.64,"Pan-European Intraday auction, 15 minutes IDA1 price (DE-LU)"
ida1,2026-08-27T02:45:00.000Z,2026-08-27T04:45:00,2026-08-27T03:00:00.000Z,140.87,"Pan-European Intraday auction, 15 minutes IDA1 price (DE-LU)"
ida1,2026-08-27T03:00:00.000Z,2026-08-27T05:00:00,2026-08-27T03:15:00.000Z,140.7,"Pan-European Intraday auction, 15 minutes IDA1 price (DE-LU)"
ida1,2026-08-27T03:15:00.000Z,2026-08-27T05:15:00,2026-08-27T03:30:00.000Z,140.45,"Pan-European Intraday auction, 15 minutes IDA1 price (DE-LU)"
ida1,2026-08-27T03:30:00.000Z,2026-08-27T05:30:00,2026-08-27T03:45:00.000Z,152.04,"Pan-European Intraday auction, 15 minutes IDA1 price (DE-LU)"
ida1,2026-08-27T03:45:00.000Z,2026-08-27T05:45:00,2026-08-27T04:00:00.000Z,161.05,"Pan-European Intraday auction, 15 minutes IDA1 price (DE-LU)"
ida1,2026-08-27T04:00:00.000Z,2026-08-27T06:00:00,2026-08-27T04:15:00.000Z,168.76,"Pan-European Intraday auction, 15 minutes IDA1 price (DE-LU)"
ida1,2026-08-27T04:15:00.000Z,2026-08-27T06:15:00,2026-08-27T04:30:00.000Z,172,"Pan-European Intraday auction, 15 minutes IDA1 price (DE-LU)"
ida1,2026-08-27T04:30:00.000Z,2026-08-27T06:30:00,2026-08-27T04:45:00.000Z,175.6,"Pan-European Intraday auction, 15 minutes IDA1 price (DE-LU)"
ida1,2026-08-27T04:45:00.000Z,2026-08-27T06:45:00,2026-08-27T05:00:00.000Z,178.92,"Pan-European Intraday auction, 15 minutes IDA1 price (DE-LU)"
ida1,2026-08-27T05:00:00.000Z,2026-08-27T07:00:00,2026-08-27T05:15:00.000Z,183.64,"Pan-European Intraday auction, 15 minutes IDA1 price (DE-LU)"
ida1,2026-08-27T05:15:00.000Z,2026-08-27T07:15:00,2026-08-27T05:30:00.000Z,180,"Pan-European Intraday auction, 15 minutes IDA1 price (DE-LU)"
ida1,2026-08-27T05:30:00.000Z,2026-08-27T07:30:00,2026-08-27T05:45:00.000Z,172.88,"Pan-European Intraday auction, 15 minutes IDA1 price (DE-LU)"
ida1,2026-08-27T05:45:00.000Z,2026-08-27T07:45:00,2026-08-27T06:00:00.000Z,170,"Pan-European Intraday auction, 15 minutes IDA1 price (DE-LU)"
ida1,2026-08-27T06:00:00.000Z,2026-08-27T08:00:00,2026-08-27T06:15:00.000Z,175.72,"Pan-European Intraday auction, 15 minutes IDA1 price (DE-LU)"
ida1,2026-08-27T06:15:00.000Z,2026-08-27T08:15:00,2026-08-27T06:30:00.000Z,171.99,"Pan-European Intraday auction, 15 minutes IDA1 price (DE-LU)"
ida1,2026-08-27T06:30:00.000Z,2026-08-27T08:30:00,2026-08-27T06:45:00.000Z,162.63,"Pan-European Intraday auction, 15 minutes IDA1 price (DE-LU)"
ida1,2026-08-27T06:45:00.000Z,2026-08-27T08:45:00,2026-08-27T07:00:00.000Z,147.22,"Pan-European Intraday auction, 15 minutes IDA1 price (DE-LU)"
ida1,2026-08-27T07:00:00.000Z,2026-08-27T09:00:00,2026-08-27T07:15:00.000Z,154,"Pan-European Intraday auction, 15 minutes IDA1 price (DE-LU)"
ida1,2026-08-27T07:15:00.000Z,2026-08-27T09:15:00,2026-08-27T07:30:00.000Z,143.04,"Pan-European Intraday auction, 15 minutes IDA1 price (DE-LU)"
ida1,2026-08-27T07:30:00.000Z,2026-08-27T09:30:00,2026-08-27T07:45:00.000Z,129.4,"Pan-European Intraday auction, 15 minutes IDA1 price (DE-LU)"
ida1,2026-08-27T07:45:00.000Z,2026-08-27T09:45:00,2026-08-27T08:00:00.000Z,101.56,"Pan-European Intraday auction, 15 minutes IDA1 price (DE-LU)"
ida1,2026-08-27T08:00:00.000Z,2026-08-27T10:00:00,2026-08-27T08:15:00.000Z,119.67,"Pan-European Intraday auction, 15 minutes IDA1 price (DE-LU)"
ida1,2026-08-27T08:15:00.000Z,2026-08-27T10:15:00,2026-08-27T08:30:00.000Z,108.34,"Pan-European Intraday auction, 15 minutes IDA1 price (DE-LU)"
ida1,2026-08-27T08:30:00.000Z,2026-08-27T10:30:00,2026-08-27T08:45:00.000Z,91.34,"Pan-European Intraday auction, 15 minutes IDA1 price (DE-LU)"
ida1,2026-08-27T08:45:00.000Z,2026-08-27T10:45:00,2026-08-27T09:00:00.000Z,78.33,"Pan-European Intraday auction, 15 minutes IDA1 price (DE-LU)"
ida1,2026-08-27T09:00:00.000Z,2026-08-27T11:00:00,2026-08-27T09:15:00.000Z,103.8,"Pan-European Intraday auction, 15 minutes IDA1 price (DE-LU)"
ida1,2026-08-27T09:15:00.000Z,2026-08-27T11:15:00,2026-08-27T09:30:00.000Z,77,"Pan-European Intraday auction, 15 minutes IDA1 price (DE-LU)"
ida1,2026-08-27T09:30:00.000Z,2026-08-27T11:30:00,2026-08-27T09:45:00.000Z,45,"Pan-European Intraday auction, 15 minutes IDA1 price (DE-LU)"
ida1,2026-08-27T09:45:00.000Z,2026-08-27T11:45:00,2026-08-27T10:00:00.000Z,26.2,"Pan-European Intraday auction, 15 minutes IDA1 price (DE-LU)"
ida1,2026-08-27T10:00:00.000Z,2026-08-27T12:00:00,2026-08-27T10:15:00.000Z,31.98,"Pan-European Intraday auction, 15 minutes IDA1 price (DE-LU)"
ida1,2026-08-27T10:15:00.000Z,2026-08-27T12:15:00,2026-08-27T10:30:00.000Z,23.84,"Pan-European Intraday auction, 15 minutes IDA1 price (DE-LU)"
ida1,2026-08-27T10:30:00.000Z,2026-08-27T12:30:00,2026-08-27T10:45:00.000Z,20.07,"Pan-European Intraday auction, 15 minutes IDA1 price (DE-LU)"
ida1,2026-08-27T10:45:00.000Z,2026-08-27T12:45:00,2026-08-27T11:00:00.000Z,13.54,"Pan-European Intraday auction, 15 minutes IDA1 price (DE-LU)"
ida1,2026-08-27T11:00:00.000Z,2026-08-27T13:00:00,2026-08-27T11:15:00.000Z,13.52,"Pan-European Intraday auction, 15 minutes IDA1 price (DE-LU)"
ida1,2026-08-27T11:15:00.000Z,2026-08-27T13:15:00,2026-08-27T11:30:00.000Z,13.66,"Pan-European Intraday auction, 15 minutes IDA1 price (DE-LU)"
ida1,2026-08-27T11:30:00.000Z,2026-08-27T13:30:00,2026-08-27T11:45:00.000Z,12.48,"Pan-European Intraday auction, 15 minutes IDA1 price (DE-LU)"
ida1,2026-08-27T11:45:00.000Z,2026-08-27T13:45:00,2026-08-27T12:00:00.000Z,10.52,"Pan-European Intraday auction, 15 minutes IDA1 price (DE-LU)"
ida1,2026-08-27T12:00:00.000Z,2026-08-27T14:00:00,2026-08-27T12:15:00.000Z,11.59,"Pan-European Intraday auction, 15 minutes IDA1 price (DE-LU)"
ida1,2026-08-27T12:15:00.000Z,2026-08-27T14:15:00,2026-08-27T12:30:00.000Z,17.02,"Pan-European Intraday auction, 15 minutes IDA1 price (DE-LU)"
ida1,2026-08-27T12:30:00.000Z,2026-08-27T14:30:00,2026-08-27T12:45:00.000Z,23.02,"Pan-European Intraday auction, 15 minutes IDA1 price (DE-LU)"
ida1,2026-08-27T12:45:00.000Z,2026-08-27T14:45:00,2026-08-27T13:00:00.000Z,35,"Pan-European Intraday auction, 15 minutes IDA1 price (DE-LU)"
ida1,2026-08-27T13:00:00.000Z,2026-08-27T15:00:00,2026-08-27T13:15:00.000Z,33.85,"Pan-European Intraday auction, 15 minutes IDA1 price (DE-LU)"
ida1,2026-08-27T13:15:00.000Z,2026-08-27T15:15:00,2026-08-27T13:30:00.000Z,37.13,"Pan-European Intraday auction, 15 minutes IDA1 price (DE-LU)"
ida1,2026-08-27T13:30:00.000Z,2026-08-27T15:30:00,2026-08-27T13:45:00.000Z,61.58,"Pan-European Intraday auction, 15 minutes IDA1 price (DE-LU)"
ida1,2026-08-27T13:45:00.000Z,2026-08-27T15:45:00,2026-08-27T14:00:00.000Z,74.99,"Pan-European Intraday auction, 15 minutes IDA1 price (DE-LU)"
ida1,2026-08-27T14:00:00.000Z,2026-08-27T16:00:00,2026-08-27T14:15:00.000Z,59.96,"Pan-European Intraday auction, 15 minutes IDA1 price (DE-LU)"
ida1,2026-08-27T14:15:00.000Z,2026-08-27T16:15:00,2026-08-27T14:30:00.000Z,96.12,"Pan-European Intraday auction, 15 minutes IDA1 price (DE-LU)"
ida1,2026-08-27T14:30:00.000Z,2026-08-27T16:30:00,2026-08-27T14:45:00.000Z,116.67,"Pan-European Intraday auction, 15 minutes IDA1 price (DE-LU)"
ida1,2026-08-27T14:45:00.000Z,2026-08-27T16:45:00,2026-08-27T15:00:00.000Z,127.32,"Pan-European Intraday auction, 15 minutes IDA1 price (DE-LU)"
ida1,2026-08-27T15:00:00.000Z,2026-08-27T17:00:00,2026-08-27T15:15:00.000Z,128.88,"Pan-European Intraday auction, 15 minutes IDA1 price (DE-LU)"
ida1,2026-08-27T15:15:00.000Z,2026-08-27T17:15:00,2026-08-27T15:30:00.000Z,142.47,"Pan-European Intraday auction, 15 minutes IDA1 price (DE-LU)"
ida1,2026-08-27T15:30:00.000Z,2026-08-27T17:30:00,2026-08-27T15:45:00.000Z,162.29,"Pan-European Intraday auction, 15 minutes IDA1 price (DE-LU)"
ida1,2026-08-27T15:45:00.000Z,2026-08-27T17:45:00,2026-08-27T16:00:00.000Z,175.04,"Pan-European Intraday auction, 15 minutes IDA1 price (DE-LU)"
ida1,2026-08-27T16:00:00.000Z,2026-08-27T18:00:00,2026-08-27T16:15:00.000Z,166.75,"Pan-European Intraday auction, 15 minutes IDA1 price (DE-LU)"
ida1,2026-08-27T16:15:00.000Z,2026-08-27T18:15:00,2026-08-27T16:30:00.000Z,173.01,"Pan-European Intraday auction, 15 minutes IDA1 price (DE-LU)"
ida1,2026-08-27T16:30:00.000Z,2026-08-27T18:30:00,2026-08-27T16:45:00.000Z,183.04,"Pan-European Intraday auction, 15 minutes IDA1 price (DE-LU)"
ida1,2026-08-27T16:45:00.000Z,2026-08-27T18:45:00,2026-08-27T17:00:00.000Z,205.99,"Pan-European Intraday auction, 15 minutes IDA1 price (DE-LU)"
ida1,2026-08-27T17:00:00.000Z,2026-08-27T19:00:00,2026-08-27T17:15:00.000Z,192.33,"Pan-European Intraday auction, 15 minutes IDA1 price (DE-LU)"
ida1,2026-08-27T17:15:00.000Z,2026-08-27T19:15:00,2026-08-27T17:30:00.000Z,205.99,"Pan-European Intraday auction, 15 minutes IDA1 price (DE-LU)"
ida1,2026-08-27T17:30:00.000Z,2026-08-27T19:30:00,2026-08-27T17:45:00.000Z,214.04,"Pan-European Intraday auction, 15 minutes IDA1 price (DE-LU)"
ida1,2026-08-27T17:45:00.000Z,2026-08-27T19:45:00,2026-08-27T18:00:00.000Z,221.29,"Pan-European Intraday auction, 15 minutes IDA1 price (DE-LU)"
ida1,2026-08-27T18:00:00.000Z,2026-08-27T20:00:00,2026-08-27T18:15:00.000Z,207.07,"Pan-European Intraday auction, 15 minutes IDA1 price (DE-LU)"
ida1,2026-08-27T18:15:00.000Z,2026-08-27T20:15:00,2026-08-27T18:30:00.000Z,205.01,"Pan-European Intraday auction, 15 minutes IDA1 price (DE-LU)"
ida1,2026-08-27T18:30:00.000Z,2026-08-27T20:30:00,2026-08-27T18:45:00.000Z,199.24,"Pan-European Intraday auction, 15 minutes IDA1 price (DE-LU)"
ida1,2026-08-27T18:45:00.000Z,2026-08-27T20:45:00,2026-08-27T19:00:00.000Z,182.33,"Pan-European Intraday auction, 15 minutes IDA1 price (DE-LU)"
ida1,2026-08-27T19:00:00.000Z,2026-08-27T21:00:00,2026-08-27T19:15:00.000Z,202,"Pan-European Intraday auction, 15 minutes IDA1 price (DE-LU)"
ida1,2026-08-27T19:15:00.000Z,2026-08-27T21:15:00,2026-08-27T19:30:00.000Z,186.15,"Pan-European Intraday auction, 15 minutes IDA1 price (DE-LU)"
ida1,2026-08-27T19:30:00.000Z,2026-08-27T21:30:00,2026-08-27T19:45:00.000Z,170,"Pan-European Intraday auction, 15 minutes IDA1 price (DE-LU)"
ida1,2026-08-27T19:45:00.000Z,2026-08-27T21:45:00,2026-08-27T20:00:00.000Z,170.01,"Pan-European Intraday auction, 15 minutes IDA1 price (DE-LU)"
ida1,2026-08-27T20:00:00.000Z,2026-08-27T22:00:00,2026-08-27T20:15:00.000Z,181.4,"Pan-European Intraday auction, 15 minutes IDA1 price (DE-LU)"
ida1,2026-08-27T20:15:00.000Z,2026-08-27T22:15:00,2026-08-27T20:30:00.000Z,173,"Pan-European Intraday auction, 15 minutes IDA1 price (DE-LU)"
ida1,2026-08-27T20:30:00.000Z,2026-08-27T22:30:00,2026-08-27T20:45:00.000Z,169.74,"Pan-European Intraday auction, 15 minutes IDA1 price (DE-LU)"
ida1,2026-08-27T20:45:00.000Z,2026-08-27T22:45:00,2026-08-27T21:00:00.000Z,166.86,"Pan-European Intraday auction, 15 minutes IDA1 price (DE-LU)"
ida1,2026-08-27T21:00:00.000Z,2026-08-27T23:00:00,2026-08-27T21:15:00.000Z,160.1,"Pan-European Intraday auction, 15 minutes IDA1 price (DE-LU)"
ida1,2026-08-27T21:15:00.000Z,2026-08-27T23:15:00,2026-08-27T21:30:00.000Z,157.38,"Pan-European Intraday auction, 15 minutes IDA1 price (DE-LU)"
ida1,2026-08-27T21:30:00.000Z,2026-08-27T23:30:00,2026-08-27T21:45:00.000Z,155.66,"Pan-European Intraday auction, 15 minutes IDA1 price (DE-LU)"
ida1,2026-08-27T21:45:00.000Z,2026-08-27T23:45:00,2026-08-27T22:00:00.000Z,152.42,"Pan-European Intraday auction, 15 minutes IDA1 price (DE-LU)"
ida1,2026-08-27T22:00:00.000Z,2026-08-28T00:00:00,2026-08-27T22:15:00.000Z,130.73,"Pan-European Intraday auction, 15 minutes IDA1 price (DE-LU)"
ida1,2026-08-27T22:15:00.000Z,2026-08-28T00:15:00,2026-08-27T22:30:00.000Z,131.52,"Pan-European Intraday auction, 15 minutes IDA1 price (DE-LU)"
ida1,2026-08-27T22:30:00.000Z,2026-08-28T00:30:00,2026-08-27T22:45:00.000Z,132.55,"Pan-European Intraday auction, 15 minutes IDA1 price (DE-LU)"
ida1,2026-08-27T22:45:00.000Z,2026-08-28T00:45:00,2026-08-27T23:00:00.000Z,136.16,"Pan-European Intraday auction, 15 minutes IDA1 price (DE-LU)"
ida1,2026-08-27T23:00:00.000Z,2026-08-28T01:00:00,2026-08-27T23:15:00.000Z,139.69,"Pan-European Intraday auction, 15 minutes IDA1 price (DE-LU)"
ida1,2026-08-27T23:15:00.000Z,2026-08-28T01:15:00,2026-08-27T23:30:00.000Z,143.78,"Pan-European Intraday auction, 15 minutes IDA1 price (DE-LU)"
ida1,2026-08-27T23:30:00.000Z,2026-08-28T01:30:00,2026-08-27T23:45:00.000Z,147.93,"Pan-European Intraday auction, 15 minutes IDA1 price (DE-LU)"
ida1,2026-08-27T23:45:00.000Z,2026-08-28T01:45:00,2026-08-28T00:00:00.000Z,140.44,"Pan-European Intraday auction, 15 minutes IDA1 price (DE-LU)"
ida1,2026-08-28T00:00:00.000Z,2026-08-28T02:00:00,2026-08-28T00:15:00.000Z,144,"Pan-European Intraday auction, 15 minutes IDA1 price (DE-LU)"
ida1,2026-08-28T00:15:00.000Z,2026-08-28T02:15:00,2026-08-28T00:30:00.000Z,140.69,"Pan-European Intraday auction, 15 minutes IDA1 price (DE-LU)"
ida1,2026-08-28T00:30:00.000Z,2026-08-28T02:30:00,2026-08-28T00:45:00.000Z,140.44,"Pan-European Intraday auction, 15 minutes IDA1 price (DE-LU)"
ida1,2026-08-28T00:45:00.000Z,2026-08-28T02:45:00,2026-08-28T01:00:00.000Z,141.64,"Pan-European Intraday auction, 15 minutes IDA1 price (DE-LU)"
ida1,2026-08-28T01:00:00.000Z,2026-08-28T03:00:00,2026-08-28T01:15:00.000Z,137.77,"Pan-European Intraday auction, 15 minutes IDA1 price (DE-LU)"
ida1,2026-08-28T01:15:00.000Z,2026-08-28T03:15:00,2026-08-28T01:30:00.000Z,135.44,"Pan-European Intraday auction, 15 minutes IDA1 price (DE-LU)"
ida1,2026-08-28T01:30:00.000Z,2026-08-28T03:30:00,2026-08-28T01:45:00.000Z,140.84,"Pan-European Intraday auction, 15 minutes IDA1 price (DE-LU)"
ida1,2026-08-28T01:45:00.000Z,2026-08-28T03:45:00,2026-08-28T02:00:00.000Z,141.76,"Pan-European Intraday auction, 15 minutes IDA1 price (DE-LU)"
ida1,2026-08-28T02:00:00.000Z,2026-08-28T04:00:00,2026-08-28T02:15:00.000Z,141.6,"Pan-European Intraday auction, 15 minutes IDA1 price (DE-LU)"
ida1,2026-08-28T02:15:00.000Z,2026-08-28T04:15:00,2026-08-28T02:30:00.000Z,139.35,"Pan-European Intraday auction, 15 minutes IDA1 price (DE-LU)"
ida1,2026-08-28T02:30:00.000Z,2026-08-28T04:30:00,2026-08-28T02:45:00.000Z,138.11,"Pan-European Intraday auction, 15 minutes IDA1 price (DE-LU)"
ida1,2026-08-28T02:45:00.000Z,2026-08-28T04:45:00,2026-08-28T03:00:00.000Z,137.55,"Pan-European Intraday auction, 15 minutes IDA1 price (DE-LU)"
ida1,2026-08-28T03:00:00.000Z,2026-08-28T05:00:00,2026-08-28T03:15:00.000Z,141.56,"Pan-European Intraday auction, 15 minutes IDA1 price (DE-LU)"
ida1,2026-08-28T03:15:00.000Z,2026-08-28T05:15:00,2026-08-28T03:30:00.000Z,143,"Pan-European Intraday auction, 15 minutes IDA1 price (DE-LU)"
ida1,2026-08-28T03:30:00.000Z,2026-08-28T05:30:00,2026-08-28T03:45:00.000Z,148.98,"Pan-European Intraday auction, 15 minutes IDA1 price (DE-LU)"
ida1,2026-08-28T03:45:00.000Z,2026-08-28T05:45:00,2026-08-28T04:00:00.000Z,156.13,"Pan-European Intraday auction, 15 minutes IDA1 price (DE-LU)"
ida1,2026-08-28T04:00:00.000Z,2026-08-28T06:00:00,2026-08-28T04:15:00.000Z,159.34,"Pan-European Intraday auction, 15 minutes IDA1 price (DE-LU)"
ida1,2026-08-28T04:15:00.000Z,2026-08-28T06:15:00,2026-08-28T04:30:00.000Z,169.99,"Pan-European Intraday auction, 15 minutes IDA1 price (DE-LU)"
ida1,2026-08-28T04:30:00.000Z,2026-08-28T06:30:00,2026-08-28T04:45:00.000Z,170,"Pan-European Intraday auction, 15 minutes IDA1 price (DE-LU)"
ida1,2026-08-28T04:45:00.000Z,2026-08-28T06:45:00,2026-08-28T05:00:00.000Z,169,"Pan-European Intraday auction, 15 minutes IDA1 price (DE-LU)"
ida1,2026-08-28T05:00:00.000Z,2026-08-28T07:00:00,2026-08-28T05:15:00.000Z,172.9,"Pan-European Intraday auction, 15 minutes IDA1 price (DE-LU)"
ida1,2026-08-28T05:15:00.000Z,2026-08-28T07:15:00,2026-08-28T05:30:00.000Z,174.58,"Pan-European Intraday auction, 15 minutes IDA1 price (DE-LU)"
ida1,2026-08-28T05:30:00.000Z,2026-08-28T07:30:00,2026-08-28T05:45:00.000Z,174.79,"Pan-European Intraday auction, 15 minutes IDA1 price (DE-LU)"
ida1,2026-08-28T05:45:00.000Z,2026-08-28T07:45:00,2026-08-28T06:00:00.000Z,169.31,"Pan-European Intraday auction, 15 minutes IDA1 price (DE-LU)"
ida1,2026-08-28T06:00:00.000Z,2026-08-28T08:00:00,2026-08-28T06:15:00.000Z,182.66,"Pan-European Intraday auction, 15 minutes IDA1 price (DE-LU)"
ida1,2026-08-28T06:15:00.000Z,2026-08-28T08:15:00,2026-08-28T06:30:00.000Z,174.63,"Pan-European Intraday auction, 15 minutes IDA1 price (DE-LU)"
ida1,2026-08-28T06:30:00.000Z,2026-08-28T08:30:00,2026-08-28T06:45:00.000Z,168.35,"Pan-European Intraday auction, 15 minutes IDA1 price (DE-LU)"
ida1,2026-08-28T06:45:00.000Z,2026-08-28T08:45:00,2026-08-28T07:00:00.000Z,160.24,"Pan-European Intraday auction, 15 minutes IDA1 price (DE-LU)"
ida1,2026-08-28T07:00:00.000Z,2026-08-28T09:00:00,2026-08-28T07:15:00.000Z,173.5,"Pan-European Intraday auction, 15 minutes IDA1 price (DE-LU)"
ida1,2026-08-28T07:15:00.000Z,2026-08-28T09:15:00,2026-08-28T07:30:00.000Z,167.75,"Pan-European Intraday auction, 15 minutes IDA1 price (DE-LU)"
ida1,2026-08-28T07:30:00.000Z,2026-08-28T09:30:00,2026-08-28T07:45:00.000Z,159.03,"Pan-European Intraday auction, 15 minutes IDA1 price (DE-LU)"
ida1,2026-08-28T07:45:00.000Z,2026-08-28T09:45:00,2026-08-28T08:00:00.000Z,155.96,"Pan-European Intraday auction, 15 minutes IDA1 price (DE-LU)"
ida1,2026-08-28T08:00:00.000Z,2026-08-28T10:00:00,2026-08-28T08:15:00.000Z,160.74,"Pan-European Intraday auction, 15 minutes IDA1 price (DE-LU)"
ida1,2026-08-28T08:15:00.000Z,2026-08-28T10:15:00,2026-08-28T08:30:00.000Z,153.42,"Pan-European Intraday auction, 15 minutes IDA1 price (DE-LU)"
ida1,2026-08-28T08:30:00.000Z,2026-08-28T10:30:00,2026-08-28T08:45:00.000Z,142.92,"Pan-European Intraday auction, 15 minutes IDA1 price (DE-LU)"
ida1,2026-08-28T08:45:00.000Z,2026-08-28T10:45:00,2026-08-28T09:00:00.000Z,133.69,"Pan-European Intraday auction, 15 minutes IDA1 price (DE-LU)"
ida1,2026-08-28T09:00:00.000Z,2026-08-28T11:00:00,2026-08-28T09:15:00.000Z,145.28,"Pan-European Intraday auction, 15 minutes IDA1 price (DE-LU)"
ida1,2026-08-28T09:15:00.000Z,2026-08-28T11:15:00,2026-08-28T09:30:00.000Z,134,"Pan-European Intraday auction, 15 minutes IDA1 price (DE-LU)"
ida1,2026-08-28T09:30:00.000Z,2026-08-28T11:30:00,2026-08-28T09:45:00.000Z,130.07,"Pan-European Intraday auction, 15 minutes IDA1 price (DE-LU)"
ida1,2026-08-28T09:45:00.000Z,2026-08-28T11:45:00,2026-08-28T10:00:00.000Z,129.45,"Pan-European Intraday auction, 15 minutes IDA1 price (DE-LU)"
ida1,2026-08-28T10:00:00.000Z,2026-08-28T12:00:00,2026-08-28T10:15:00.000Z,127.37,"Pan-European Intraday auction, 15 minutes IDA1 price (DE-LU)"
ida1,2026-08-28T10:15:00.000Z,2026-08-28T12:15:00,2026-08-28T10:30:00.000Z,124.38,"Pan-European Intraday auction, 15 minutes IDA1 price (DE-LU)"
ida1,2026-08-28T10:30:00.000Z,2026-08-28T12:30:00,2026-08-28T10:45:00.000Z,122.69,"Pan-European Intraday auction, 15 minutes IDA1 price (DE-LU)"
ida1,2026-08-28T10:45:00.000Z,2026-08-28T12:45:00,2026-08-28T11:00:00.000Z,122.4,"Pan-European Intraday auction, 15 minutes IDA1 price (DE-LU)"
ida1,2026-08-28T11:00:00.000Z,2026-08-28T13:00:00,2026-08-28T11:15:00.000Z,118.46,"Pan-European Intraday auction, 15 minutes IDA1 price (DE-LU)"
ida1,2026-08-28T11:15:00.000Z,2026-08-28T13:15:00,2026-08-28T11:30:00.000Z,112.77,"Pan-European Intraday auction, 15 minutes IDA1 price (DE-LU)"
ida1,2026-08-28T11:30:00.000Z,2026-08-28T13:30:00,2026-08-28T11:45:00.000Z,109.38,"Pan-European Intraday auction, 15 minutes IDA1 price (DE-LU)"
ida1,2026-08-28T11:45:00.000Z,2026-08-28T13:45:00,2026-08-28T12:00:00.000Z,104.35,"Pan-European Intraday auction, 15 minutes IDA1 price (DE-LU)"
ida1,2026-08-28T12:00:00.000Z,2026-08-28T14:00:00,2026-08-28T12:15:00.000Z,108.79,"Pan-European Intraday auction, 15 minutes IDA1 price (DE-LU)"
ida1,2026-08-28T12:15:00.000Z,2026-08-28T14:15:00,2026-08-28T12:30:00.000Z,103.41,"Pan-European Intraday auction, 15 minutes IDA1 price (DE-LU)"
ida1,2026-08-28T12:30:00.000Z,2026-08-28T14:30:00,2026-08-28T12:45:00.000Z,108.53,"Pan-European Intraday auction, 15 minutes IDA1 price (DE-LU)"
ida1,2026-08-28T12:45:00.000Z,2026-08-28T14:45:00,2026-08-28T13:00:00.000Z,103.19,"Pan-European Intraday auction, 15 minutes IDA1 price (DE-LU)"
ida1,2026-08-28T13:00:00.000Z,2026-08-28T15:00:00,2026-08-28T13:15:00.000Z,105.57,"Pan-European Intraday auction, 15 minutes IDA1 price (DE-LU)"
ida1,2026-08-28T13:15:00.000Z,2026-08-28T15:15:00,2026-08-28T13:30:00.000Z,113.69,"Pan-European Intraday auction, 15 minutes IDA1 price (DE-LU)"
ida1,2026-08-28T13:30:00.000Z,2026-08-28T15:30:00,2026-08-28T13:45:00.000Z,120.21,"Pan-European Intraday auction, 15 minutes IDA1 price (DE-LU)"
ida1,2026-08-28T13:45:00.000Z,2026-08-28T15:45:00,2026-08-28T14:00:00.000Z,126,"Pan-European Intraday auction, 15 minutes IDA1 price (DE-LU)"
ida1,2026-08-28T14:00:00.000Z,2026-08-28T16:00:00,2026-08-28T14:15:00.000Z,106.09,"Pan-European Intraday auction, 15 minutes IDA1 price (DE-LU)"
ida1,2026-08-28T14:15:00.000Z,2026-08-28T16:15:00,2026-08-28T14:30:00.000Z,114.62,"Pan-European Intraday auction, 15 minutes IDA1 price (DE-LU)"
ida1,2026-08-28T14:30:00.000Z,2026-08-28T16:30:00,2026-08-28T14:45:00.000Z,119.23,"Pan-European Intraday auction, 15 minutes IDA1 price (DE-LU)"
ida1,2026-08-28T14:45:00.000Z,2026-08-28T16:45:00,2026-08-28T15:00:00.000Z,124.8,"Pan-European Intraday auction, 15 minutes IDA1 price (DE-LU)"
ida1,2026-08-28T15:00:00.000Z,2026-08-28T17:00:00,2026-08-28T15:15:00.000Z,118.01,"Pan-European Intraday auction, 15 minutes IDA1 price (DE-LU)"
ida1,2026-08-28T15:15:00.000Z,2026-08-28T17:15:00,2026-08-28T15:30:00.000Z,132.27,"Pan-European Intraday auction, 15 minutes IDA1 price (DE-LU)"
ida1,2026-08-28T15:30:00.000Z,2026-08-28T17:30:00,2026-08-28T15:45:00.000Z,150,"Pan-European Intraday auction, 15 minutes IDA1 price (DE-LU)"
ida1,2026-08-28T15:45:00.000Z,2026-08-28T17:45:00,2026-08-28T16:00:00.000Z,157.78,"Pan-European Intraday auction, 15 minutes IDA1 price (DE-LU)"
ida1,2026-08-28T16:00:00.000Z,2026-08-28T18:00:00,2026-08-28T16:15:00.000Z,143.93,"Pan-European Intraday auction, 15 minutes IDA1 price (DE-LU)"
ida1,2026-08-28T16:15:00.000Z,2026-08-28T18:15:00,2026-08-28T16:30:00.000Z,155.15,"Pan-European Intraday auction, 15 minutes IDA1 price (DE-LU)"
ida1,2026-08-28T16:30:00.000Z,2026-08-28T18:30:00,2026-08-28T16:45:00.000Z,165,"Pan-European Intraday auction, 15 minutes IDA1 price (DE-LU)"
ida1,2026-08-28T16:45:00.000Z,2026-08-28T18:45:00,2026-08-28T17:00:00.000Z,166.67,"Pan-European Intraday auction, 15 minutes IDA1 price (DE-LU)"
ida1,2026-08-28T17:00:00.000Z,2026-08-28T19:00:00,2026-08-28T17:15:00.000Z,156,"Pan-European Intraday auction, 15 minutes IDA1 price (DE-LU)"
ida1,2026-08-28T17:15:00.000Z,2026-08-28T19:15:00,2026-08-28T17:30:00.000Z,165.8,"Pan-European Intraday auction, 15 minutes IDA1 price (DE-LU)"
ida1,2026-08-28T17:30:00.000Z,2026-08-28T19:30:00,2026-08-28T17:45:00.000Z,171.07,"Pan-European Intraday auction, 15 minutes IDA1 price (DE-LU)"
ida1,2026-08-28T17:45:00.000Z,2026-08-28T19:45:00,2026-08-28T18:00:00.000Z,181.87,"Pan-European Intraday auction, 15 minutes IDA1 price (DE-LU)"
ida1,2026-08-28T18:00:00.000Z,2026-08-28T20:00:00,2026-08-28T18:15:00.000Z,171.25,"Pan-European Intraday auction, 15 minutes IDA1 price (DE-LU)"
ida1,2026-08-28T18:15:00.000Z,2026-08-28T20:15:00,2026-08-28T18:30:00.000Z,170.41,"Pan-European Intraday auction, 15 minutes IDA1 price (DE-LU)"
ida1,2026-08-28T18:30:00.000Z,2026-08-28T20:30:00,2026-08-28T18:45:00.000Z,174.12,"Pan-European Intraday auction, 15 minutes IDA1 price (DE-LU)"
ida1,2026-08-28T18:45:00.000Z,2026-08-28T20:45:00,2026-08-28T19:00:00.000Z,171.97,"Pan-European Intraday auction, 15 minutes IDA1 price (DE-LU)"
ida1,2026-08-28T19:00:00.000Z,2026-08-28T21:00:00,2026-08-28T19:15:00.000Z,175.91,"Pan-European Intraday auction, 15 minutes IDA1 price (DE-LU)"
ida1,2026-08-28T19:15:00.000Z,2026-08-28T21:15:00,2026-08-28T19:30:00.000Z,169.88,"Pan-European Intraday auction, 15 minutes IDA1 price (DE-LU)"
ida1,2026-08-28T19:30:00.000Z,2026-08-28T21:30:00,2026-08-28T19:45:00.000Z,165.51,"Pan-European Intraday auction, 15 minutes IDA1 price (DE-LU)"
ida1,2026-08-28T19:45:00.000Z,2026-08-28T21:45:00,2026-08-28T20:00:00.000Z,152.7,"Pan-European Intraday auction, 15 minutes IDA1 price (DE-LU)"
ida1,2026-08-28T20:00:00.000Z,2026-08-28T22:00:00,2026-08-28T20:15:00.000Z,171.87,"Pan-European Intraday auction, 15 minutes IDA1 price (DE-LU)"
ida1,2026-08-28T20:15:00.000Z,2026-08-28T22:15:00,2026-08-28T20:30:00.000Z,166.29,"Pan-European Intraday auction, 15 minutes IDA1 price (DE-LU)"
ida1,2026-08-28T20:30:00.000Z,2026-08-28T22:30:00,2026-08-28T20:45:00.000Z,158.7,"Pan-European Intraday auction, 15 minutes IDA1 price (DE-LU)"
ida1,2026-08-28T20:45:00.000Z,2026-08-28T22:45:00,2026-08-28T21:00:00.000Z,149.4,"Pan-European Intraday auction, 15 minutes IDA1 price (DE-LU)"
ida1,2026-08-28T21:00:00.000Z,2026-08-28T23:00:00,2026-08-28T21:15:00.000Z,152.48,"Pan-European Intraday auction, 15 minutes IDA1 price (DE-LU)"
ida1,2026-08-28T21:15:00.000Z,2026-08-28T23:15:00,2026-08-28T21:30:00.000Z,145.4,"Pan-European Intraday auction, 15 minutes IDA1 price (DE-LU)"
ida1,2026-08-28T21:30:00.000Z,2026-08-28T23:30:00,2026-08-28T21:45:00.000Z,142.32,"Pan-European Intraday auction, 15 minutes IDA1 price (DE-LU)"
ida1,2026-08-28T21:45:00.000Z,2026-08-28T23:45:00,2026-08-28T22:00:00.000Z,134.3,"Pan-European Intraday auction, 15 minutes IDA1 price (DE-LU)"
ida1,2026-08-28T22:00:00.000Z,2026-08-29T00:00:00,2026-08-28T22:15:00.000Z,145,"Pan-European Intraday auction, 15 minutes IDA1 price (DE-LU)"
ida1,2026-08-28T22:15:00.000Z,2026-08-29T00:15:00,2026-08-28T22:30:00.000Z,135.33,"Pan-European Intraday auction, 15 minutes IDA1 price (DE-LU)"
ida1,2026-08-28T22:30:00.000Z,2026-08-29T00:30:00,2026-08-28T22:45:00.000Z,126.27,"Pan-European Intraday auction, 15 minutes IDA1 price (DE-LU)"
ida1,2026-08-28T22:45:00.000Z,2026-08-29T00:45:00,2026-08-28T23:00:00.000Z,113.68,"Pan-European Intraday auction, 15 minutes IDA1 price (DE-LU)"
ida1,2026-08-28T23:00:00.000Z,2026-08-29T01:00:00,2026-08-28T23:15:00.000Z,117.42,"Pan-European Intraday auction, 15 minutes IDA1 price (DE-LU)"
ida1,2026-08-28T23:15:00.000Z,2026-08-29T01:15:00,2026-08-28T23:30:00.000Z,114.51,"Pan-European Intraday auction, 15 minutes IDA1 price (DE-LU)"
ida1,2026-08-28T23:30:00.000Z,2026-08-29T01:30:00,2026-08-28T23:45:00.000Z,111.96,"Pan-European Intraday auction, 15 minutes IDA1 price (DE-LU)"
ida1,2026-08-28T23:45:00.000Z,2026-08-29T01:45:00,2026-08-29T00:00:00.000Z,109.43,"Pan-European Intraday auction, 15 minutes IDA1 price (DE-LU)"
ida1,2026-08-29T00:00:00.000Z,2026-08-29T02:00:00,2026-08-29T00:15:00.000Z,110.37,"Pan-European Intraday auction, 15 minutes IDA1 price (DE-LU)"
ida1,2026-08-29T00:15:00.000Z,2026-08-29T02:15:00,2026-08-29T00:30:00.000Z,105.77,"Pan-European Intraday auction, 15 minutes IDA1 price (DE-LU)"
ida1,2026-08-29T00:30:00.000Z,2026-08-29T02:30:00,2026-08-29T00:45:00.000Z,103.8,"Pan-European Intraday auction, 15 minutes IDA1 price (DE-LU)"
ida1,2026-08-29T00:45:00.000Z,2026-08-29T02:45:00,2026-08-29T01:00:00.000Z,96.02,"Pan-European Intraday auction, 15 minutes IDA1 price (DE-LU)"
ida1,2026-08-29T01:00:00.000Z,2026-08-29T03:00:00,2026-08-29T01:15:00.000Z,101.81,"Pan-European Intraday auction, 15 minutes IDA1 price (DE-LU)"
ida1,2026-08-29T01:15:00.000Z,2026-08-29T03:15:00,2026-08-29T01:30:00.000Z,97.18,"Pan-European Intraday auction, 15 minutes IDA1 price (DE-LU)"
ida1,2026-08-29T01:30:00.000Z,2026-08-29T03:30:00,2026-08-29T01:45:00.000Z,95.4,"Pan-European Intraday auction, 15 minutes IDA1 price (DE-LU)"
ida1,2026-08-29T01:45:00.000Z,2026-08-29T03:45:00,2026-08-29T02:00:00.000Z,96.14,"Pan-European Intraday auction, 15 minutes IDA1 price (DE-LU)"
ida1,2026-08-29T02:00:00.000Z,2026-08-29T04:00:00,2026-08-29T02:15:00.000Z,99.58,"Pan-European Intraday auction, 15 minutes IDA1 price (DE-LU)"
ida1,2026-08-29T02:15:00.000Z,2026-08-29T04:15:00,2026-08-29T02:30:00.000Z,98.12,"Pan-European Intraday auction, 15 minutes IDA1 price (DE-LU)"
ida1,2026-08-29T02:30:00.000Z,2026-08-29T04:30:00,2026-08-29T02:45:00.000Z,97.56,"Pan-European Intraday auction, 15 minutes IDA1 price (DE-LU)"
ida1,2026-08-29T02:45:00.000Z,2026-08-29T04:45:00,2026-08-29T03:00:00.000Z,96.1,"Pan-European Intraday auction, 15 minutes IDA1 price (DE-LU)"
ida1,2026-08-29T03:00:00.000Z,2026-08-29T05:00:00,2026-08-29T03:15:00.000Z,100.26,"Pan-European Intraday auction, 15 minutes IDA1 price (DE-LU)"
ida1,2026-08-29T03:15:00.000Z,2026-08-29T05:15:00,2026-08-29T03:30:00.000Z,97.3,"Pan-European Intraday auction, 15 minutes IDA1 price (DE-LU)"
ida1,2026-08-29T03:30:00.000Z,2026-08-29T05:30:00,2026-08-29T03:45:00.000Z,98.11,"Pan-European Intraday auction, 15 minutes IDA1 price (DE-LU)"
ida1,2026-08-29T03:45:00.000Z,2026-08-29T05:45:00,2026-08-29T04:00:00.000Z,99.63,"Pan-European Intraday auction, 15 minutes IDA1 price (DE-LU)"
ida1,2026-08-29T04:00:00.000Z,2026-08-29T06:00:00,2026-08-29T04:15:00.000Z,99.36,"Pan-European Intraday auction, 15 minutes IDA1 price (DE-LU)"
ida1,2026-08-29T04:15:00.000Z,2026-08-29T06:15:00,2026-08-29T04:30:00.000Z,100.36,"Pan-European Intraday auction, 15 minutes IDA1 price (DE-LU)"
ida1,2026-08-29T04:30:00.000Z,2026-08-29T06:30:00,2026-08-29T04:45:00.000Z,99.89,"Pan-European Intraday auction, 15 minutes IDA1 price (DE-LU)"
ida1,2026-08-29T04:45:00.000Z,2026-08-29T06:45:00,2026-08-29T05:00:00.000Z,97.81,"Pan-European Intraday auction, 15 minutes IDA1 price (DE-LU)"
ida1,2026-08-29T05:00:00.000Z,2026-08-29T07:00:00,2026-08-29T05:15:00.000Z,102.78,"Pan-European Intraday auction, 15 minutes IDA1 price (DE-LU)"
ida1,2026-08-29T05:15:00.000Z,2026-08-29T07:15:00,2026-08-29T05:30:00.000Z,101.79,"Pan-European Intraday auction, 15 minutes IDA1 price (DE-LU)"
ida1,2026-08-29T05:30:00.000Z,2026-08-29T07:30:00,2026-08-29T05:45:00.000Z,97.77,"Pan-European Intraday auction, 15 minutes IDA1 price (DE-LU)"
ida1,2026-08-29T05:45:00.000Z,2026-08-29T07:45:00,2026-08-29T06:00:00.000Z,88.57,"Pan-European Intraday auction, 15 minutes IDA1 price (DE-LU)"
ida1,2026-08-29T06:00:00.000Z,2026-08-29T08:00:00,2026-08-29T06:15:00.000Z,91.37,"Pan-European Intraday auction, 15 minutes IDA1 price (DE-LU)"
ida1,2026-08-29T06:15:00.000Z,2026-08-29T08:15:00,2026-08-29T06:30:00.000Z,75.95,"Pan-European Intraday auction, 15 minutes IDA1 price (DE-LU)"
ida1,2026-08-29T06:30:00.000Z,2026-08-29T08:30:00,2026-08-29T06:45:00.000Z,33.9,"Pan-European Intraday auction, 15 minutes IDA1 price (DE-LU)"
ida1,2026-08-29T06:45:00.000Z,2026-08-29T08:45:00,2026-08-29T07:00:00.000Z,10.94,"Pan-European Intraday auction, 15 minutes IDA1 price (DE-LU)"
ida1,2026-08-29T07:00:00.000Z,2026-08-29T09:00:00,2026-08-29T07:15:00.000Z,10.98,"Pan-European Intraday auction, 15 minutes IDA1 price (DE-LU)"
ida1,2026-08-29T07:15:00.000Z,2026-08-29T09:15:00,2026-08-29T07:30:00.000Z,0,"Pan-European Intraday auction, 15 minutes IDA1 price (DE-LU)"
ida1,2026-08-29T07:30:00.000Z,2026-08-29T09:30:00,2026-08-29T07:45:00.000Z,-0.99,"Pan-European Intraday auction, 15 minutes IDA1 price (DE-LU)"
ida1,2026-08-29T07:45:00.000Z,2026-08-29T09:45:00,2026-08-29T08:00:00.000Z,-1,"Pan-European Intraday auction, 15 minutes IDA1 price (DE-LU)"
ida1,2026-08-29T08:00:00.000Z,2026-08-29T10:00:00,2026-08-29T08:15:00.000Z,-0.39,"Pan-European Intraday auction, 15 minutes IDA1 price (DE-LU)"
ida1,2026-08-29T08:15:00.000Z,2026-08-29T10:15:00,2026-08-29T08:30:00.000Z,-2.8,"Pan-European Intraday auction, 15 minutes IDA1 price (DE-LU)"
ida1,2026-08-29T08:30:00.000Z,2026-08-29T10:30:00,2026-08-29T08:45:00.000Z,0,"Pan-European Intraday auction, 15 minutes IDA1 price (DE-LU)"
ida1,2026-08-29T08:45:00.000Z,2026-08-29T10:45:00,2026-08-29T09:00:00.000Z,-0.16,"Pan-European Intraday auction, 15 minutes IDA1 price (DE-LU)"
ida1,2026-08-29T09:00:00.000Z,2026-08-29T11:00:00,2026-08-29T09:15:00.000Z,0,"Pan-European Intraday auction, 15 minutes IDA1 price (DE-LU)"
ida1,2026-08-29T09:15:00.000Z,2026-08-29T11:15:00,2026-08-29T09:30:00.000Z,0,"Pan-European Intraday auction, 15 minutes IDA1 price (DE-LU)"
ida1,2026-08-29T09:30:00.000Z,2026-08-29T11:30:00,2026-08-29T09:45:00.000Z,0,"Pan-European Intraday auction, 15 minutes IDA1 price (DE-LU)"
ida1,2026-08-29T09:45:00.000Z,2026-08-29T11:45:00,2026-08-29T10:00:00.000Z,-0.19,"Pan-European Intraday auction, 15 minutes IDA1 price (DE-LU)"
ida1,2026-08-29T10:00:00.000Z,2026-08-29T12:00:00,2026-08-29T10:15:00.000Z,-0.4,"Pan-European Intraday auction, 15 minutes IDA1 price (DE-LU)"
ida1,2026-08-29T10:15:00.000Z,2026-08-29T12:15:00,2026-08-29T10:30:00.000Z,-0.31,"Pan-European Intraday auction, 15 minutes IDA1 price (DE-LU)"
ida1,2026-08-29T10:30:00.000Z,2026-08-29T12:30:00,2026-08-29T10:45:00.000Z,-0.3,"Pan-European Intraday auction, 15 minutes IDA1 price (DE-LU)"
ida1,2026-08-29T10:45:00.000Z,2026-08-29T12:45:00,2026-08-29T11:00:00.000Z,0,"Pan-European Intraday auction, 15 minutes IDA1 price (DE-LU)"
ida1,2026-08-29T11:00:00.000Z,2026-08-29T13:00:00,2026-08-29T11:15:00.000Z,0,"Pan-European Intraday auction, 15 minutes IDA1 price (DE-LU)"
ida1,2026-08-29T11:15:00.000Z,2026-08-29T13:15:00,2026-08-29T11:30:00.000Z,0,"Pan-European Intraday auction, 15 minutes IDA1 price (DE-LU)"
ida1,2026-08-29T11:30:00.000Z,2026-08-29T13:30:00,2026-08-29T11:45:00.000Z,0,"Pan-European Intraday auction, 15 minutes IDA1 price (DE-LU)"
ida1,2026-08-29T11:45:00.000Z,2026-08-29T13:45:00,2026-08-29T12:00:00.000Z,0,"Pan-European Intraday auction, 15 minutes IDA1 price (DE-LU)"
ida1,2026-08-29T12:00:00.000Z,2026-08-29T14:00:00,2026-08-29T12:15:00.000Z,0,"Pan-European Intraday auction, 15 minutes IDA1 price (DE-LU)"
ida1,2026-08-29T12:15:00.000Z,2026-08-29T14:15:00,2026-08-29T12:30:00.000Z,0,"Pan-European Intraday auction, 15 minutes IDA1 price (DE-LU)"
ida1,2026-08-29T12:30:00.000Z,2026-08-29T14:30:00,2026-08-29T12:45:00.000Z,0,"Pan-European Intraday auction, 15 minutes IDA1 price (DE-LU)"
ida1,2026-08-29T12:45:00.000Z,2026-08-29T14:45:00,2026-08-29T13:00:00.000Z,0,"Pan-European Intraday auction, 15 minutes IDA1 price (DE-LU)"
ida1,2026-08-29T13:00:00.000Z,2026-08-29T15:00:00,2026-08-29T13:15:00.000Z,0,"Pan-European Intraday auction, 15 minutes IDA1 price (DE-LU)"
ida1,2026-08-29T13:15:00.000Z,2026-08-29T15:15:00,2026-08-29T13:30:00.000Z,0,"Pan-European Intraday auction, 15 minutes IDA1 price (DE-LU)"
ida1,2026-08-29T13:30:00.000Z,2026-08-29T15:30:00,2026-08-29T13:45:00.000Z,4.53,"Pan-European Intraday auction, 15 minutes IDA1 price (DE-LU)"
ida1,2026-08-29T13:45:00.000Z,2026-08-29T15:45:00,2026-08-29T14:00:00.000Z,7.55,"Pan-European Intraday auction, 15 minutes IDA1 price (DE-LU)"
ida1,2026-08-29T14:00:00.000Z,2026-08-29T16:00:00,2026-08-29T14:15:00.000Z,2,"Pan-European Intraday auction, 15 minutes IDA1 price (DE-LU)"
ida1,2026-08-29T14:15:00.000Z,2026-08-29T16:15:00,2026-08-29T14:30:00.000Z,4.32,"Pan-European Intraday auction, 15 minutes IDA1 price (DE-LU)"
ida1,2026-08-29T14:30:00.000Z,2026-08-29T16:30:00,2026-08-29T14:45:00.000Z,29.29,"Pan-European Intraday auction, 15 minutes IDA1 price (DE-LU)"
ida1,2026-08-29T14:45:00.000Z,2026-08-29T16:45:00,2026-08-29T15:00:00.000Z,59.76,"Pan-European Intraday auction, 15 minutes IDA1 price (DE-LU)"
ida1,2026-08-29T15:00:00.000Z,2026-08-29T17:00:00,2026-08-29T15:15:00.000Z,49.1,"Pan-European Intraday auction, 15 minutes IDA1 price (DE-LU)"
ida1,2026-08-29T15:15:00.000Z,2026-08-29T17:15:00,2026-08-29T15:30:00.000Z,91.58,"Pan-European Intraday auction, 15 minutes IDA1 price (DE-LU)"
ida1,2026-08-29T15:30:00.000Z,2026-08-29T17:30:00,2026-08-29T15:45:00.000Z,119.6,"Pan-European Intraday auction, 15 minutes IDA1 price (DE-LU)"
ida1,2026-08-29T15:45:00.000Z,2026-08-29T17:45:00,2026-08-29T16:00:00.000Z,156.11,"Pan-European Intraday auction, 15 minutes IDA1 price (DE-LU)"
ida1,2026-08-29T16:00:00.000Z,2026-08-29T18:00:00,2026-08-29T16:15:00.000Z,136.27,"Pan-European Intraday auction, 15 minutes IDA1 price (DE-LU)"
ida1,2026-08-29T16:15:00.000Z,2026-08-29T18:15:00,2026-08-29T16:30:00.000Z,145.81,"Pan-European Intraday auction, 15 minutes IDA1 price (DE-LU)"
ida1,2026-08-29T16:30:00.000Z,2026-08-29T18:30:00,2026-08-29T16:45:00.000Z,160,"Pan-European Intraday auction, 15 minutes IDA1 price (DE-LU)"
ida1,2026-08-29T16:45:00.000Z,2026-08-29T18:45:00,2026-08-29T17:00:00.000Z,173.39,"Pan-European Intraday auction, 15 minutes IDA1 price (DE-LU)"
ida1,2026-08-29T17:00:00.000Z,2026-08-29T19:00:00,2026-08-29T17:15:00.000Z,167.19,"Pan-European Intraday auction, 15 minutes IDA1 price (DE-LU)"
ida1,2026-08-29T17:15:00.000Z,2026-08-29T19:15:00,2026-08-29T17:30:00.000Z,176.24,"Pan-European Intraday auction, 15 minutes IDA1 price (DE-LU)"
ida1,2026-08-29T17:30:00.000Z,2026-08-29T19:30:00,2026-08-29T17:45:00.000Z,190.69,"Pan-European Intraday auction, 15 minutes IDA1 price (DE-LU)"
ida1,2026-08-29T17:45:00.000Z,2026-08-29T19:45:00,2026-08-29T18:00:00.000Z,200.62,"Pan-European Intraday auction, 15 minutes IDA1 price (DE-LU)"
ida1,2026-08-29T18:00:00.000Z,2026-08-29T20:00:00,2026-08-29T18:15:00.000Z,195.09,"Pan-European Intraday auction, 15 minutes IDA1 price (DE-LU)"
ida1,2026-08-29T18:15:00.000Z,2026-08-29T20:15:00,2026-08-29T18:30:00.000Z,184.6,"Pan-European Intraday auction, 15 minutes IDA1 price (DE-LU)"
ida1,2026-08-29T18:30:00.000Z,2026-08-29T20:30:00,2026-08-29T18:45:00.000Z,178.6,"Pan-European Intraday auction, 15 minutes IDA1 price (DE-LU)"
ida1,2026-08-29T18:45:00.000Z,2026-08-29T20:45:00,2026-08-29T19:00:00.000Z,175.67,"Pan-European Intraday auction, 15 minutes IDA1 price (DE-LU)"
ida1,2026-08-29T19:00:00.000Z,2026-08-29T21:00:00,2026-08-29T19:15:00.000Z,189.01,"Pan-European Intraday auction, 15 minutes IDA1 price (DE-LU)"
ida1,2026-08-29T19:15:00.000Z,2026-08-29T21:15:00,2026-08-29T19:30:00.000Z,173.92,"Pan-European Intraday auction, 15 minutes IDA1 price (DE-LU)"
ida1,2026-08-29T19:30:00.000Z,2026-08-29T21:30:00,2026-08-29T19:45:00.000Z,162.27,"Pan-European Intraday auction, 15 minutes IDA1 price (DE-LU)"
ida1,2026-08-29T19:45:00.000Z,2026-08-29T21:45:00,2026-08-29T20:00:00.000Z,152.17,"Pan-European Intraday auction, 15 minutes IDA1 price (DE-LU)"
ida1,2026-08-29T20:00:00.000Z,2026-08-29T22:00:00,2026-08-29T20:15:00.000Z,167.97,"Pan-European Intraday auction, 15 minutes IDA1 price (DE-LU)"
ida1,2026-08-29T20:15:00.000Z,2026-08-29T22:15:00,2026-08-29T20:30:00.000Z,155.9,"Pan-European Intraday auction, 15 minutes IDA1 price (DE-LU)"
ida1,2026-08-29T20:30:00.000Z,2026-08-29T22:30:00,2026-08-29T20:45:00.000Z,153.13,"Pan-European Intraday auction, 15 minutes IDA1 price (DE-LU)"
ida1,2026-08-29T20:45:00.000Z,2026-08-29T22:45:00,2026-08-29T21:00:00.000Z,146.27,"Pan-European Intraday auction, 15 minutes IDA1 price (DE-LU)"
ida1,2026-08-29T21:00:00.000Z,2026-08-29T23:00:00,2026-08-29T21:15:00.000Z,149.21,"Pan-European Intraday auction, 15 minutes IDA1 price (DE-LU)"
ida1,2026-08-29T21:15:00.000Z,2026-08-29T23:15:00,2026-08-29T21:30:00.000Z,140.48,"Pan-European Intraday auction, 15 minutes IDA1 price (DE-LU)"
ida1,2026-08-29T21:30:00.000Z,2026-08-29T23:30:00,2026-08-29T21:45:00.000Z,139.68,"Pan-European Intraday auction, 15 minutes IDA1 price (DE-LU)"
ida1,2026-08-29T21:45:00.000Z,2026-08-29T23:45:00,2026-08-29T22:00:00.000Z,133.11,"Pan-European Intraday auction, 15 minutes IDA1 price (DE-LU)"
ida1,2026-08-29T22:00:00.000Z,2026-08-30T00:00:00,2026-08-29T22:15:00.000Z,128.09,"Pan-European Intraday auction, 15 minutes IDA1 price (DE-LU)"
ida1,2026-08-29T22:15:00.000Z,2026-08-30T00:15:00,2026-08-29T22:30:00.000Z,115.41,"Pan-European Intraday auction, 15 minutes IDA1 price (DE-LU)"
ida1,2026-08-29T22:30:00.000Z,2026-08-30T00:30:00,2026-08-29T22:45:00.000Z,102.98,"Pan-European Intraday auction, 15 minutes IDA1 price (DE-LU)"
ida1,2026-08-29T22:45:00.000Z,2026-08-30T00:45:00,2026-08-29T23:00:00.000Z,95.52,"Pan-European Intraday auction, 15 minutes IDA1 price (DE-LU)"
ida1,2026-08-29T23:00:00.000Z,2026-08-30T01:00:00,2026-08-29T23:15:00.000Z,104.2,"Pan-European Intraday auction, 15 minutes IDA1 price (DE-LU)"
ida1,2026-08-29T23:15:00.000Z,2026-08-30T01:15:00,2026-08-29T23:30:00.000Z,96.94,"Pan-European Intraday auction, 15 minutes IDA1 price (DE-LU)"
ida1,2026-08-29T23:30:00.000Z,2026-08-30T01:30:00,2026-08-29T23:45:00.000Z,94.74,"Pan-European Intraday auction, 15 minutes IDA1 price (DE-LU)"
ida1,2026-08-29T23:45:00.000Z,2026-08-30T01:45:00,2026-08-30T00:00:00.000Z,93.34,"Pan-European Intraday auction, 15 minutes IDA1 price (DE-LU)"
ida1,2026-08-30T00:00:00.000Z,2026-08-30T02:00:00,2026-08-30T00:15:00.000Z,91.79,"Pan-European Intraday auction, 15 minutes IDA1 price (DE-LU)"
ida1,2026-08-30T00:15:00.000Z,2026-08-30T02:15:00,2026-08-30T00:30:00.000Z,87.55,"Pan-European Intraday auction, 15 minutes IDA1 price (DE-LU)"
ida1,2026-08-30T00:30:00.000Z,2026-08-30T02:30:00,2026-08-30T00:45:00.000Z,75.15,"Pan-European Intraday auction, 15 minutes IDA1 price (DE-LU)"
ida1,2026-08-30T00:45:00.000Z,2026-08-30T02:45:00,2026-08-30T01:00:00.000Z,73.27,"Pan-European Intraday auction, 15 minutes IDA1 price (DE-LU)"
ida1,2026-08-30T01:00:00.000Z,2026-08-30T03:00:00,2026-08-30T01:15:00.000Z,77.24,"Pan-European Intraday auction, 15 minutes IDA1 price (DE-LU)"
ida1,2026-08-30T01:15:00.000Z,2026-08-30T03:15:00,2026-08-30T01:30:00.000Z,72,"Pan-European Intraday auction, 15 minutes IDA1 price (DE-LU)"
ida1,2026-08-30T01:30:00.000Z,2026-08-30T03:30:00,2026-08-30T01:45:00.000Z,64.94,"Pan-European Intraday auction, 15 minutes IDA1 price (DE-LU)"
ida1,2026-08-30T01:45:00.000Z,2026-08-30T03:45:00,2026-08-30T02:00:00.000Z,59.98,"Pan-European Intraday auction, 15 minutes IDA1 price (DE-LU)"
ida1,2026-08-30T02:00:00.000Z,2026-08-30T04:00:00,2026-08-30T02:15:00.000Z,65.61,"Pan-European Intraday auction, 15 minutes IDA1 price (DE-LU)"
ida1,2026-08-30T02:15:00.000Z,2026-08-30T04:15:00,2026-08-30T02:30:00.000Z,61.89,"Pan-European Intraday auction, 15 minutes IDA1 price (DE-LU)"
ida1,2026-08-30T02:30:00.000Z,2026-08-30T04:30:00,2026-08-30T02:45:00.000Z,63.38,"Pan-European Intraday auction, 15 minutes IDA1 price (DE-LU)"
ida1,2026-08-30T02:45:00.000Z,2026-08-30T04:45:00,2026-08-30T03:00:00.000Z,63.8,"Pan-European Intraday auction, 15 minutes IDA1 price (DE-LU)"
ida1,2026-08-30T03:00:00.000Z,2026-08-30T05:00:00,2026-08-30T03:15:00.000Z,66.97,"Pan-European Intraday auction, 15 minutes IDA1 price (DE-LU)"
ida1,2026-08-30T03:15:00.000Z,2026-08-30T05:15:00,2026-08-30T03:30:00.000Z,66.88,"Pan-European Intraday auction, 15 minutes IDA1 price (DE-LU)"
ida1,2026-08-30T03:30:00.000Z,2026-08-30T05:30:00,2026-08-30T03:45:00.000Z,68.2,"Pan-European Intraday auction, 15 minutes IDA1 price (DE-LU)"
ida1,2026-08-30T03:45:00.000Z,2026-08-30T05:45:00,2026-08-30T04:00:00.000Z,67.94,"Pan-European Intraday auction, 15 minutes IDA1 price (DE-LU)"
ida1,2026-08-30T04:00:00.000Z,2026-08-30T06:00:00,2026-08-30T04:15:00.000Z,61.83,"Pan-European Intraday auction, 15 minutes IDA1 price (DE-LU)"
ida1,2026-08-30T04:15:00.000Z,2026-08-30T06:15:00,2026-08-30T04:30:00.000Z,60.86,"Pan-European Intraday auction, 15 minutes IDA1 price (DE-LU)"
ida1,2026-08-30T04:30:00.000Z,2026-08-30T06:30:00,2026-08-30T04:45:00.000Z,62.39,"Pan-European Intraday auction, 15 minutes IDA1 price (DE-LU)"
ida1,2026-08-30T04:45:00.000Z,2026-08-30T06:45:00,2026-08-30T05:00:00.000Z,62,"Pan-European Intraday auction, 15 minutes IDA1 price (DE-LU)"
ida1,2026-08-30T05:00:00.000Z,2026-08-30T07:00:00,2026-08-30T05:15:00.000Z,64.99,"Pan-European Intraday auction, 15 minutes IDA1 price (DE-LU)"
ida1,2026-08-30T05:15:00.000Z,2026-08-30T07:15:00,2026-08-30T05:30:00.000Z,57.43,"Pan-European Intraday auction, 15 minutes IDA1 price (DE-LU)"
ida1,2026-08-30T05:30:00.000Z,2026-08-30T07:30:00,2026-08-30T05:45:00.000Z,51.32,"Pan-European Intraday auction, 15 minutes IDA1 price (DE-LU)"
ida1,2026-08-30T05:45:00.000Z,2026-08-30T07:45:00,2026-08-30T06:00:00.000Z,42.24,"Pan-European Intraday auction, 15 minutes IDA1 price (DE-LU)"
ida1,2026-08-30T06:00:00.000Z,2026-08-30T08:00:00,2026-08-30T06:15:00.000Z,37.84,"Pan-European Intraday auction, 15 minutes IDA1 price (DE-LU)"
ida1,2026-08-30T06:15:00.000Z,2026-08-30T08:15:00,2026-08-30T06:30:00.000Z,20.03,"Pan-European Intraday auction, 15 minutes IDA1 price (DE-LU)"
ida1,2026-08-30T06:30:00.000Z,2026-08-30T08:30:00,2026-08-30T06:45:00.000Z,5.1,"Pan-European Intraday auction, 15 minutes IDA1 price (DE-LU)"
ida1,2026-08-30T06:45:00.000Z,2026-08-30T08:45:00,2026-08-30T07:00:00.000Z,-2.91,"Pan-European Intraday auction, 15 minutes IDA1 price (DE-LU)"
ida1,2026-08-30T07:00:00.000Z,2026-08-30T09:00:00,2026-08-30T07:15:00.000Z,0.09,"Pan-European Intraday auction, 15 minutes IDA1 price (DE-LU)"
ida1,2026-08-30T07:15:00.000Z,2026-08-30T09:15:00,2026-08-30T07:30:00.000Z,2.08,"Pan-European Intraday auction, 15 minutes IDA1 price (DE-LU)"
ida1,2026-08-30T07:30:00.000Z,2026-08-30T09:30:00,2026-08-30T07:45:00.000Z,0.99,"Pan-European Intraday auction, 15 minutes IDA1 price (DE-LU)"
ida1,2026-08-30T07:45:00.000Z,2026-08-30T09:45:00,2026-08-30T08:00:00.000Z,0.06,"Pan-European Intraday auction, 15 minutes IDA1 price (DE-LU)"
ida1,2026-08-30T08:00:00.000Z,2026-08-30T10:00:00,2026-08-30T08:15:00.000Z,-1.51,"Pan-European Intraday auction, 15 minutes IDA1 price (DE-LU)"
ida1,2026-08-30T08:15:00.000Z,2026-08-30T10:15:00,2026-08-30T08:30:00.000Z,-0.5,"Pan-European Intraday auction, 15 minutes IDA1 price (DE-LU)"
ida1,2026-08-30T08:30:00.000Z,2026-08-30T10:30:00,2026-08-30T08:45:00.000Z,-1.54,"Pan-European Intraday auction, 15 minutes IDA1 price (DE-LU)"
ida1,2026-08-30T08:45:00.000Z,2026-08-30T10:45:00,2026-08-30T09:00:00.000Z,-1.52,"Pan-European Intraday auction, 15 minutes IDA1 price (DE-LU)"
ida1,2026-08-30T09:00:00.000Z,2026-08-30T11:00:00,2026-08-30T09:15:00.000Z,0,"Pan-European Intraday auction, 15 minutes IDA1 price (DE-LU)"
ida1,2026-08-30T09:15:00.000Z,2026-08-30T11:15:00,2026-08-30T09:30:00.000Z,-0.29,"Pan-European Intraday auction, 15 minutes IDA1 price (DE-LU)"
ida1,2026-08-30T09:30:00.000Z,2026-08-30T11:30:00,2026-08-30T09:45:00.000Z,0,"Pan-European Intraday auction, 15 minutes IDA1 price (DE-LU)"
ida1,2026-08-30T09:45:00.000Z,2026-08-30T11:45:00,2026-08-30T10:00:00.000Z,0.08,"Pan-European Intraday auction, 15 minutes IDA1 price (DE-LU)"
ida1,2026-08-30T10:00:00.000Z,2026-08-30T12:00:00,2026-08-30T10:15:00.000Z,0.85,"Pan-European Intraday auction, 15 minutes IDA1 price (DE-LU)"
ida1,2026-08-30T10:15:00.000Z,2026-08-30T12:15:00,2026-08-30T10:30:00.000Z,0.04,"Pan-European Intraday auction, 15 minutes IDA1 price (DE-LU)"
ida1,2026-08-30T10:30:00.000Z,2026-08-30T12:30:00,2026-08-30T10:45:00.000Z,0.04,"Pan-European Intraday auction, 15 minutes IDA1 price (DE-LU)"
ida1,2026-08-30T10:45:00.000Z,2026-08-30T12:45:00,2026-08-30T11:00:00.000Z,0.07,"Pan-European Intraday auction, 15 minutes IDA1 price (DE-LU)"
ida1,2026-08-30T11:00:00.000Z,2026-08-30T13:00:00,2026-08-30T11:15:00.000Z,-0.81,"Pan-European Intraday auction, 15 minutes IDA1 price (DE-LU)"
ida1,2026-08-30T11:15:00.000Z,2026-08-30T13:15:00,2026-08-30T11:30:00.000Z,-0.81,"Pan-European Intraday auction, 15 minutes IDA1 price (DE-LU)"
ida1,2026-08-30T11:30:00.000Z,2026-08-30T13:30:00,2026-08-30T11:45:00.000Z,-0.81,"Pan-European Intraday auction, 15 minutes IDA1 price (DE-LU)"
ida1,2026-08-30T11:45:00.000Z,2026-08-30T13:45:00,2026-08-30T12:00:00.000Z,-0.81,"Pan-European Intraday auction, 15 minutes IDA1 price (DE-LU)"
ida1,2026-08-30T12:00:00.000Z,2026-08-30T14:00:00,2026-08-30T12:15:00.000Z,-0.6,"Pan-European Intraday auction, 15 minutes IDA1 price (DE-LU)"
ida1,2026-08-30T12:15:00.000Z,2026-08-30T14:15:00,2026-08-30T12:30:00.000Z,-0.6,"Pan-European Intraday auction, 15 minutes IDA1 price (DE-LU)"
ida1,2026-08-30T12:30:00.000Z,2026-08-30T14:30:00,2026-08-30T12:45:00.000Z,-0.7,"Pan-European Intraday auction, 15 minutes IDA1 price (DE-LU)"
ida1,2026-08-30T12:45:00.000Z,2026-08-30T14:45:00,2026-08-30T13:00:00.000Z,-0.46,"Pan-European Intraday auction, 15 minutes IDA1 price (DE-LU)"
ida1,2026-08-30T13:00:00.000Z,2026-08-30T15:00:00,2026-08-30T13:15:00.000Z,0,"Pan-European Intraday auction, 15 minutes IDA1 price (DE-LU)"
ida1,2026-08-30T13:15:00.000Z,2026-08-30T15:15:00,2026-08-30T13:30:00.000Z,0.07,"Pan-European Intraday auction, 15 minutes IDA1 price (DE-LU)"
ida1,2026-08-30T13:30:00.000Z,2026-08-30T15:30:00,2026-08-30T13:45:00.000Z,2.1,"Pan-European Intraday auction, 15 minutes IDA1 price (DE-LU)"
ida1,2026-08-30T13:45:00.000Z,2026-08-30T15:45:00,2026-08-30T14:00:00.000Z,1.41,"Pan-European Intraday auction, 15 minutes IDA1 price (DE-LU)"
ida1,2026-08-30T14:00:00.000Z,2026-08-30T16:00:00,2026-08-30T14:15:00.000Z,6.06,"Pan-European Intraday auction, 15 minutes IDA1 price (DE-LU)"
ida1,2026-08-30T14:15:00.000Z,2026-08-30T16:15:00,2026-08-30T14:30:00.000Z,6.99,"Pan-European Intraday auction, 15 minutes IDA1 price (DE-LU)"
ida1,2026-08-30T14:30:00.000Z,2026-08-30T16:30:00,2026-08-30T14:45:00.000Z,13.65,"Pan-European Intraday auction, 15 minutes IDA1 price (DE-LU)"
ida1,2026-08-30T14:45:00.000Z,2026-08-30T16:45:00,2026-08-30T15:00:00.000Z,5.26,"Pan-European Intraday auction, 15 minutes IDA1 price (DE-LU)"
ida1,2026-08-30T15:00:00.000Z,2026-08-30T17:00:00,2026-08-30T15:15:00.000Z,4.26,"Pan-European Intraday auction, 15 minutes IDA1 price (DE-LU)"
ida1,2026-08-30T15:15:00.000Z,2026-08-30T17:15:00,2026-08-30T15:30:00.000Z,33.64,"Pan-European Intraday auction, 15 minutes IDA1 price (DE-LU)"
ida1,2026-08-30T15:30:00.000Z,2026-08-30T17:30:00,2026-08-30T15:45:00.000Z,74.65,"Pan-European Intraday auction, 15 minutes IDA1 price (DE-LU)"
ida1,2026-08-30T15:45:00.000Z,2026-08-30T17:45:00,2026-08-30T16:00:00.000Z,122.01,"Pan-European Intraday auction, 15 minutes IDA1 price (DE-LU)"
ida1,2026-08-30T16:00:00.000Z,2026-08-30T18:00:00,2026-08-30T16:15:00.000Z,120.3,"Pan-European Intraday auction, 15 minutes IDA1 price (DE-LU)"
ida1,2026-08-30T16:15:00.000Z,2026-08-30T18:15:00,2026-08-30T16:30:00.000Z,161.17,"Pan-European Intraday auction, 15 minutes IDA1 price (DE-LU)"
ida1,2026-08-30T16:30:00.000Z,2026-08-30T18:30:00,2026-08-30T16:45:00.000Z,174.15,"Pan-European Intraday auction, 15 minutes IDA1 price (DE-LU)"
ida1,2026-08-30T16:45:00.000Z,2026-08-30T18:45:00,2026-08-30T17:00:00.000Z,188.34,"Pan-European Intraday auction, 15 minutes IDA1 price (DE-LU)"
ida1,2026-08-30T17:00:00.000Z,2026-08-30T19:00:00,2026-08-30T17:15:00.000Z,167.83,"Pan-European Intraday auction, 15 minutes IDA1 price (DE-LU)"
ida1,2026-08-30T17:15:00.000Z,2026-08-30T19:15:00,2026-08-30T17:30:00.000Z,184.69,"Pan-European Intraday auction, 15 minutes IDA1 price (DE-LU)"
ida1,2026-08-30T17:30:00.000Z,2026-08-30T19:30:00,2026-08-30T17:45:00.000Z,195.66,"Pan-European Intraday auction, 15 minutes IDA1 price (DE-LU)"
ida1,2026-08-30T17:45:00.000Z,2026-08-30T19:45:00,2026-08-30T18:00:00.000Z,203.73,"Pan-European Intraday auction, 15 minutes IDA1 price (DE-LU)"
ida1,2026-08-30T18:00:00.000Z,2026-08-30T20:00:00,2026-08-30T18:15:00.000Z,184.41,"Pan-European Intraday auction, 15 minutes IDA1 price (DE-LU)"
ida1,2026-08-30T18:15:00.000Z,2026-08-30T20:15:00,2026-08-30T18:30:00.000Z,196.33,"Pan-European Intraday auction, 15 minutes IDA1 price (DE-LU)"
ida1,2026-08-30T18:30:00.000Z,2026-08-30T20:30:00,2026-08-30T18:45:00.000Z,204.5,"Pan-European Intraday auction, 15 minutes IDA1 price (DE-LU)"
ida1,2026-08-30T18:45:00.000Z,2026-08-30T20:45:00,2026-08-30T19:00:00.000Z,214.36,"Pan-European Intraday auction, 15 minutes IDA1 price (DE-LU)"
ida1,2026-08-30T19:00:00.000Z,2026-08-30T21:00:00,2026-08-30T19:15:00.000Z,211.89,"Pan-European Intraday auction, 15 minutes IDA1 price (DE-LU)"
ida1,2026-08-30T19:15:00.000Z,2026-08-30T21:15:00,2026-08-30T19:30:00.000Z,199.1,"Pan-European Intraday auction, 15 minutes IDA1 price (DE-LU)"
ida1,2026-08-30T19:30:00.000Z,2026-08-30T21:30:00,2026-08-30T19:45:00.000Z,189.42,"Pan-European Intraday auction, 15 minutes IDA1 price (DE-LU)"
ida1,2026-08-30T19:45:00.000Z,2026-08-30T21:45:00,2026-08-30T20:00:00.000Z,181.94,"Pan-European Intraday auction, 15 minutes IDA1 price (DE-LU)"
ida1,2026-08-30T20:00:00.000Z,2026-08-30T22:00:00,2026-08-30T20:15:00.000Z,191.28,"Pan-European Intraday auction, 15 minutes IDA1 price (DE-LU)"
ida1,2026-08-30T20:15:00.000Z,2026-08-30T22:15:00,2026-08-30T20:30:00.000Z,184.42,"Pan-European Intraday auction, 15 minutes IDA1 price (DE-LU)"
ida1,2026-08-30T20:30:00.000Z,2026-08-30T22:30:00,2026-08-30T20:45:00.000Z,185.69,"Pan-European Intraday auction, 15 minutes IDA1 price (DE-LU)"
ida1,2026-08-30T20:45:00.000Z,2026-08-30T22:45:00,2026-08-30T21:00:00.000Z,179.02,"Pan-European Intraday auction, 15 minutes IDA1 price (DE-LU)"
ida1,2026-08-30T21:00:00.000Z,2026-08-30T23:00:00,2026-08-30T21:15:00.000Z,186.11,"Pan-European Intraday auction, 15 minutes IDA1 price (DE-LU)"
ida1,2026-08-30T21:15:00.000Z,2026-08-30T23:15:00,2026-08-30T21:30:00.000Z,171.99,"Pan-European Intraday auction, 15 minutes IDA1 price (DE-LU)"
ida1,2026-08-30T21:30:00.000Z,2026-08-30T23:30:00,2026-08-30T21:45:00.000Z,168.4,"Pan-European Intraday auction, 15 minutes IDA1 price (DE-LU)"
ida1,2026-08-30T21:45:00.000Z,2026-08-30T23:45:00,2026-08-30T22:00:00.000Z,160.66,"Pan-European Intraday auction, 15 minutes IDA1 price (DE-LU)"
ida2,2026-08-23T22:00:00.000Z,2026-08-24T00:00:00,2026-08-23T22:15:00.000Z,164.75,"Pan-European Intraday auction, 15 minutes IDA2 price (DE-LU)"
ida2,2026-08-23T22:15:00.000Z,2026-08-24T00:15:00,2026-08-23T22:30:00.000Z,161.67,"Pan-European Intraday auction, 15 minutes IDA2 price (DE-LU)"
ida2,2026-08-23T22:30:00.000Z,2026-08-24T00:30:00,2026-08-23T22:45:00.000Z,155.72,"Pan-European Intraday auction, 15 minutes IDA2 price (DE-LU)"
ida2,2026-08-23T22:45:00.000Z,2026-08-24T00:45:00,2026-08-23T23:00:00.000Z,150.53,"Pan-European Intraday auction, 15 minutes IDA2 price (DE-LU)"
ida2,2026-08-23T23:00:00.000Z,2026-08-24T01:00:00,2026-08-23T23:15:00.000Z,153.25,"Pan-European Intraday auction, 15 minutes IDA2 price (DE-LU)"
ida2,2026-08-23T23:15:00.000Z,2026-08-24T01:15:00,2026-08-23T23:30:00.000Z,149.87,"Pan-European Intraday auction, 15 minutes IDA2 price (DE-LU)"
ida2,2026-08-23T23:30:00.000Z,2026-08-24T01:30:00,2026-08-23T23:45:00.000Z,146.79,"Pan-European Intraday auction, 15 minutes IDA2 price (DE-LU)"
ida2,2026-08-23T23:45:00.000Z,2026-08-24T01:45:00,2026-08-24T00:00:00.000Z,147.05,"Pan-European Intraday auction, 15 minutes IDA2 price (DE-LU)"
ida2,2026-08-24T00:00:00.000Z,2026-08-24T02:00:00,2026-08-24T00:15:00.000Z,146,"Pan-European Intraday auction, 15 minutes IDA2 price (DE-LU)"
ida2,2026-08-24T00:15:00.000Z,2026-08-24T02:15:00,2026-08-24T00:30:00.000Z,141.69,"Pan-European Intraday auction, 15 minutes IDA2 price (DE-LU)"
ida2,2026-08-24T00:30:00.000Z,2026-08-24T02:30:00,2026-08-24T00:45:00.000Z,142.04,"Pan-European Intraday auction, 15 minutes IDA2 price (DE-LU)"
ida2,2026-08-24T00:45:00.000Z,2026-08-24T02:45:00,2026-08-24T01:00:00.000Z,141.79,"Pan-European Intraday auction, 15 minutes IDA2 price (DE-LU)"
ida2,2026-08-24T01:00:00.000Z,2026-08-24T03:00:00,2026-08-24T01:15:00.000Z,142.5,"Pan-European Intraday auction, 15 minutes IDA2 price (DE-LU)"
ida2,2026-08-24T01:15:00.000Z,2026-08-24T03:15:00,2026-08-24T01:30:00.000Z,142.75,"Pan-European Intraday auction, 15 minutes IDA2 price (DE-LU)"
ida2,2026-08-24T01:30:00.000Z,2026-08-24T03:30:00,2026-08-24T01:45:00.000Z,143.99,"Pan-European Intraday auction, 15 minutes IDA2 price (DE-LU)"
ida2,2026-08-24T01:45:00.000Z,2026-08-24T03:45:00,2026-08-24T02:00:00.000Z,145.72,"Pan-European Intraday auction, 15 minutes IDA2 price (DE-LU)"
ida2,2026-08-24T02:00:00.000Z,2026-08-24T04:00:00,2026-08-24T02:15:00.000Z,144.49,"Pan-European Intraday auction, 15 minutes IDA2 price (DE-LU)"
ida2,2026-08-24T02:15:00.000Z,2026-08-24T04:15:00,2026-08-24T02:30:00.000Z,143.74,"Pan-European Intraday auction, 15 minutes IDA2 price (DE-LU)"
ida2,2026-08-24T02:30:00.000Z,2026-08-24T04:30:00,2026-08-24T02:45:00.000Z,144.67,"Pan-European Intraday auction, 15 minutes IDA2 price (DE-LU)"
ida2,2026-08-24T02:45:00.000Z,2026-08-24T04:45:00,2026-08-24T03:00:00.000Z,150.51,"Pan-European Intraday auction, 15 minutes IDA2 price (DE-LU)"
ida2,2026-08-24T03:00:00.000Z,2026-08-24T05:00:00,2026-08-24T03:15:00.000Z,152.45,"Pan-European Intraday auction, 15 minutes IDA2 price (DE-LU)"
ida2,2026-08-24T03:15:00.000Z,2026-08-24T05:15:00,2026-08-24T03:30:00.000Z,160.58,"Pan-European Intraday auction, 15 minutes IDA2 price (DE-LU)"
ida2,2026-08-24T03:30:00.000Z,2026-08-24T05:30:00,2026-08-24T03:45:00.000Z,172.74,"Pan-European Intraday auction, 15 minutes IDA2 price (DE-LU)"
ida2,2026-08-24T03:45:00.000Z,2026-08-24T05:45:00,2026-08-24T04:00:00.000Z,188.76,"Pan-European Intraday auction, 15 minutes IDA2 price (DE-LU)"
ida2,2026-08-24T04:00:00.000Z,2026-08-24T06:00:00,2026-08-24T04:15:00.000Z,187.16,"Pan-European Intraday auction, 15 minutes IDA2 price (DE-LU)"
ida2,2026-08-24T04:15:00.000Z,2026-08-24T06:15:00,2026-08-24T04:30:00.000Z,191.98,"Pan-European Intraday auction, 15 minutes IDA2 price (DE-LU)"
ida2,2026-08-24T04:30:00.000Z,2026-08-24T06:30:00,2026-08-24T04:45:00.000Z,197.83,"Pan-European Intraday auction, 15 minutes IDA2 price (DE-LU)"
ida2,2026-08-24T04:45:00.000Z,2026-08-24T06:45:00,2026-08-24T05:00:00.000Z,204.18,"Pan-European Intraday auction, 15 minutes IDA2 price (DE-LU)"
ida2,2026-08-24T05:00:00.000Z,2026-08-24T07:00:00,2026-08-24T05:15:00.000Z,215.5,"Pan-European Intraday auction, 15 minutes IDA2 price (DE-LU)"
ida2,2026-08-24T05:15:00.000Z,2026-08-24T07:15:00,2026-08-24T05:30:00.000Z,205.91,"Pan-European Intraday auction, 15 minutes IDA2 price (DE-LU)"
ida2,2026-08-24T05:30:00.000Z,2026-08-24T07:30:00,2026-08-24T05:45:00.000Z,195.21,"Pan-European Intraday auction, 15 minutes IDA2 price (DE-LU)"
ida2,2026-08-24T05:45:00.000Z,2026-08-24T07:45:00,2026-08-24T06:00:00.000Z,179.86,"Pan-European Intraday auction, 15 minutes IDA2 price (DE-LU)"
ida2,2026-08-24T06:00:00.000Z,2026-08-24T08:00:00,2026-08-24T06:15:00.000Z,193.02,"Pan-European Intraday auction, 15 minutes IDA2 price (DE-LU)"
ida2,2026-08-24T06:15:00.000Z,2026-08-24T08:15:00,2026-08-24T06:30:00.000Z,175.17,"Pan-European Intraday auction, 15 minutes IDA2 price (DE-LU)"
ida2,2026-08-24T06:30:00.000Z,2026-08-24T08:30:00,2026-08-24T06:45:00.000Z,164.27,"Pan-European Intraday auction, 15 minutes IDA2 price (DE-LU)"
ida2,2026-08-24T06:45:00.000Z,2026-08-24T08:45:00,2026-08-24T07:00:00.000Z,147.54,"Pan-European Intraday auction, 15 minutes IDA2 price (DE-LU)"
ida2,2026-08-24T07:00:00.000Z,2026-08-24T09:00:00,2026-08-24T07:15:00.000Z,167.66,"Pan-European Intraday auction, 15 minutes IDA2 price (DE-LU)"
ida2,2026-08-24T07:15:00.000Z,2026-08-24T09:15:00,2026-08-24T07:30:00.000Z,149.09,"Pan-European Intraday auction, 15 minutes IDA2 price (DE-LU)"
ida2,2026-08-24T07:30:00.000Z,2026-08-24T09:30:00,2026-08-24T07:45:00.000Z,124.9,"Pan-European Intraday auction, 15 minutes IDA2 price (DE-LU)"
ida2,2026-08-24T07:45:00.000Z,2026-08-24T09:45:00,2026-08-24T08:00:00.000Z,113.87,"Pan-European Intraday auction, 15 minutes IDA2 price (DE-LU)"
ida2,2026-08-24T08:00:00.000Z,2026-08-24T10:00:00,2026-08-24T08:15:00.000Z,128.05,"Pan-European Intraday auction, 15 minutes IDA2 price (DE-LU)"
ida2,2026-08-24T08:15:00.000Z,2026-08-24T10:15:00,2026-08-24T08:30:00.000Z,114.7,"Pan-European Intraday auction, 15 minutes IDA2 price (DE-LU)"
ida2,2026-08-24T08:30:00.000Z,2026-08-24T10:30:00,2026-08-24T08:45:00.000Z,103.26,"Pan-European Intraday auction, 15 minutes IDA2 price (DE-LU)"
ida2,2026-08-24T08:45:00.000Z,2026-08-24T10:45:00,2026-08-24T09:00:00.000Z,84.93,"Pan-European Intraday auction, 15 minutes IDA2 price (DE-LU)"
ida2,2026-08-24T09:00:00.000Z,2026-08-24T11:00:00,2026-08-24T09:15:00.000Z,95.12,"Pan-European Intraday auction, 15 minutes IDA2 price (DE-LU)"
ida2,2026-08-24T09:15:00.000Z,2026-08-24T11:15:00,2026-08-24T09:30:00.000Z,82.34,"Pan-European Intraday auction, 15 minutes IDA2 price (DE-LU)"
ida2,2026-08-24T09:30:00.000Z,2026-08-24T11:30:00,2026-08-24T09:45:00.000Z,72.1,"Pan-European Intraday auction, 15 minutes IDA2 price (DE-LU)"
ida2,2026-08-24T09:45:00.000Z,2026-08-24T11:45:00,2026-08-24T10:00:00.000Z,62.83,"Pan-European Intraday auction, 15 minutes IDA2 price (DE-LU)"
ida2,2026-08-24T10:00:00.000Z,2026-08-24T12:00:00,2026-08-24T10:15:00.000Z,66.24,"Pan-European Intraday auction, 15 minutes IDA2 price (DE-LU)"
ida2,2026-08-24T10:15:00.000Z,2026-08-24T12:15:00,2026-08-24T10:30:00.000Z,55.89,"Pan-European Intraday auction, 15 minutes IDA2 price (DE-LU)"
ida2,2026-08-24T10:30:00.000Z,2026-08-24T12:30:00,2026-08-24T10:45:00.000Z,50.28,"Pan-European Intraday auction, 15 minutes IDA2 price (DE-LU)"
ida2,2026-08-24T10:45:00.000Z,2026-08-24T12:45:00,2026-08-24T11:00:00.000Z,47.59,"Pan-European Intraday auction, 15 minutes IDA2 price (DE-LU)"
ida2,2026-08-24T11:00:00.000Z,2026-08-24T13:00:00,2026-08-24T11:15:00.000Z,43.39,"Pan-European Intraday auction, 15 minutes IDA2 price (DE-LU)"
ida2,2026-08-24T11:15:00.000Z,2026-08-24T13:15:00,2026-08-24T11:30:00.000Z,39.58,"Pan-European Intraday auction, 15 minutes IDA2 price (DE-LU)"
ida2,2026-08-24T11:30:00.000Z,2026-08-24T13:30:00,2026-08-24T11:45:00.000Z,40,"Pan-European Intraday auction, 15 minutes IDA2 price (DE-LU)"
ida2,2026-08-24T11:45:00.000Z,2026-08-24T13:45:00,2026-08-24T12:00:00.000Z,37.58,"Pan-European Intraday auction, 15 minutes IDA2 price (DE-LU)"
ida2,2026-08-24T12:00:00.000Z,2026-08-24T14:00:00,2026-08-24T12:15:00.000Z,33.92,"Pan-European Intraday auction, 15 minutes IDA2 price (DE-LU)"
ida2,2026-08-24T12:15:00.000Z,2026-08-24T14:15:00,2026-08-24T12:30:00.000Z,38,"Pan-European Intraday auction, 15 minutes IDA2 price (DE-LU)"
ida2,2026-08-24T12:30:00.000Z,2026-08-24T14:30:00,2026-08-24T12:45:00.000Z,41.95,"Pan-European Intraday auction, 15 minutes IDA2 price (DE-LU)"
ida2,2026-08-24T12:45:00.000Z,2026-08-24T14:45:00,2026-08-24T13:00:00.000Z,50.57,"Pan-European Intraday auction, 15 minutes IDA2 price (DE-LU)"
ida2,2026-08-24T13:00:00.000Z,2026-08-24T15:00:00,2026-08-24T13:15:00.000Z,52.56,"Pan-European Intraday auction, 15 minutes IDA2 price (DE-LU)"
ida2,2026-08-24T13:15:00.000Z,2026-08-24T15:15:00,2026-08-24T13:30:00.000Z,60.36,"Pan-European Intraday auction, 15 minutes IDA2 price (DE-LU)"
ida2,2026-08-24T13:30:00.000Z,2026-08-24T15:30:00,2026-08-24T13:45:00.000Z,71.01,"Pan-European Intraday auction, 15 minutes IDA2 price (DE-LU)"
ida2,2026-08-24T13:45:00.000Z,2026-08-24T15:45:00,2026-08-24T14:00:00.000Z,86.86,"Pan-European Intraday auction, 15 minutes IDA2 price (DE-LU)"
ida2,2026-08-24T14:00:00.000Z,2026-08-24T16:00:00,2026-08-24T14:15:00.000Z,75.58,"Pan-European Intraday auction, 15 minutes IDA2 price (DE-LU)"
ida2,2026-08-24T14:15:00.000Z,2026-08-24T16:15:00,2026-08-24T14:30:00.000Z,93.68,"Pan-European Intraday auction, 15 minutes IDA2 price (DE-LU)"
ida2,2026-08-24T14:30:00.000Z,2026-08-24T16:30:00,2026-08-24T14:45:00.000Z,104.15,"Pan-European Intraday auction, 15 minutes IDA2 price (DE-LU)"
ida2,2026-08-24T14:45:00.000Z,2026-08-24T16:45:00,2026-08-24T15:00:00.000Z,122.59,"Pan-European Intraday auction, 15 minutes IDA2 price (DE-LU)"
ida2,2026-08-24T15:00:00.000Z,2026-08-24T17:00:00,2026-08-24T15:15:00.000Z,107.33,"Pan-European Intraday auction, 15 minutes IDA2 price (DE-LU)"
ida2,2026-08-24T15:15:00.000Z,2026-08-24T17:15:00,2026-08-24T15:30:00.000Z,119.17,"Pan-European Intraday auction, 15 minutes IDA2 price (DE-LU)"
ida2,2026-08-24T15:30:00.000Z,2026-08-24T17:30:00,2026-08-24T15:45:00.000Z,148.58,"Pan-European Intraday auction, 15 minutes IDA2 price (DE-LU)"
ida2,2026-08-24T15:45:00.000Z,2026-08-24T17:45:00,2026-08-24T16:00:00.000Z,167.98,"Pan-European Intraday auction, 15 minutes IDA2 price (DE-LU)"
ida2,2026-08-24T16:00:00.000Z,2026-08-24T18:00:00,2026-08-24T16:15:00.000Z,147.97,"Pan-European Intraday auction, 15 minutes IDA2 price (DE-LU)"
ida2,2026-08-24T16:15:00.000Z,2026-08-24T18:15:00,2026-08-24T16:30:00.000Z,168.4,"Pan-European Intraday auction, 15 minutes IDA2 price (DE-LU)"
ida2,2026-08-24T16:30:00.000Z,2026-08-24T18:30:00,2026-08-24T16:45:00.000Z,180.01,"Pan-European Intraday auction, 15 minutes IDA2 price (DE-LU)"
ida2,2026-08-24T16:45:00.000Z,2026-08-24T18:45:00,2026-08-24T17:00:00.000Z,199.99,"Pan-European Intraday auction, 15 minutes IDA2 price (DE-LU)"
ida2,2026-08-24T17:00:00.000Z,2026-08-24T19:00:00,2026-08-24T17:15:00.000Z,180.89,"Pan-European Intraday auction, 15 minutes IDA2 price (DE-LU)"
ida2,2026-08-24T17:15:00.000Z,2026-08-24T19:15:00,2026-08-24T17:30:00.000Z,196.05,"Pan-European Intraday auction, 15 minutes IDA2 price (DE-LU)"
ida2,2026-08-24T17:30:00.000Z,2026-08-24T19:30:00,2026-08-24T17:45:00.000Z,220.29,"Pan-European Intraday auction, 15 minutes IDA2 price (DE-LU)"
ida2,2026-08-24T17:45:00.000Z,2026-08-24T19:45:00,2026-08-24T18:00:00.000Z,236.84,"Pan-European Intraday auction, 15 minutes IDA2 price (DE-LU)"
ida2,2026-08-24T18:00:00.000Z,2026-08-24T20:00:00,2026-08-24T18:15:00.000Z,233.47,"Pan-European Intraday auction, 15 minutes IDA2 price (DE-LU)"
ida2,2026-08-24T18:15:00.000Z,2026-08-24T20:15:00,2026-08-24T18:30:00.000Z,216.91,"Pan-European Intraday auction, 15 minutes IDA2 price (DE-LU)"
ida2,2026-08-24T18:30:00.000Z,2026-08-24T20:30:00,2026-08-24T18:45:00.000Z,205.43,"Pan-European Intraday auction, 15 minutes IDA2 price (DE-LU)"
ida2,2026-08-24T18:45:00.000Z,2026-08-24T20:45:00,2026-08-24T19:00:00.000Z,189.45,"Pan-European Intraday auction, 15 minutes IDA2 price (DE-LU)"
ida2,2026-08-24T19:00:00.000Z,2026-08-24T21:00:00,2026-08-24T19:15:00.000Z,195.31,"Pan-European Intraday auction, 15 minutes IDA2 price (DE-LU)"
ida2,2026-08-24T19:15:00.000Z,2026-08-24T21:15:00,2026-08-24T19:30:00.000Z,177.02,"Pan-European Intraday auction, 15 minutes IDA2 price (DE-LU)"
ida2,2026-08-24T19:30:00.000Z,2026-08-24T21:30:00,2026-08-24T19:45:00.000Z,166.85,"Pan-European Intraday auction, 15 minutes IDA2 price (DE-LU)"
ida2,2026-08-24T19:45:00.000Z,2026-08-24T21:45:00,2026-08-24T20:00:00.000Z,163.18,"Pan-European Intraday auction, 15 minutes IDA2 price (DE-LU)"
ida2,2026-08-24T20:00:00.000Z,2026-08-24T22:00:00,2026-08-24T20:15:00.000Z,168.21,"Pan-European Intraday auction, 15 minutes IDA2 price (DE-LU)"
ida2,2026-08-24T20:15:00.000Z,2026-08-24T22:15:00,2026-08-24T20:30:00.000Z,165.65,"Pan-European Intraday auction, 15 minutes IDA2 price (DE-LU)"
ida2,2026-08-24T20:30:00.000Z,2026-08-24T22:30:00,2026-08-24T20:45:00.000Z,163.73,"Pan-European Intraday auction, 15 minutes IDA2 price (DE-LU)"
ida2,2026-08-24T20:45:00.000Z,2026-08-24T22:45:00,2026-08-24T21:00:00.000Z,163.17,"Pan-European Intraday auction, 15 minutes IDA2 price (DE-LU)"
ida2,2026-08-24T21:00:00.000Z,2026-08-24T23:00:00,2026-08-24T21:15:00.000Z,160.8,"Pan-European Intraday auction, 15 minutes IDA2 price (DE-LU)"
ida2,2026-08-24T21:15:00.000Z,2026-08-24T23:15:00,2026-08-24T21:30:00.000Z,154.09,"Pan-European Intraday auction, 15 minutes IDA2 price (DE-LU)"
ida2,2026-08-24T21:30:00.000Z,2026-08-24T23:30:00,2026-08-24T21:45:00.000Z,151.56,"Pan-European Intraday auction, 15 minutes IDA2 price (DE-LU)"
ida2,2026-08-24T21:45:00.000Z,2026-08-24T23:45:00,2026-08-24T22:00:00.000Z,147.58,"Pan-European Intraday auction, 15 minutes IDA2 price (DE-LU)"
ida2,2026-08-24T22:00:00.000Z,2026-08-25T00:00:00,2026-08-24T22:15:00.000Z,172.66,"Pan-European Intraday auction, 15 minutes IDA2 price (DE-LU)"
ida2,2026-08-24T22:15:00.000Z,2026-08-25T00:15:00,2026-08-24T22:30:00.000Z,170.88,"Pan-European Intraday auction, 15 minutes IDA2 price (DE-LU)"
ida2,2026-08-24T22:30:00.000Z,2026-08-25T00:30:00,2026-08-24T22:45:00.000Z,166.24,"Pan-European Intraday auction, 15 minutes IDA2 price (DE-LU)"
ida2,2026-08-24T22:45:00.000Z,2026-08-25T00:45:00,2026-08-24T23:00:00.000Z,153.97,"Pan-European Intraday auction, 15 minutes IDA2 price (DE-LU)"
ida2,2026-08-24T23:00:00.000Z,2026-08-25T01:00:00,2026-08-24T23:15:00.000Z,162.61,"Pan-European Intraday auction, 15 minutes IDA2 price (DE-LU)"
ida2,2026-08-24T23:15:00.000Z,2026-08-25T01:15:00,2026-08-24T23:30:00.000Z,158,"Pan-European Intraday auction, 15 minutes IDA2 price (DE-LU)"
ida2,2026-08-24T23:30:00.000Z,2026-08-25T01:30:00,2026-08-24T23:45:00.000Z,154.48,"Pan-European Intraday auction, 15 minutes IDA2 price (DE-LU)"
ida2,2026-08-24T23:45:00.000Z,2026-08-25T01:45:00,2026-08-25T00:00:00.000Z,152.19,"Pan-European Intraday auction, 15 minutes IDA2 price (DE-LU)"
ida2,2026-08-25T00:00:00.000Z,2026-08-25T02:00:00,2026-08-25T00:15:00.000Z,152.86,"Pan-European Intraday auction, 15 minutes IDA2 price (DE-LU)"
ida2,2026-08-25T00:15:00.000Z,2026-08-25T02:15:00,2026-08-25T00:30:00.000Z,150.85,"Pan-European Intraday auction, 15 minutes IDA2 price (DE-LU)"
ida2,2026-08-25T00:30:00.000Z,2026-08-25T02:30:00,2026-08-25T00:45:00.000Z,149.3,"Pan-European Intraday auction, 15 minutes IDA2 price (DE-LU)"
ida2,2026-08-25T00:45:00.000Z,2026-08-25T02:45:00,2026-08-25T01:00:00.000Z,147.19,"Pan-European Intraday auction, 15 minutes IDA2 price (DE-LU)"
ida2,2026-08-25T01:00:00.000Z,2026-08-25T03:00:00,2026-08-25T01:15:00.000Z,147.49,"Pan-European Intraday auction, 15 minutes IDA2 price (DE-LU)"
ida2,2026-08-25T01:15:00.000Z,2026-08-25T03:15:00,2026-08-25T01:30:00.000Z,146.04,"Pan-European Intraday auction, 15 minutes IDA2 price (DE-LU)"
ida2,2026-08-25T01:30:00.000Z,2026-08-25T03:30:00,2026-08-25T01:45:00.000Z,146.26,"Pan-European Intraday auction, 15 minutes IDA2 price (DE-LU)"
ida2,2026-08-25T01:45:00.000Z,2026-08-25T03:45:00,2026-08-25T02:00:00.000Z,144.81,"Pan-European Intraday auction, 15 minutes IDA2 price (DE-LU)"
ida2,2026-08-25T02:00:00.000Z,2026-08-25T04:00:00,2026-08-25T02:15:00.000Z,146.47,"Pan-European Intraday auction, 15 minutes IDA2 price (DE-LU)"
ida2,2026-08-25T02:15:00.000Z,2026-08-25T04:15:00,2026-08-25T02:30:00.000Z,147,"Pan-European Intraday auction, 15 minutes IDA2 price (DE-LU)"
ida2,2026-08-25T02:30:00.000Z,2026-08-25T04:30:00,2026-08-25T02:45:00.000Z,147.94,"Pan-European Intraday auction, 15 minutes IDA2 price (DE-LU)"
ida2,2026-08-25T02:45:00.000Z,2026-08-25T04:45:00,2026-08-25T03:00:00.000Z,148.93,"Pan-European Intraday auction, 15 minutes IDA2 price (DE-LU)"
ida2,2026-08-25T03:00:00.000Z,2026-08-25T05:00:00,2026-08-25T03:15:00.000Z,151.86,"Pan-European Intraday auction, 15 minutes IDA2 price (DE-LU)"
ida2,2026-08-25T03:15:00.000Z,2026-08-25T05:15:00,2026-08-25T03:30:00.000Z,153.4,"Pan-European Intraday auction, 15 minutes IDA2 price (DE-LU)"
ida2,2026-08-25T03:30:00.000Z,2026-08-25T05:30:00,2026-08-25T03:45:00.000Z,158.38,"Pan-European Intraday auction, 15 minutes IDA2 price (DE-LU)"
ida2,2026-08-25T03:45:00.000Z,2026-08-25T05:45:00,2026-08-25T04:00:00.000Z,164.3,"Pan-European Intraday auction, 15 minutes IDA2 price (DE-LU)"
ida2,2026-08-25T04:00:00.000Z,2026-08-25T06:00:00,2026-08-25T04:15:00.000Z,163.97,"Pan-European Intraday auction, 15 minutes IDA2 price (DE-LU)"
ida2,2026-08-25T04:15:00.000Z,2026-08-25T06:15:00,2026-08-25T04:30:00.000Z,167.14,"Pan-European Intraday auction, 15 minutes IDA2 price (DE-LU)"
ida2,2026-08-25T04:30:00.000Z,2026-08-25T06:30:00,2026-08-25T04:45:00.000Z,171.62,"Pan-European Intraday auction, 15 minutes IDA2 price (DE-LU)"
ida2,2026-08-25T04:45:00.000Z,2026-08-25T06:45:00,2026-08-25T05:00:00.000Z,181.19,"Pan-European Intraday auction, 15 minutes IDA2 price (DE-LU)"
ida2,2026-08-25T05:00:00.000Z,2026-08-25T07:00:00,2026-08-25T05:15:00.000Z,182.68,"Pan-European Intraday auction, 15 minutes IDA2 price (DE-LU)"
ida2,2026-08-25T05:15:00.000Z,2026-08-25T07:15:00,2026-08-25T05:30:00.000Z,192.99,"Pan-European Intraday auction, 15 minutes IDA2 price (DE-LU)"
ida2,2026-08-25T05:30:00.000Z,2026-08-25T07:30:00,2026-08-25T05:45:00.000Z,190,"Pan-European Intraday auction, 15 minutes IDA2 price (DE-LU)"
ida2,2026-08-25T05:45:00.000Z,2026-08-25T07:45:00,2026-08-25T06:00:00.000Z,179,"Pan-European Intraday auction, 15 minutes IDA2 price (DE-LU)"
ida2,2026-08-25T06:00:00.000Z,2026-08-25T08:00:00,2026-08-25T06:15:00.000Z,197.91,"Pan-European Intraday auction, 15 minutes IDA2 price (DE-LU)"
ida2,2026-08-25T06:15:00.000Z,2026-08-25T08:15:00,2026-08-25T06:30:00.000Z,184,"Pan-European Intraday auction, 15 minutes IDA2 price (DE-LU)"
ida2,2026-08-25T06:30:00.000Z,2026-08-25T08:30:00,2026-08-25T06:45:00.000Z,179.62,"Pan-European Intraday auction, 15 minutes IDA2 price (DE-LU)"
ida2,2026-08-25T06:45:00.000Z,2026-08-25T08:45:00,2026-08-25T07:00:00.000Z,168.55,"Pan-European Intraday auction, 15 minutes IDA2 price (DE-LU)"
ida2,2026-08-25T07:00:00.000Z,2026-08-25T09:00:00,2026-08-25T07:15:00.000Z,174.59,"Pan-European Intraday auction, 15 minutes IDA2 price (DE-LU)"
ida2,2026-08-25T07:15:00.000Z,2026-08-25T09:15:00,2026-08-25T07:30:00.000Z,167.81,"Pan-European Intraday auction, 15 minutes IDA2 price (DE-LU)"
ida2,2026-08-25T07:30:00.000Z,2026-08-25T09:30:00,2026-08-25T07:45:00.000Z,147.93,"Pan-European Intraday auction, 15 minutes IDA2 price (DE-LU)"
ida2,2026-08-25T07:45:00.000Z,2026-08-25T09:45:00,2026-08-25T08:00:00.000Z,135.22,"Pan-European Intraday auction, 15 minutes IDA2 price (DE-LU)"
ida2,2026-08-25T08:00:00.000Z,2026-08-25T10:00:00,2026-08-25T08:15:00.000Z,160,"Pan-European Intraday auction, 15 minutes IDA2 price (DE-LU)"
ida2,2026-08-25T08:15:00.000Z,2026-08-25T10:15:00,2026-08-25T08:30:00.000Z,139.99,"Pan-European Intraday auction, 15 minutes IDA2 price (DE-LU)"
ida2,2026-08-25T08:30:00.000Z,2026-08-25T10:30:00,2026-08-25T08:45:00.000Z,128.68,"Pan-European Intraday auction, 15 minutes IDA2 price (DE-LU)"
ida2,2026-08-25T08:45:00.000Z,2026-08-25T10:45:00,2026-08-25T09:00:00.000Z,110.05,"Pan-European Intraday auction, 15 minutes IDA2 price (DE-LU)"
ida2,2026-08-25T09:00:00.000Z,2026-08-25T11:00:00,2026-08-25T09:15:00.000Z,113,"Pan-European Intraday auction, 15 minutes IDA2 price (DE-LU)"
ida2,2026-08-25T09:15:00.000Z,2026-08-25T11:15:00,2026-08-25T09:30:00.000Z,92.72,"Pan-European Intraday auction, 15 minutes IDA2 price (DE-LU)"
ida2,2026-08-25T09:30:00.000Z,2026-08-25T11:30:00,2026-08-25T09:45:00.000Z,73.93,"Pan-European Intraday auction, 15 minutes IDA2 price (DE-LU)"
ida2,2026-08-25T09:45:00.000Z,2026-08-25T11:45:00,2026-08-25T10:00:00.000Z,60.79,"Pan-European Intraday auction, 15 minutes IDA2 price (DE-LU)"
ida2,2026-08-25T10:00:00.000Z,2026-08-25T12:00:00,2026-08-25T10:15:00.000Z,75.4,"Pan-European Intraday auction, 15 minutes IDA2 price (DE-LU)"
ida2,2026-08-25T10:15:00.000Z,2026-08-25T12:15:00,2026-08-25T10:30:00.000Z,56.48,"Pan-European Intraday auction, 15 minutes IDA2 price (DE-LU)"
ida2,2026-08-25T10:30:00.000Z,2026-08-25T12:30:00,2026-08-25T10:45:00.000Z,59.45,"Pan-European Intraday auction, 15 minutes IDA2 price (DE-LU)"
ida2,2026-08-25T10:45:00.000Z,2026-08-25T12:45:00,2026-08-25T11:00:00.000Z,49.83,"Pan-European Intraday auction, 15 minutes IDA2 price (DE-LU)"
ida2,2026-08-25T11:00:00.000Z,2026-08-25T13:00:00,2026-08-25T11:15:00.000Z,65.16,"Pan-European Intraday auction, 15 minutes IDA2 price (DE-LU)"
ida2,2026-08-25T11:15:00.000Z,2026-08-25T13:15:00,2026-08-25T11:30:00.000Z,62.23,"Pan-European Intraday auction, 15 minutes IDA2 price (DE-LU)"
ida2,2026-08-25T11:30:00.000Z,2026-08-25T13:30:00,2026-08-25T11:45:00.000Z,50,"Pan-European Intraday auction, 15 minutes IDA2 price (DE-LU)"
ida2,2026-08-25T11:45:00.000Z,2026-08-25T13:45:00,2026-08-25T12:00:00.000Z,40.57,"Pan-European Intraday auction, 15 minutes IDA2 price (DE-LU)"
ida2,2026-08-25T12:00:00.000Z,2026-08-25T14:00:00,2026-08-25T12:15:00.000Z,46.17,"Pan-European Intraday auction, 15 minutes IDA2 price (DE-LU)"
ida2,2026-08-25T12:15:00.000Z,2026-08-25T14:15:00,2026-08-25T12:30:00.000Z,60,"Pan-European Intraday auction, 15 minutes IDA2 price (DE-LU)"
ida2,2026-08-25T12:30:00.000Z,2026-08-25T14:30:00,2026-08-25T12:45:00.000Z,70.01,"Pan-European Intraday auction, 15 minutes IDA2 price (DE-LU)"
ida2,2026-08-25T12:45:00.000Z,2026-08-25T14:45:00,2026-08-25T13:00:00.000Z,83.82,"Pan-European Intraday auction, 15 minutes IDA2 price (DE-LU)"
ida2,2026-08-25T13:00:00.000Z,2026-08-25T15:00:00,2026-08-25T13:15:00.000Z,66.11,"Pan-European Intraday auction, 15 minutes IDA2 price (DE-LU)"
ida2,2026-08-25T13:15:00.000Z,2026-08-25T15:15:00,2026-08-25T13:30:00.000Z,86.45,"Pan-European Intraday auction, 15 minutes IDA2 price (DE-LU)"
ida2,2026-08-25T13:30:00.000Z,2026-08-25T15:30:00,2026-08-25T13:45:00.000Z,94.74,"Pan-European Intraday auction, 15 minutes IDA2 price (DE-LU)"
ida2,2026-08-25T13:45:00.000Z,2026-08-25T15:45:00,2026-08-25T14:00:00.000Z,112.7,"Pan-European Intraday auction, 15 minutes IDA2 price (DE-LU)"
ida2,2026-08-25T14:00:00.000Z,2026-08-25T16:00:00,2026-08-25T14:15:00.000Z,103.14,"Pan-European Intraday auction, 15 minutes IDA2 price (DE-LU)"
ida2,2026-08-25T14:15:00.000Z,2026-08-25T16:15:00,2026-08-25T14:30:00.000Z,125.81,"Pan-European Intraday auction, 15 minutes IDA2 price (DE-LU)"
ida2,2026-08-25T14:30:00.000Z,2026-08-25T16:30:00,2026-08-25T14:45:00.000Z,137.2,"Pan-European Intraday auction, 15 minutes IDA2 price (DE-LU)"
ida2,2026-08-25T14:45:00.000Z,2026-08-25T16:45:00,2026-08-25T15:00:00.000Z,158.57,"Pan-European Intraday auction, 15 minutes IDA2 price (DE-LU)"
ida2,2026-08-25T15:00:00.000Z,2026-08-25T17:00:00,2026-08-25T15:15:00.000Z,136.38,"Pan-European Intraday auction, 15 minutes IDA2 price (DE-LU)"
ida2,2026-08-25T15:15:00.000Z,2026-08-25T17:15:00,2026-08-25T15:30:00.000Z,150.15,"Pan-European Intraday auction, 15 minutes IDA2 price (DE-LU)"
ida2,2026-08-25T15:30:00.000Z,2026-08-25T17:30:00,2026-08-25T15:45:00.000Z,173.47,"Pan-European Intraday auction, 15 minutes IDA2 price (DE-LU)"
ida2,2026-08-25T15:45:00.000Z,2026-08-25T17:45:00,2026-08-25T16:00:00.000Z,191.27,"Pan-European Intraday auction, 15 minutes IDA2 price (DE-LU)"
ida2,2026-08-25T16:00:00.000Z,2026-08-25T18:00:00,2026-08-25T16:15:00.000Z,164.39,"Pan-European Intraday auction, 15 minutes IDA2 price (DE-LU)"
ida2,2026-08-25T16:15:00.000Z,2026-08-25T18:15:00,2026-08-25T16:30:00.000Z,193.46,"Pan-European Intraday auction, 15 minutes IDA2 price (DE-LU)"
ida2,2026-08-25T16:30:00.000Z,2026-08-25T18:30:00,2026-08-25T16:45:00.000Z,210.7,"Pan-European Intraday auction, 15 minutes IDA2 price (DE-LU)"
ida2,2026-08-25T16:45:00.000Z,2026-08-25T18:45:00,2026-08-25T17:00:00.000Z,225,"Pan-European Intraday auction, 15 minutes IDA2 price (DE-LU)"
ida2,2026-08-25T17:00:00.000Z,2026-08-25T19:00:00,2026-08-25T17:15:00.000Z,217.53,"Pan-European Intraday auction, 15 minutes IDA2 price (DE-LU)"
ida2,2026-08-25T17:15:00.000Z,2026-08-25T19:15:00,2026-08-25T17:30:00.000Z,227.96,"Pan-European Intraday auction, 15 minutes IDA2 price (DE-LU)"
ida2,2026-08-25T17:30:00.000Z,2026-08-25T19:30:00,2026-08-25T17:45:00.000Z,239.55,"Pan-European Intraday auction, 15 minutes IDA2 price (DE-LU)"
ida2,2026-08-25T17:45:00.000Z,2026-08-25T19:45:00,2026-08-25T18:00:00.000Z,240.18,"Pan-European Intraday auction, 15 minutes IDA2 price (DE-LU)"
ida2,2026-08-25T18:00:00.000Z,2026-08-25T20:00:00,2026-08-25T18:15:00.000Z,221.67,"Pan-European Intraday auction, 15 minutes IDA2 price (DE-LU)"
ida2,2026-08-25T18:15:00.000Z,2026-08-25T20:15:00,2026-08-25T18:30:00.000Z,229.26,"Pan-European Intraday auction, 15 minutes IDA2 price (DE-LU)"
ida2,2026-08-25T18:30:00.000Z,2026-08-25T20:30:00,2026-08-25T18:45:00.000Z,232.55,"Pan-European Intraday auction, 15 minutes IDA2 price (DE-LU)"
ida2,2026-08-25T18:45:00.000Z,2026-08-25T20:45:00,2026-08-25T19:00:00.000Z,225.94,"Pan-European Intraday auction, 15 minutes IDA2 price (DE-LU)"
ida2,2026-08-25T19:00:00.000Z,2026-08-25T21:00:00,2026-08-25T19:15:00.000Z,222.96,"Pan-European Intraday auction, 15 minutes IDA2 price (DE-LU)"
ida2,2026-08-25T19:15:00.000Z,2026-08-25T21:15:00,2026-08-25T19:30:00.000Z,210.15,"Pan-European Intraday auction, 15 minutes IDA2 price (DE-LU)"
ida2,2026-08-25T19:30:00.000Z,2026-08-25T21:30:00,2026-08-25T19:45:00.000Z,207.87,"Pan-European Intraday auction, 15 minutes IDA2 price (DE-LU)"
ida2,2026-08-25T19:45:00.000Z,2026-08-25T21:45:00,2026-08-25T20:00:00.000Z,187.89,"Pan-European Intraday auction, 15 minutes IDA2 price (DE-LU)"
ida2,2026-08-25T20:00:00.000Z,2026-08-25T22:00:00,2026-08-25T20:15:00.000Z,206.98,"Pan-European Intraday auction, 15 minutes IDA2 price (DE-LU)"
ida2,2026-08-25T20:15:00.000Z,2026-08-25T22:15:00,2026-08-25T20:30:00.000Z,202.57,"Pan-European Intraday auction, 15 minutes IDA2 price (DE-LU)"
ida2,2026-08-25T20:30:00.000Z,2026-08-25T22:30:00,2026-08-25T20:45:00.000Z,201.51,"Pan-European Intraday auction, 15 minutes IDA2 price (DE-LU)"
ida2,2026-08-25T20:45:00.000Z,2026-08-25T22:45:00,2026-08-25T21:00:00.000Z,185.63,"Pan-European Intraday auction, 15 minutes IDA2 price (DE-LU)"
ida2,2026-08-25T21:00:00.000Z,2026-08-25T23:00:00,2026-08-25T21:15:00.000Z,195.91,"Pan-European Intraday auction, 15 minutes IDA2 price (DE-LU)"
ida2,2026-08-25T21:15:00.000Z,2026-08-25T23:15:00,2026-08-25T21:30:00.000Z,186.61,"Pan-European Intraday auction, 15 minutes IDA2 price (DE-LU)"
ida2,2026-08-25T21:30:00.000Z,2026-08-25T23:30:00,2026-08-25T21:45:00.000Z,181.57,"Pan-European Intraday auction, 15 minutes IDA2 price (DE-LU)"
ida2,2026-08-25T21:45:00.000Z,2026-08-25T23:45:00,2026-08-25T22:00:00.000Z,167,"Pan-European Intraday auction, 15 minutes IDA2 price (DE-LU)"
ida2,2026-08-25T22:00:00.000Z,2026-08-26T00:00:00,2026-08-25T22:15:00.000Z,175,"Pan-European Intraday auction, 15 minutes IDA2 price (DE-LU)"
ida2,2026-08-25T22:15:00.000Z,2026-08-26T00:15:00,2026-08-25T22:30:00.000Z,164,"Pan-European Intraday auction, 15 minutes IDA2 price (DE-LU)"
ida2,2026-08-25T22:30:00.000Z,2026-08-26T00:30:00,2026-08-25T22:45:00.000Z,155.37,"Pan-European Intraday auction, 15 minutes IDA2 price (DE-LU)"
ida2,2026-08-25T22:45:00.000Z,2026-08-26T00:45:00,2026-08-25T23:00:00.000Z,150.78,"Pan-European Intraday auction, 15 minutes IDA2 price (DE-LU)"
ida2,2026-08-25T23:00:00.000Z,2026-08-26T01:00:00,2026-08-25T23:15:00.000Z,156.01,"Pan-European Intraday auction, 15 minutes IDA2 price (DE-LU)"
ida2,2026-08-25T23:15:00.000Z,2026-08-26T01:15:00,2026-08-25T23:30:00.000Z,150.39,"Pan-European Intraday auction, 15 minutes IDA2 price (DE-LU)"
ida2,2026-08-25T23:30:00.000Z,2026-08-26T01:30:00,2026-08-25T23:45:00.000Z,151.21,"Pan-European Intraday auction, 15 minutes IDA2 price (DE-LU)"
ida2,2026-08-25T23:45:00.000Z,2026-08-26T01:45:00,2026-08-26T00:00:00.000Z,151.17,"Pan-European Intraday auction, 15 minutes IDA2 price (DE-LU)"
ida2,2026-08-26T00:00:00.000Z,2026-08-26T02:00:00,2026-08-26T00:15:00.000Z,148.01,"Pan-European Intraday auction, 15 minutes IDA2 price (DE-LU)"
ida2,2026-08-26T00:15:00.000Z,2026-08-26T02:15:00,2026-08-26T00:30:00.000Z,148.01,"Pan-European Intraday auction, 15 minutes IDA2 price (DE-LU)"
ida2,2026-08-26T00:30:00.000Z,2026-08-26T02:30:00,2026-08-26T00:45:00.000Z,148.52,"Pan-European Intraday auction, 15 minutes IDA2 price (DE-LU)"
ida2,2026-08-26T00:45:00.000Z,2026-08-26T02:45:00,2026-08-26T01:00:00.000Z,151.26,"Pan-European Intraday auction, 15 minutes IDA2 price (DE-LU)"
ida2,2026-08-26T01:00:00.000Z,2026-08-26T03:00:00,2026-08-26T01:15:00.000Z,145.29,"Pan-European Intraday auction, 15 minutes IDA2 price (DE-LU)"
ida2,2026-08-26T01:15:00.000Z,2026-08-26T03:15:00,2026-08-26T01:30:00.000Z,148.42,"Pan-European Intraday auction, 15 minutes IDA2 price (DE-LU)"
ida2,2026-08-26T01:30:00.000Z,2026-08-26T03:30:00,2026-08-26T01:45:00.000Z,146.66,"Pan-European Intraday auction, 15 minutes IDA2 price (DE-LU)"
ida2,2026-08-26T01:45:00.000Z,2026-08-26T03:45:00,2026-08-26T02:00:00.000Z,147.89,"Pan-European Intraday auction, 15 minutes IDA2 price (DE-LU)"
ida2,2026-08-26T02:00:00.000Z,2026-08-26T04:00:00,2026-08-26T02:15:00.000Z,148.78,"Pan-European Intraday auction, 15 minutes IDA2 price (DE-LU)"
ida2,2026-08-26T02:15:00.000Z,2026-08-26T04:15:00,2026-08-26T02:30:00.000Z,147,"Pan-European Intraday auction, 15 minutes IDA2 price (DE-LU)"
ida2,2026-08-26T02:30:00.000Z,2026-08-26T04:30:00,2026-08-26T02:45:00.000Z,147.79,"Pan-European Intraday auction, 15 minutes IDA2 price (DE-LU)"
ida2,2026-08-26T02:45:00.000Z,2026-08-26T04:45:00,2026-08-26T03:00:00.000Z,149.85,"Pan-European Intraday auction, 15 minutes IDA2 price (DE-LU)"
ida2,2026-08-26T03:00:00.000Z,2026-08-26T05:00:00,2026-08-26T03:15:00.000Z,146.81,"Pan-European Intraday auction, 15 minutes IDA2 price (DE-LU)"
ida2,2026-08-26T03:15:00.000Z,2026-08-26T05:15:00,2026-08-26T03:30:00.000Z,152.52,"Pan-European Intraday auction, 15 minutes IDA2 price (DE-LU)"
ida2,2026-08-26T03:30:00.000Z,2026-08-26T05:30:00,2026-08-26T03:45:00.000Z,159.82,"Pan-European Intraday auction, 15 minutes IDA2 price (DE-LU)"
ida2,2026-08-26T03:45:00.000Z,2026-08-26T05:45:00,2026-08-26T04:00:00.000Z,162.72,"Pan-European Intraday auction, 15 minutes IDA2 price (DE-LU)"
ida2,2026-08-26T04:00:00.000Z,2026-08-26T06:00:00,2026-08-26T04:15:00.000Z,166.21,"Pan-European Intraday auction, 15 minutes IDA2 price (DE-LU)"
ida2,2026-08-26T04:15:00.000Z,2026-08-26T06:15:00,2026-08-26T04:30:00.000Z,175.04,"Pan-European Intraday auction, 15 minutes IDA2 price (DE-LU)"
ida2,2026-08-26T04:30:00.000Z,2026-08-26T06:30:00,2026-08-26T04:45:00.000Z,178.34,"Pan-European Intraday auction, 15 minutes IDA2 price (DE-LU)"
ida2,2026-08-26T04:45:00.000Z,2026-08-26T06:45:00,2026-08-26T05:00:00.000Z,183.66,"Pan-European Intraday auction, 15 minutes IDA2 price (DE-LU)"
ida2,2026-08-26T05:00:00.000Z,2026-08-26T07:00:00,2026-08-26T05:15:00.000Z,191.75,"Pan-European Intraday auction, 15 minutes IDA2 price (DE-LU)"
ida2,2026-08-26T05:15:00.000Z,2026-08-26T07:15:00,2026-08-26T05:30:00.000Z,195.11,"Pan-European Intraday auction, 15 minutes IDA2 price (DE-LU)"
ida2,2026-08-26T05:30:00.000Z,2026-08-26T07:30:00,2026-08-26T05:45:00.000Z,193.52,"Pan-European Intraday auction, 15 minutes IDA2 price (DE-LU)"
ida2,2026-08-26T05:45:00.000Z,2026-08-26T07:45:00,2026-08-26T06:00:00.000Z,190.4,"Pan-European Intraday auction, 15 minutes IDA2 price (DE-LU)"
ida2,2026-08-26T06:00:00.000Z,2026-08-26T08:00:00,2026-08-26T06:15:00.000Z,212.37,"Pan-European Intraday auction, 15 minutes IDA2 price (DE-LU)"
ida2,2026-08-26T06:15:00.000Z,2026-08-26T08:15:00,2026-08-26T06:30:00.000Z,203.2,"Pan-European Intraday auction, 15 minutes IDA2 price (DE-LU)"
ida2,2026-08-26T06:30:00.000Z,2026-08-26T08:30:00,2026-08-26T06:45:00.000Z,186.74,"Pan-European Intraday auction, 15 minutes IDA2 price (DE-LU)"
ida2,2026-08-26T06:45:00.000Z,2026-08-26T08:45:00,2026-08-26T07:00:00.000Z,177.7,"Pan-European Intraday auction, 15 minutes IDA2 price (DE-LU)"
ida2,2026-08-26T07:00:00.000Z,2026-08-26T09:00:00,2026-08-26T07:15:00.000Z,198.5,"Pan-European Intraday auction, 15 minutes IDA2 price (DE-LU)"
ida2,2026-08-26T07:15:00.000Z,2026-08-26T09:15:00,2026-08-26T07:30:00.000Z,183.81,"Pan-European Intraday auction, 15 minutes IDA2 price (DE-LU)"
ida2,2026-08-26T07:30:00.000Z,2026-08-26T09:30:00,2026-08-26T07:45:00.000Z,168.23,"Pan-European Intraday auction, 15 minutes IDA2 price (DE-LU)"
ida2,2026-08-26T07:45:00.000Z,2026-08-26T09:45:00,2026-08-26T08:00:00.000Z,153.46,"Pan-European Intraday auction, 15 minutes IDA2 price (DE-LU)"
ida2,2026-08-26T08:00:00.000Z,2026-08-26T10:00:00,2026-08-26T08:15:00.000Z,176.07,"Pan-European Intraday auction, 15 minutes IDA2 price (DE-LU)"
ida2,2026-08-26T08:15:00.000Z,2026-08-26T10:15:00,2026-08-26T08:30:00.000Z,149.77,"Pan-European Intraday auction, 15 minutes IDA2 price (DE-LU)"
ida2,2026-08-26T08:30:00.000Z,2026-08-26T10:30:00,2026-08-26T08:45:00.000Z,138.56,"Pan-European Intraday auction, 15 minutes IDA2 price (DE-LU)"
ida2,2026-08-26T08:45:00.000Z,2026-08-26T10:45:00,2026-08-26T09:00:00.000Z,130.6,"Pan-European Intraday auction, 15 minutes IDA2 price (DE-LU)"
ida2,2026-08-26T09:00:00.000Z,2026-08-26T11:00:00,2026-08-26T09:15:00.000Z,144,"Pan-European Intraday auction, 15 minutes IDA2 price (DE-LU)"
ida2,2026-08-26T09:15:00.000Z,2026-08-26T11:15:00,2026-08-26T09:30:00.000Z,138.13,"Pan-European Intraday auction, 15 minutes IDA2 price (DE-LU)"
ida2,2026-08-26T09:30:00.000Z,2026-08-26T11:30:00,2026-08-26T09:45:00.000Z,133.02,"Pan-European Intraday auction, 15 minutes IDA2 price (DE-LU)"
ida2,2026-08-26T09:45:00.000Z,2026-08-26T11:45:00,2026-08-26T10:00:00.000Z,112.85,"Pan-European Intraday auction, 15 minutes IDA2 price (DE-LU)"
ida2,2026-08-26T10:00:00.000Z,2026-08-26T12:00:00,2026-08-26T10:15:00.000Z,122.8,"Pan-European Intraday auction, 15 minutes IDA2 price (DE-LU)"
ida2,2026-08-26T10:15:00.000Z,2026-08-26T12:15:00,2026-08-26T10:30:00.000Z,110.13,"Pan-European Intraday auction, 15 minutes IDA2 price (DE-LU)"
ida2,2026-08-26T10:30:00.000Z,2026-08-26T12:30:00,2026-08-26T10:45:00.000Z,102.79,"Pan-European Intraday auction, 15 minutes IDA2 price (DE-LU)"
ida2,2026-08-26T10:45:00.000Z,2026-08-26T12:45:00,2026-08-26T11:00:00.000Z,100.27,"Pan-European Intraday auction, 15 minutes IDA2 price (DE-LU)"
ida2,2026-08-26T11:00:00.000Z,2026-08-26T13:00:00,2026-08-26T11:15:00.000Z,111.35,"Pan-European Intraday auction, 15 minutes IDA2 price (DE-LU)"
ida2,2026-08-26T11:15:00.000Z,2026-08-26T13:15:00,2026-08-26T11:30:00.000Z,108.16,"Pan-European Intraday auction, 15 minutes IDA2 price (DE-LU)"
ida2,2026-08-26T11:30:00.000Z,2026-08-26T13:30:00,2026-08-26T11:45:00.000Z,103.75,"Pan-European Intraday auction, 15 minutes IDA2 price (DE-LU)"
ida2,2026-08-26T11:45:00.000Z,2026-08-26T13:45:00,2026-08-26T12:00:00.000Z,97.9,"Pan-European Intraday auction, 15 minutes IDA2 price (DE-LU)"
ida2,2026-08-26T12:00:00.000Z,2026-08-26T14:00:00,2026-08-26T12:15:00.000Z,102.57,"Pan-European Intraday auction, 15 minutes IDA2 price (DE-LU)"
ida2,2026-08-26T12:15:00.000Z,2026-08-26T14:15:00,2026-08-26T12:30:00.000Z,96.68,"Pan-European Intraday auction, 15 minutes IDA2 price (DE-LU)"
ida2,2026-08-26T12:30:00.000Z,2026-08-26T14:30:00,2026-08-26T12:45:00.000Z,100.63,"Pan-European Intraday auction, 15 minutes IDA2 price (DE-LU)"
ida2,2026-08-26T12:45:00.000Z,2026-08-26T14:45:00,2026-08-26T13:00:00.000Z,104,"Pan-European Intraday auction, 15 minutes IDA2 price (DE-LU)"
ida2,2026-08-26T13:00:00.000Z,2026-08-26T15:00:00,2026-08-26T13:15:00.000Z,101.63,"Pan-European Intraday auction, 15 minutes IDA2 price (DE-LU)"
ida2,2026-08-26T13:15:00.000Z,2026-08-26T15:15:00,2026-08-26T13:30:00.000Z,104,"Pan-European Intraday auction, 15 minutes IDA2 price (DE-LU)"
ida2,2026-08-26T13:30:00.000Z,2026-08-26T15:30:00,2026-08-26T13:45:00.000Z,111.28,"Pan-European Intraday auction, 15 minutes IDA2 price (DE-LU)"
ida2,2026-08-26T13:45:00.000Z,2026-08-26T15:45:00,2026-08-26T14:00:00.000Z,123.09,"Pan-European Intraday auction, 15 minutes IDA2 price (DE-LU)"
ida2,2026-08-26T14:00:00.000Z,2026-08-26T16:00:00,2026-08-26T14:15:00.000Z,118.63,"Pan-European Intraday auction, 15 minutes IDA2 price (DE-LU)"
ida2,2026-08-26T14:15:00.000Z,2026-08-26T16:15:00,2026-08-26T14:30:00.000Z,124.71,"Pan-European Intraday auction, 15 minutes IDA2 price (DE-LU)"
ida2,2026-08-26T14:30:00.000Z,2026-08-26T16:30:00,2026-08-26T14:45:00.000Z,129.98,"Pan-European Intraday auction, 15 minutes IDA2 price (DE-LU)"
ida2,2026-08-26T14:45:00.000Z,2026-08-26T16:45:00,2026-08-26T15:00:00.000Z,148.83,"Pan-European Intraday auction, 15 minutes IDA2 price (DE-LU)"
ida2,2026-08-26T15:00:00.000Z,2026-08-26T17:00:00,2026-08-26T15:15:00.000Z,129.9,"Pan-European Intraday auction, 15 minutes IDA2 price (DE-LU)"
ida2,2026-08-26T15:15:00.000Z,2026-08-26T17:15:00,2026-08-26T15:30:00.000Z,153.95,"Pan-European Intraday auction, 15 minutes IDA2 price (DE-LU)"
ida2,2026-08-26T15:30:00.000Z,2026-08-26T17:30:00,2026-08-26T15:45:00.000Z,177.01,"Pan-European Intraday auction, 15 minutes IDA2 price (DE-LU)"
ida2,2026-08-26T15:45:00.000Z,2026-08-26T17:45:00,2026-08-26T16:00:00.000Z,183.09,"Pan-European Intraday auction, 15 minutes IDA2 price (DE-LU)"
ida2,2026-08-26T16:00:00.000Z,2026-08-26T18:00:00,2026-08-26T16:15:00.000Z,162.1,"Pan-European Intraday auction, 15 minutes IDA2 price (DE-LU)"
ida2,2026-08-26T16:15:00.000Z,2026-08-26T18:15:00,2026-08-26T16:30:00.000Z,180.34,"Pan-European Intraday auction, 15 minutes IDA2 price (DE-LU)"
ida2,2026-08-26T16:30:00.000Z,2026-08-26T18:30:00,2026-08-26T16:45:00.000Z,196.43,"Pan-European Intraday auction, 15 minutes IDA2 price (DE-LU)"
ida2,2026-08-26T16:45:00.000Z,2026-08-26T18:45:00,2026-08-26T17:00:00.000Z,218.54,"Pan-European Intraday auction, 15 minutes IDA2 price (DE-LU)"
ida2,2026-08-26T17:00:00.000Z,2026-08-26T19:00:00,2026-08-26T17:15:00.000Z,194.02,"Pan-European Intraday auction, 15 minutes IDA2 price (DE-LU)"
ida2,2026-08-26T17:15:00.000Z,2026-08-26T19:15:00,2026-08-26T17:30:00.000Z,207.15,"Pan-European Intraday auction, 15 minutes IDA2 price (DE-LU)"
ida2,2026-08-26T17:30:00.000Z,2026-08-26T19:30:00,2026-08-26T17:45:00.000Z,225.79,"Pan-European Intraday auction, 15 minutes IDA2 price (DE-LU)"
ida2,2026-08-26T17:45:00.000Z,2026-08-26T19:45:00,2026-08-26T18:00:00.000Z,233.04,"Pan-European Intraday auction, 15 minutes IDA2 price (DE-LU)"
ida2,2026-08-26T18:00:00.000Z,2026-08-26T20:00:00,2026-08-26T18:15:00.000Z,226.75,"Pan-European Intraday auction, 15 minutes IDA2 price (DE-LU)"
ida2,2026-08-26T18:15:00.000Z,2026-08-26T20:15:00,2026-08-26T18:30:00.000Z,204.97,"Pan-European Intraday auction, 15 minutes IDA2 price (DE-LU)"
ida2,2026-08-26T18:30:00.000Z,2026-08-26T20:30:00,2026-08-26T18:45:00.000Z,190.74,"Pan-European Intraday auction, 15 minutes IDA2 price (DE-LU)"
ida2,2026-08-26T18:45:00.000Z,2026-08-26T20:45:00,2026-08-26T19:00:00.000Z,178.5,"Pan-European Intraday auction, 15 minutes IDA2 price (DE-LU)"
ida2,2026-08-26T19:00:00.000Z,2026-08-26T21:00:00,2026-08-26T19:15:00.000Z,200.92,"Pan-European Intraday auction, 15 minutes IDA2 price (DE-LU)"
ida2,2026-08-26T19:15:00.000Z,2026-08-26T21:15:00,2026-08-26T19:30:00.000Z,180.86,"Pan-European Intraday auction, 15 minutes IDA2 price (DE-LU)"
ida2,2026-08-26T19:30:00.000Z,2026-08-26T21:30:00,2026-08-26T19:45:00.000Z,177.32,"Pan-European Intraday auction, 15 minutes IDA2 price (DE-LU)"
ida2,2026-08-26T19:45:00.000Z,2026-08-26T21:45:00,2026-08-26T20:00:00.000Z,169.03,"Pan-European Intraday auction, 15 minutes IDA2 price (DE-LU)"
ida2,2026-08-26T20:00:00.000Z,2026-08-26T22:00:00,2026-08-26T20:15:00.000Z,172.5,"Pan-European Intraday auction, 15 minutes IDA2 price (DE-LU)"
ida2,2026-08-26T20:15:00.000Z,2026-08-26T22:15:00,2026-08-26T20:30:00.000Z,166.03,"Pan-European Intraday auction, 15 minutes IDA2 price (DE-LU)"
ida2,2026-08-26T20:30:00.000Z,2026-08-26T22:30:00,2026-08-26T20:45:00.000Z,169.03,"Pan-European Intraday auction, 15 minutes IDA2 price (DE-LU)"
ida2,2026-08-26T20:45:00.000Z,2026-08-26T22:45:00,2026-08-26T21:00:00.000Z,164.01,"Pan-European Intraday auction, 15 minutes IDA2 price (DE-LU)"
ida2,2026-08-26T21:00:00.000Z,2026-08-26T23:00:00,2026-08-26T21:15:00.000Z,162.03,"Pan-European Intraday auction, 15 minutes IDA2 price (DE-LU)"
ida2,2026-08-26T21:15:00.000Z,2026-08-26T23:15:00,2026-08-26T21:30:00.000Z,156.66,"Pan-European Intraday auction, 15 minutes IDA2 price (DE-LU)"
ida2,2026-08-26T21:30:00.000Z,2026-08-26T23:30:00,2026-08-26T21:45:00.000Z,155.74,"Pan-European Intraday auction, 15 minutes IDA2 price (DE-LU)"
ida2,2026-08-26T21:45:00.000Z,2026-08-26T23:45:00,2026-08-26T22:00:00.000Z,146.81,"Pan-European Intraday auction, 15 minutes IDA2 price (DE-LU)"
ida2,2026-08-27T22:00:00.000Z,2026-08-28T00:00:00,2026-08-27T22:15:00.000Z,147.81,"Pan-European Intraday auction, 15 minutes IDA2 price (DE-LU)"
ida2,2026-08-27T22:15:00.000Z,2026-08-28T00:15:00,2026-08-27T22:30:00.000Z,146.37,"Pan-European Intraday auction, 15 minutes IDA2 price (DE-LU)"
ida2,2026-08-27T22:30:00.000Z,2026-08-28T00:30:00,2026-08-27T22:45:00.000Z,143.46,"Pan-European Intraday auction, 15 minutes IDA2 price (DE-LU)"
ida2,2026-08-27T22:45:00.000Z,2026-08-28T00:45:00,2026-08-27T23:00:00.000Z,141.3,"Pan-European Intraday auction, 15 minutes IDA2 price (DE-LU)"
ida2,2026-08-27T23:00:00.000Z,2026-08-28T01:00:00,2026-08-27T23:15:00.000Z,148,"Pan-European Intraday auction, 15 minutes IDA2 price (DE-LU)"
ida2,2026-08-27T23:15:00.000Z,2026-08-28T01:15:00,2026-08-27T23:30:00.000Z,144.75,"Pan-European Intraday auction, 15 minutes IDA2 price (DE-LU)"
ida2,2026-08-27T23:30:00.000Z,2026-08-28T01:30:00,2026-08-27T23:45:00.000Z,143.47,"Pan-European Intraday auction, 15 minutes IDA2 price (DE-LU)"
ida2,2026-08-27T23:45:00.000Z,2026-08-28T01:45:00,2026-08-28T00:00:00.000Z,143.85,"Pan-European Intraday auction, 15 minutes IDA2 price (DE-LU)"
ida2,2026-08-28T00:00:00.000Z,2026-08-28T02:00:00,2026-08-28T00:15:00.000Z,141.07,"Pan-European Intraday auction, 15 minutes IDA2 price (DE-LU)"
ida2,2026-08-28T00:15:00.000Z,2026-08-28T02:15:00,2026-08-28T00:30:00.000Z,140.29,"Pan-European Intraday auction, 15 minutes IDA2 price (DE-LU)"
ida2,2026-08-28T00:30:00.000Z,2026-08-28T02:30:00,2026-08-28T00:45:00.000Z,143.99,"Pan-European Intraday auction, 15 minutes IDA2 price (DE-LU)"
ida2,2026-08-28T00:45:00.000Z,2026-08-28T02:45:00,2026-08-28T01:00:00.000Z,142.79,"Pan-European Intraday auction, 15 minutes IDA2 price (DE-LU)"
ida2,2026-08-28T01:00:00.000Z,2026-08-28T03:00:00,2026-08-28T01:15:00.000Z,141.88,"Pan-European Intraday auction, 15 minutes IDA2 price (DE-LU)"
ida2,2026-08-28T01:15:00.000Z,2026-08-28T03:15:00,2026-08-28T01:30:00.000Z,143.12,"Pan-European Intraday auction, 15 minutes IDA2 price (DE-LU)"
ida2,2026-08-28T01:30:00.000Z,2026-08-28T03:30:00,2026-08-28T01:45:00.000Z,144.15,"Pan-European Intraday auction, 15 minutes IDA2 price (DE-LU)"
ida2,2026-08-28T01:45:00.000Z,2026-08-28T03:45:00,2026-08-28T02:00:00.000Z,143.56,"Pan-European Intraday auction, 15 minutes IDA2 price (DE-LU)"
ida2,2026-08-28T02:00:00.000Z,2026-08-28T04:00:00,2026-08-28T02:15:00.000Z,141.91,"Pan-European Intraday auction, 15 minutes IDA2 price (DE-LU)"
ida2,2026-08-28T02:15:00.000Z,2026-08-28T04:15:00,2026-08-28T02:30:00.000Z,143.98,"Pan-European Intraday auction, 15 minutes IDA2 price (DE-LU)"
ida2,2026-08-28T02:30:00.000Z,2026-08-28T04:30:00,2026-08-28T02:45:00.000Z,147.31,"Pan-European Intraday auction, 15 minutes IDA2 price (DE-LU)"
ida2,2026-08-28T02:45:00.000Z,2026-08-28T04:45:00,2026-08-28T03:00:00.000Z,148.06,"Pan-European Intraday auction, 15 minutes IDA2 price (DE-LU)"
ida2,2026-08-28T03:00:00.000Z,2026-08-28T05:00:00,2026-08-28T03:15:00.000Z,144.73,"Pan-European Intraday auction, 15 minutes IDA2 price (DE-LU)"
ida2,2026-08-28T03:15:00.000Z,2026-08-28T05:15:00,2026-08-28T03:30:00.000Z,150.2,"Pan-European Intraday auction, 15 minutes IDA2 price (DE-LU)"
ida2,2026-08-28T03:30:00.000Z,2026-08-28T05:30:00,2026-08-28T03:45:00.000Z,157.2,"Pan-European Intraday auction, 15 minutes IDA2 price (DE-LU)"
ida2,2026-08-28T03:45:00.000Z,2026-08-28T05:45:00,2026-08-28T04:00:00.000Z,165.79,"Pan-European Intraday auction, 15 minutes IDA2 price (DE-LU)"
ida2,2026-08-28T04:00:00.000Z,2026-08-28T06:00:00,2026-08-28T04:15:00.000Z,169.35,"Pan-European Intraday auction, 15 minutes IDA2 price (DE-LU)"
ida2,2026-08-28T04:15:00.000Z,2026-08-28T06:15:00,2026-08-28T04:30:00.000Z,176,"Pan-European Intraday auction, 15 minutes IDA2 price (DE-LU)"
ida2,2026-08-28T04:30:00.000Z,2026-08-28T06:30:00,2026-08-28T04:45:00.000Z,178.1,"Pan-European Intraday auction, 15 minutes IDA2 price (DE-LU)"
ida2,2026-08-28T04:45:00.000Z,2026-08-28T06:45:00,2026-08-28T05:00:00.000Z,176.95,"Pan-European Intraday auction, 15 minutes IDA2 price (DE-LU)"
ida2,2026-08-28T05:00:00.000Z,2026-08-28T07:00:00,2026-08-28T05:15:00.000Z,182.47,"Pan-European Intraday auction, 15 minutes IDA2 price (DE-LU)"
ida2,2026-08-28T05:15:00.000Z,2026-08-28T07:15:00,2026-08-28T05:30:00.000Z,182.74,"Pan-European Intraday auction, 15 minutes IDA2 price (DE-LU)"
ida2,2026-08-28T05:30:00.000Z,2026-08-28T07:30:00,2026-08-28T05:45:00.000Z,180.16,"Pan-European Intraday auction, 15 minutes IDA2 price (DE-LU)"
ida2,2026-08-28T05:45:00.000Z,2026-08-28T07:45:00,2026-08-28T06:00:00.000Z,173.64,"Pan-European Intraday auction, 15 minutes IDA2 price (DE-LU)"
ida2,2026-08-28T06:00:00.000Z,2026-08-28T08:00:00,2026-08-28T06:15:00.000Z,191.06,"Pan-European Intraday auction, 15 minutes IDA2 price (DE-LU)"
ida2,2026-08-28T06:15:00.000Z,2026-08-28T08:15:00,2026-08-28T06:30:00.000Z,176.67,"Pan-European Intraday auction, 15 minutes IDA2 price (DE-LU)"
ida2,2026-08-28T06:30:00.000Z,2026-08-28T08:30:00,2026-08-28T06:45:00.000Z,172.94,"Pan-European Intraday auction, 15 minutes IDA2 price (DE-LU)"
ida2,2026-08-28T06:45:00.000Z,2026-08-28T08:45:00,2026-08-28T07:00:00.000Z,166.52,"Pan-European Intraday auction, 15 minutes IDA2 price (DE-LU)"
ida2,2026-08-28T07:00:00.000Z,2026-08-28T09:00:00,2026-08-28T07:15:00.000Z,176.94,"Pan-European Intraday auction, 15 minutes IDA2 price (DE-LU)"
ida2,2026-08-28T07:15:00.000Z,2026-08-28T09:15:00,2026-08-28T07:30:00.000Z,171.63,"Pan-European Intraday auction, 15 minutes IDA2 price (DE-LU)"
ida2,2026-08-28T07:30:00.000Z,2026-08-28T09:30:00,2026-08-28T07:45:00.000Z,168.92,"Pan-European Intraday auction, 15 minutes IDA2 price (DE-LU)"
ida2,2026-08-28T07:45:00.000Z,2026-08-28T09:45:00,2026-08-28T08:00:00.000Z,162.91,"Pan-European Intraday auction, 15 minutes IDA2 price (DE-LU)"
ida2,2026-08-28T08:00:00.000Z,2026-08-28T10:00:00,2026-08-28T08:15:00.000Z,166.38,"Pan-European Intraday auction, 15 minutes IDA2 price (DE-LU)"
ida2,2026-08-28T08:15:00.000Z,2026-08-28T10:15:00,2026-08-28T08:30:00.000Z,161.81,"Pan-European Intraday auction, 15 minutes IDA2 price (DE-LU)"
ida2,2026-08-28T08:30:00.000Z,2026-08-28T10:30:00,2026-08-28T08:45:00.000Z,152.95,"Pan-European Intraday auction, 15 minutes IDA2 price (DE-LU)"
ida2,2026-08-28T08:45:00.000Z,2026-08-28T10:45:00,2026-08-28T09:00:00.000Z,139.66,"Pan-European Intraday auction, 15 minutes IDA2 price (DE-LU)"
ida2,2026-08-28T09:00:00.000Z,2026-08-28T11:00:00,2026-08-28T09:15:00.000Z,149.8,"Pan-European Intraday auction, 15 minutes IDA2 price (DE-LU)"
ida2,2026-08-28T09:15:00.000Z,2026-08-28T11:15:00,2026-08-28T09:30:00.000Z,146,"Pan-European Intraday auction, 15 minutes IDA2 price (DE-LU)"
ida2,2026-08-28T09:30:00.000Z,2026-08-28T11:30:00,2026-08-28T09:45:00.000Z,139.42,"Pan-European Intraday auction, 15 minutes IDA2 price (DE-LU)"
ida2,2026-08-28T09:45:00.000Z,2026-08-28T11:45:00,2026-08-28T10:00:00.000Z,137.58,"Pan-European Intraday auction, 15 minutes IDA2 price (DE-LU)"
ida2,2026-08-28T10:00:00.000Z,2026-08-28T12:00:00,2026-08-28T10:15:00.000Z,137.55,"Pan-European Intraday auction, 15 minutes IDA2 price (DE-LU)"
ida2,2026-08-28T10:15:00.000Z,2026-08-28T12:15:00,2026-08-28T10:30:00.000Z,131.99,"Pan-European Intraday auction, 15 minutes IDA2 price (DE-LU)"
ida2,2026-08-28T10:30:00.000Z,2026-08-28T12:30:00,2026-08-28T10:45:00.000Z,132.04,"Pan-European Intraday auction, 15 minutes IDA2 price (DE-LU)"
ida2,2026-08-28T10:45:00.000Z,2026-08-28T12:45:00,2026-08-28T11:00:00.000Z,129.91,"Pan-European Intraday auction, 15 minutes IDA2 price (DE-LU)"
ida2,2026-08-28T11:00:00.000Z,2026-08-28T13:00:00,2026-08-28T11:15:00.000Z,126.87,"Pan-European Intraday auction, 15 minutes IDA2 price (DE-LU)"
ida2,2026-08-28T11:15:00.000Z,2026-08-28T13:15:00,2026-08-28T11:30:00.000Z,121.89,"Pan-European Intraday auction, 15 minutes IDA2 price (DE-LU)"
ida2,2026-08-28T11:30:00.000Z,2026-08-28T13:30:00,2026-08-28T11:45:00.000Z,121.39,"Pan-European Intraday auction, 15 minutes IDA2 price (DE-LU)"
ida2,2026-08-28T11:45:00.000Z,2026-08-28T13:45:00,2026-08-28T12:00:00.000Z,116.36,"Pan-European Intraday auction, 15 minutes IDA2 price (DE-LU)"
ida2,2026-08-28T12:00:00.000Z,2026-08-28T14:00:00,2026-08-28T12:15:00.000Z,119.99,"Pan-European Intraday auction, 15 minutes IDA2 price (DE-LU)"
ida2,2026-08-28T12:15:00.000Z,2026-08-28T14:15:00,2026-08-28T12:30:00.000Z,118.78,"Pan-European Intraday auction, 15 minutes IDA2 price (DE-LU)"
ida2,2026-08-28T12:30:00.000Z,2026-08-28T14:30:00,2026-08-28T12:45:00.000Z,123.99,"Pan-European Intraday auction, 15 minutes IDA2 price (DE-LU)"
ida2,2026-08-28T12:45:00.000Z,2026-08-28T14:45:00,2026-08-28T13:00:00.000Z,121.16,"Pan-European Intraday auction, 15 minutes IDA2 price (DE-LU)"
ida2,2026-08-28T13:00:00.000Z,2026-08-28T15:00:00,2026-08-28T13:15:00.000Z,117.59,"Pan-European Intraday auction, 15 minutes IDA2 price (DE-LU)"
ida2,2026-08-28T13:15:00.000Z,2026-08-28T15:15:00,2026-08-28T13:30:00.000Z,121.03,"Pan-European Intraday auction, 15 minutes IDA2 price (DE-LU)"
ida2,2026-08-28T13:30:00.000Z,2026-08-28T15:30:00,2026-08-28T13:45:00.000Z,126.37,"Pan-European Intraday auction, 15 minutes IDA2 price (DE-LU)"
ida2,2026-08-28T13:45:00.000Z,2026-08-28T15:45:00,2026-08-28T14:00:00.000Z,128.61,"Pan-European Intraday auction, 15 minutes IDA2 price (DE-LU)"
ida2,2026-08-28T14:00:00.000Z,2026-08-28T16:00:00,2026-08-28T14:15:00.000Z,118.09,"Pan-European Intraday auction, 15 minutes IDA2 price (DE-LU)"
ida2,2026-08-28T14:15:00.000Z,2026-08-28T16:15:00,2026-08-28T14:30:00.000Z,127.08,"Pan-European Intraday auction, 15 minutes IDA2 price (DE-LU)"
ida2,2026-08-28T14:30:00.000Z,2026-08-28T16:30:00,2026-08-28T14:45:00.000Z,133.02,"Pan-European Intraday auction, 15 minutes IDA2 price (DE-LU)"
ida2,2026-08-28T14:45:00.000Z,2026-08-28T16:45:00,2026-08-28T15:00:00.000Z,135.91,"Pan-European Intraday auction, 15 minutes IDA2 price (DE-LU)"
ida2,2026-08-28T15:00:00.000Z,2026-08-28T17:00:00,2026-08-28T15:15:00.000Z,121.26,"Pan-European Intraday auction, 15 minutes IDA2 price (DE-LU)"
ida2,2026-08-28T15:15:00.000Z,2026-08-28T17:15:00,2026-08-28T15:30:00.000Z,135.57,"Pan-European Intraday auction, 15 minutes IDA2 price (DE-LU)"
ida2,2026-08-28T15:30:00.000Z,2026-08-28T17:30:00,2026-08-28T15:45:00.000Z,159.94,"Pan-European Intraday auction, 15 minutes IDA2 price (DE-LU)"
ida2,2026-08-28T15:45:00.000Z,2026-08-28T17:45:00,2026-08-28T16:00:00.000Z,174.01,"Pan-European Intraday auction, 15 minutes IDA2 price (DE-LU)"
ida2,2026-08-28T16:00:00.000Z,2026-08-28T18:00:00,2026-08-28T16:15:00.000Z,150.86,"Pan-European Intraday auction, 15 minutes IDA2 price (DE-LU)"
ida2,2026-08-28T16:15:00.000Z,2026-08-28T18:15:00,2026-08-28T16:30:00.000Z,163.71,"Pan-European Intraday auction, 15 minutes IDA2 price (DE-LU)"
ida2,2026-08-28T16:30:00.000Z,2026-08-28T18:30:00,2026-08-28T16:45:00.000Z,180.51,"Pan-European Intraday auction, 15 minutes IDA2 price (DE-LU)"
ida2,2026-08-28T16:45:00.000Z,2026-08-28T18:45:00,2026-08-28T17:00:00.000Z,182.72,"Pan-European Intraday auction, 15 minutes IDA2 price (DE-LU)"
ida2,2026-08-28T17:00:00.000Z,2026-08-28T19:00:00,2026-08-28T17:15:00.000Z,166.01,"Pan-European Intraday auction, 15 minutes IDA2 price (DE-LU)"
ida2,2026-08-28T17:15:00.000Z,2026-08-28T19:15:00,2026-08-28T17:30:00.000Z,173.22,"Pan-European Intraday auction, 15 minutes IDA2 price (DE-LU)"
ida2,2026-08-28T17:30:00.000Z,2026-08-28T19:30:00,2026-08-28T17:45:00.000Z,182.85,"Pan-European Intraday auction, 15 minutes IDA2 price (DE-LU)"
ida2,2026-08-28T17:45:00.000Z,2026-08-28T19:45:00,2026-08-28T18:00:00.000Z,201.03,"Pan-European Intraday auction, 15 minutes IDA2 price (DE-LU)"
ida2,2026-08-28T18:00:00.000Z,2026-08-28T20:00:00,2026-08-28T18:15:00.000Z,183.13,"Pan-European Intraday auction, 15 minutes IDA2 price (DE-LU)"
ida2,2026-08-28T18:15:00.000Z,2026-08-28T20:15:00,2026-08-28T18:30:00.000Z,183.84,"Pan-European Intraday auction, 15 minutes IDA2 price (DE-LU)"
ida2,2026-08-28T18:30:00.000Z,2026-08-28T20:30:00,2026-08-28T18:45:00.000Z,188.32,"Pan-European Intraday auction, 15 minutes IDA2 price (DE-LU)"
ida2,2026-08-28T18:45:00.000Z,2026-08-28T20:45:00,2026-08-28T19:00:00.000Z,184.81,"Pan-European Intraday auction, 15 minutes IDA2 price (DE-LU)"
ida2,2026-08-28T19:00:00.000Z,2026-08-28T21:00:00,2026-08-28T19:15:00.000Z,186.47,"Pan-European Intraday auction, 15 minutes IDA2 price (DE-LU)"
ida2,2026-08-28T19:15:00.000Z,2026-08-28T21:15:00,2026-08-28T19:30:00.000Z,180.26,"Pan-European Intraday auction, 15 minutes IDA2 price (DE-LU)"
ida2,2026-08-28T19:30:00.000Z,2026-08-28T21:30:00,2026-08-28T19:45:00.000Z,177.1,"Pan-European Intraday auction, 15 minutes IDA2 price (DE-LU)"
ida2,2026-08-28T19:45:00.000Z,2026-08-28T21:45:00,2026-08-28T20:00:00.000Z,162.04,"Pan-European Intraday auction, 15 minutes IDA2 price (DE-LU)"
ida2,2026-08-28T20:00:00.000Z,2026-08-28T22:00:00,2026-08-28T20:15:00.000Z,179.01,"Pan-European Intraday auction, 15 minutes IDA2 price (DE-LU)"
ida2,2026-08-28T20:15:00.000Z,2026-08-28T22:15:00,2026-08-28T20:30:00.000Z,171.5,"Pan-European Intraday auction, 15 minutes IDA2 price (DE-LU)"
ida2,2026-08-28T20:30:00.000Z,2026-08-28T22:30:00,2026-08-28T20:45:00.000Z,162.22,"Pan-European Intraday auction, 15 minutes IDA2 price (DE-LU)"
ida2,2026-08-28T20:45:00.000Z,2026-08-28T22:45:00,2026-08-28T21:00:00.000Z,151.3,"Pan-European Intraday auction, 15 minutes IDA2 price (DE-LU)"
ida2,2026-08-28T21:00:00.000Z,2026-08-28T23:00:00,2026-08-28T21:15:00.000Z,164.24,"Pan-European Intraday auction, 15 minutes IDA2 price (DE-LU)"
ida2,2026-08-28T21:15:00.000Z,2026-08-28T23:15:00,2026-08-28T21:30:00.000Z,157.32,"Pan-European Intraday auction, 15 minutes IDA2 price (DE-LU)"
ida2,2026-08-28T21:30:00.000Z,2026-08-28T23:30:00,2026-08-28T21:45:00.000Z,156.23,"Pan-European Intraday auction, 15 minutes IDA2 price (DE-LU)"
ida2,2026-08-28T21:45:00.000Z,2026-08-28T23:45:00,2026-08-28T22:00:00.000Z,145,"Pan-European Intraday auction, 15 minutes IDA2 price (DE-LU)"
ida2,2026-08-28T22:00:00.000Z,2026-08-29T00:00:00,2026-08-28T22:15:00.000Z,138.98,"Pan-European Intraday auction, 15 minutes IDA2 price (DE-LU)"
ida2,2026-08-28T22:15:00.000Z,2026-08-29T00:15:00,2026-08-28T22:30:00.000Z,123.72,"Pan-European Intraday auction, 15 minutes IDA2 price (DE-LU)"
ida2,2026-08-28T22:30:00.000Z,2026-08-29T00:30:00,2026-08-28T22:45:00.000Z,113.65,"Pan-European Intraday auction, 15 minutes IDA2 price (DE-LU)"
ida2,2026-08-28T22:45:00.000Z,2026-08-29T00:45:00,2026-08-28T23:00:00.000Z,107.26,"Pan-European Intraday auction, 15 minutes IDA2 price (DE-LU)"
ida2,2026-08-28T23:00:00.000Z,2026-08-29T01:00:00,2026-08-28T23:15:00.000Z,109.35,"Pan-European Intraday auction, 15 minutes IDA2 price (DE-LU)"
ida2,2026-08-28T23:15:00.000Z,2026-08-29T01:15:00,2026-08-28T23:30:00.000Z,107.86,"Pan-European Intraday auction, 15 minutes IDA2 price (DE-LU)"
ida2,2026-08-28T23:30:00.000Z,2026-08-29T01:30:00,2026-08-28T23:45:00.000Z,102.65,"Pan-European Intraday auction, 15 minutes IDA2 price (DE-LU)"
ida2,2026-08-28T23:45:00.000Z,2026-08-29T01:45:00,2026-08-29T00:00:00.000Z,91.99,"Pan-European Intraday auction, 15 minutes IDA2 price (DE-LU)"
ida2,2026-08-29T00:00:00.000Z,2026-08-29T02:00:00,2026-08-29T00:15:00.000Z,100.15,"Pan-European Intraday auction, 15 minutes IDA2 price (DE-LU)"
ida2,2026-08-29T00:15:00.000Z,2026-08-29T02:15:00,2026-08-29T00:30:00.000Z,97,"Pan-European Intraday auction, 15 minutes IDA2 price (DE-LU)"
ida2,2026-08-29T00:30:00.000Z,2026-08-29T02:30:00,2026-08-29T00:45:00.000Z,90.62,"Pan-European Intraday auction, 15 minutes IDA2 price (DE-LU)"
ida2,2026-08-29T00:45:00.000Z,2026-08-29T02:45:00,2026-08-29T01:00:00.000Z,85.8,"Pan-European Intraday auction, 15 minutes IDA2 price (DE-LU)"
ida2,2026-08-29T01:00:00.000Z,2026-08-29T03:00:00,2026-08-29T01:15:00.000Z,91.4,"Pan-European Intraday auction, 15 minutes IDA2 price (DE-LU)"
ida2,2026-08-29T01:15:00.000Z,2026-08-29T03:15:00,2026-08-29T01:30:00.000Z,88.65,"Pan-European Intraday auction, 15 minutes IDA2 price (DE-LU)"
ida2,2026-08-29T01:30:00.000Z,2026-08-29T03:30:00,2026-08-29T01:45:00.000Z,89.25,"Pan-European Intraday auction, 15 minutes IDA2 price (DE-LU)"
ida2,2026-08-29T01:45:00.000Z,2026-08-29T03:45:00,2026-08-29T02:00:00.000Z,89.02,"Pan-European Intraday auction, 15 minutes IDA2 price (DE-LU)"
ida2,2026-08-29T02:00:00.000Z,2026-08-29T04:00:00,2026-08-29T02:15:00.000Z,89.41,"Pan-European Intraday auction, 15 minutes IDA2 price (DE-LU)"
ida2,2026-08-29T02:15:00.000Z,2026-08-29T04:15:00,2026-08-29T02:30:00.000Z,88.2,"Pan-European Intraday auction, 15 minutes IDA2 price (DE-LU)"
ida2,2026-08-29T02:30:00.000Z,2026-08-29T04:30:00,2026-08-29T02:45:00.000Z,89.22,"Pan-European Intraday auction, 15 minutes IDA2 price (DE-LU)"
ida2,2026-08-29T02:45:00.000Z,2026-08-29T04:45:00,2026-08-29T03:00:00.000Z,88.16,"Pan-European Intraday auction, 15 minutes IDA2 price (DE-LU)"
ida2,2026-08-29T03:00:00.000Z,2026-08-29T05:00:00,2026-08-29T03:15:00.000Z,91.64,"Pan-European Intraday auction, 15 minutes IDA2 price (DE-LU)"
ida2,2026-08-29T03:15:00.000Z,2026-08-29T05:15:00,2026-08-29T03:30:00.000Z,90.43,"Pan-European Intraday auction, 15 minutes IDA2 price (DE-LU)"
ida2,2026-08-29T03:30:00.000Z,2026-08-29T05:30:00,2026-08-29T03:45:00.000Z,90.44,"Pan-European Intraday auction, 15 minutes IDA2 price (DE-LU)"
ida2,2026-08-29T03:45:00.000Z,2026-08-29T05:45:00,2026-08-29T04:00:00.000Z,93.89,"Pan-European Intraday auction, 15 minutes IDA2 price (DE-LU)"
ida2,2026-08-29T04:00:00.000Z,2026-08-29T06:00:00,2026-08-29T04:15:00.000Z,91.15,"Pan-European Intraday auction, 15 minutes IDA2 price (DE-LU)"
ida2,2026-08-29T04:15:00.000Z,2026-08-29T06:15:00,2026-08-29T04:30:00.000Z,98.07,"Pan-European Intraday auction, 15 minutes IDA2 price (DE-LU)"
ida2,2026-08-29T04:30:00.000Z,2026-08-29T06:30:00,2026-08-29T04:45:00.000Z,96.35,"Pan-European Intraday auction, 15 minutes IDA2 price (DE-LU)"
ida2,2026-08-29T04:45:00.000Z,2026-08-29T06:45:00,2026-08-29T05:00:00.000Z,94.99,"Pan-European Intraday auction, 15 minutes IDA2 price (DE-LU)"
ida2,2026-08-29T05:00:00.000Z,2026-08-29T07:00:00,2026-08-29T05:15:00.000Z,103.03,"Pan-European Intraday auction, 15 minutes IDA2 price (DE-LU)"
ida2,2026-08-29T05:15:00.000Z,2026-08-29T07:15:00,2026-08-29T05:30:00.000Z,102.04,"Pan-European Intraday auction, 15 minutes IDA2 price (DE-LU)"
ida2,2026-08-29T05:30:00.000Z,2026-08-29T07:30:00,2026-08-29T05:45:00.000Z,97.55,"Pan-European Intraday auction, 15 minutes IDA2 price (DE-LU)"
ida2,2026-08-29T05:45:00.000Z,2026-08-29T07:45:00,2026-08-29T06:00:00.000Z,82.42,"Pan-European Intraday auction, 15 minutes IDA2 price (DE-LU)"
ida2,2026-08-29T06:00:00.000Z,2026-08-29T08:00:00,2026-08-29T06:15:00.000Z,93.09,"Pan-European Intraday auction, 15 minutes IDA2 price (DE-LU)"
ida2,2026-08-29T06:15:00.000Z,2026-08-29T08:15:00,2026-08-29T06:30:00.000Z,69.86,"Pan-European Intraday auction, 15 minutes IDA2 price (DE-LU)"
ida2,2026-08-29T06:30:00.000Z,2026-08-29T08:30:00,2026-08-29T06:45:00.000Z,25.23,"Pan-European Intraday auction, 15 minutes IDA2 price (DE-LU)"
ida2,2026-08-29T06:45:00.000Z,2026-08-29T08:45:00,2026-08-29T07:00:00.000Z,6.94,"Pan-European Intraday auction, 15 minutes IDA2 price (DE-LU)"
ida2,2026-08-29T07:00:00.000Z,2026-08-29T09:00:00,2026-08-29T07:15:00.000Z,15.46,"Pan-European Intraday auction, 15 minutes IDA2 price (DE-LU)"
ida2,2026-08-29T07:15:00.000Z,2026-08-29T09:15:00,2026-08-29T07:30:00.000Z,1.68,"Pan-European Intraday auction, 15 minutes IDA2 price (DE-LU)"
ida2,2026-08-29T07:30:00.000Z,2026-08-29T09:30:00,2026-08-29T07:45:00.000Z,4.98,"Pan-European Intraday auction, 15 minutes IDA2 price (DE-LU)"
ida2,2026-08-29T07:45:00.000Z,2026-08-29T09:45:00,2026-08-29T08:00:00.000Z,1.08,"Pan-European Intraday auction, 15 minutes IDA2 price (DE-LU)"
ida2,2026-08-29T08:00:00.000Z,2026-08-29T10:00:00,2026-08-29T08:15:00.000Z,0.97,"Pan-European Intraday auction, 15 minutes IDA2 price (DE-LU)"
ida2,2026-08-29T08:15:00.000Z,2026-08-29T10:15:00,2026-08-29T08:30:00.000Z,3,"Pan-European Intraday auction, 15 minutes IDA2 price (DE-LU)"
ida2,2026-08-29T08:30:00.000Z,2026-08-29T10:30:00,2026-08-29T08:45:00.000Z,0,"Pan-European Intraday auction, 15 minutes IDA2 price (DE-LU)"
ida2,2026-08-29T08:45:00.000Z,2026-08-29T10:45:00,2026-08-29T09:00:00.000Z,0,"Pan-European Intraday auction, 15 minutes IDA2 price (DE-LU)"
ida2,2026-08-29T09:00:00.000Z,2026-08-29T11:00:00,2026-08-29T09:15:00.000Z,0,"Pan-European Intraday auction, 15 minutes IDA2 price (DE-LU)"
ida2,2026-08-29T09:15:00.000Z,2026-08-29T11:15:00,2026-08-29T09:30:00.000Z,0.84,"Pan-European Intraday auction, 15 minutes IDA2 price (DE-LU)"
ida2,2026-08-29T09:30:00.000Z,2026-08-29T11:30:00,2026-08-29T09:45:00.000Z,0.17,"Pan-European Intraday auction, 15 minutes IDA2 price (DE-LU)"
ida2,2026-08-29T09:45:00.000Z,2026-08-29T11:45:00,2026-08-29T10:00:00.000Z,0,"Pan-European Intraday auction, 15 minutes IDA2 price (DE-LU)"
ida2,2026-08-29T10:00:00.000Z,2026-08-29T12:00:00,2026-08-29T10:15:00.000Z,0,"Pan-European Intraday auction, 15 minutes IDA2 price (DE-LU)"
ida2,2026-08-29T10:15:00.000Z,2026-08-29T12:15:00,2026-08-29T10:30:00.000Z,0,"Pan-European Intraday auction, 15 minutes IDA2 price (DE-LU)"
ida2,2026-08-29T10:30:00.000Z,2026-08-29T12:30:00,2026-08-29T10:45:00.000Z,0,"Pan-European Intraday auction, 15 minutes IDA2 price (DE-LU)"
ida2,2026-08-29T10:45:00.000Z,2026-08-29T12:45:00,2026-08-29T11:00:00.000Z,0,"Pan-European Intraday auction, 15 minutes IDA2 price (DE-LU)"
ida2,2026-08-29T11:00:00.000Z,2026-08-29T13:00:00,2026-08-29T11:15:00.000Z,1.08,"Pan-European Intraday auction, 15 minutes IDA2 price (DE-LU)"
ida2,2026-08-29T11:15:00.000Z,2026-08-29T13:15:00,2026-08-29T11:30:00.000Z,1.08,"Pan-European Intraday auction, 15 minutes IDA2 price (DE-LU)"
ida2,2026-08-29T11:30:00.000Z,2026-08-29T13:30:00,2026-08-29T11:45:00.000Z,1.08,"Pan-European Intraday auction, 15 minutes IDA2 price (DE-LU)"
ida2,2026-08-29T11:45:00.000Z,2026-08-29T13:45:00,2026-08-29T12:00:00.000Z,1.08,"Pan-European Intraday auction, 15 minutes IDA2 price (DE-LU)"
ida2,2026-08-29T12:00:00.000Z,2026-08-29T14:00:00,2026-08-29T12:15:00.000Z,1.08,"Pan-European Intraday auction, 15 minutes IDA2 price (DE-LU)"
ida2,2026-08-29T12:15:00.000Z,2026-08-29T14:15:00,2026-08-29T12:30:00.000Z,0.92,"Pan-European Intraday auction, 15 minutes IDA2 price (DE-LU)"
ida2,2026-08-29T12:30:00.000Z,2026-08-29T14:30:00,2026-08-29T12:45:00.000Z,1.08,"Pan-European Intraday auction, 15 minutes IDA2 price (DE-LU)"
ida2,2026-08-29T12:45:00.000Z,2026-08-29T14:45:00,2026-08-29T13:00:00.000Z,1.08,"Pan-European Intraday auction, 15 minutes IDA2 price (DE-LU)"
ida2,2026-08-29T13:00:00.000Z,2026-08-29T15:00:00,2026-08-29T13:15:00.000Z,1.08,"Pan-European Intraday auction, 15 minutes IDA2 price (DE-LU)"
ida2,2026-08-29T13:15:00.000Z,2026-08-29T15:15:00,2026-08-29T13:30:00.000Z,2.83,"Pan-European Intraday auction, 15 minutes IDA2 price (DE-LU)"
ida2,2026-08-29T13:30:00.000Z,2026-08-29T15:30:00,2026-08-29T13:45:00.000Z,6.26,"Pan-European Intraday auction, 15 minutes IDA2 price (DE-LU)"
ida2,2026-08-29T13:45:00.000Z,2026-08-29T15:45:00,2026-08-29T14:00:00.000Z,5.57,"Pan-European Intraday auction, 15 minutes IDA2 price (DE-LU)"
ida2,2026-08-29T14:00:00.000Z,2026-08-29T16:00:00,2026-08-29T14:15:00.000Z,3.33,"Pan-European Intraday auction, 15 minutes IDA2 price (DE-LU)"
ida2,2026-08-29T14:15:00.000Z,2026-08-29T16:15:00,2026-08-29T14:30:00.000Z,2.68,"Pan-European Intraday auction, 15 minutes IDA2 price (DE-LU)"
ida2,2026-08-29T14:30:00.000Z,2026-08-29T16:30:00,2026-08-29T14:45:00.000Z,20.64,"Pan-European Intraday auction, 15 minutes IDA2 price (DE-LU)"
ida2,2026-08-29T14:45:00.000Z,2026-08-29T16:45:00,2026-08-29T15:00:00.000Z,41.59,"Pan-European Intraday auction, 15 minutes IDA2 price (DE-LU)"
ida2,2026-08-29T15:00:00.000Z,2026-08-29T17:00:00,2026-08-29T15:15:00.000Z,41.13,"Pan-European Intraday auction, 15 minutes IDA2 price (DE-LU)"
ida2,2026-08-29T15:15:00.000Z,2026-08-29T17:15:00,2026-08-29T15:30:00.000Z,64.28,"Pan-European Intraday auction, 15 minutes IDA2 price (DE-LU)"
ida2,2026-08-29T15:30:00.000Z,2026-08-29T17:30:00,2026-08-29T15:45:00.000Z,92.31,"Pan-European Intraday auction, 15 minutes IDA2 price (DE-LU)"
ida2,2026-08-29T15:45:00.000Z,2026-08-29T17:45:00,2026-08-29T16:00:00.000Z,129.83,"Pan-European Intraday auction, 15 minutes IDA2 price (DE-LU)"
ida2,2026-08-29T16:00:00.000Z,2026-08-29T18:00:00,2026-08-29T16:15:00.000Z,125.33,"Pan-European Intraday auction, 15 minutes IDA2 price (DE-LU)"
ida2,2026-08-29T16:15:00.000Z,2026-08-29T18:15:00,2026-08-29T16:30:00.000Z,128.56,"Pan-European Intraday auction, 15 minutes IDA2 price (DE-LU)"
ida2,2026-08-29T16:30:00.000Z,2026-08-29T18:30:00,2026-08-29T16:45:00.000Z,154.27,"Pan-European Intraday auction, 15 minutes IDA2 price (DE-LU)"
ida2,2026-08-29T16:45:00.000Z,2026-08-29T18:45:00,2026-08-29T17:00:00.000Z,171.11,"Pan-European Intraday auction, 15 minutes IDA2 price (DE-LU)"
ida2,2026-08-29T17:00:00.000Z,2026-08-29T19:00:00,2026-08-29T17:15:00.000Z,164.18,"Pan-European Intraday auction, 15 minutes IDA2 price (DE-LU)"
ida2,2026-08-29T17:15:00.000Z,2026-08-29T19:15:00,2026-08-29T17:30:00.000Z,177.32,"Pan-European Intraday auction, 15 minutes IDA2 price (DE-LU)"
ida2,2026-08-29T17:30:00.000Z,2026-08-29T19:30:00,2026-08-29T17:45:00.000Z,190.65,"Pan-European Intraday auction, 15 minutes IDA2 price (DE-LU)"
ida2,2026-08-29T17:45:00.000Z,2026-08-29T19:45:00,2026-08-29T18:00:00.000Z,200.85,"Pan-European Intraday auction, 15 minutes IDA2 price (DE-LU)"
ida2,2026-08-29T18:00:00.000Z,2026-08-29T20:00:00,2026-08-29T18:15:00.000Z,195.94,"Pan-European Intraday auction, 15 minutes IDA2 price (DE-LU)"
ida2,2026-08-29T18:15:00.000Z,2026-08-29T20:15:00,2026-08-29T18:30:00.000Z,185.31,"Pan-European Intraday auction, 15 minutes IDA2 price (DE-LU)"
ida2,2026-08-29T18:30:00.000Z,2026-08-29T20:30:00,2026-08-29T18:45:00.000Z,174.5,"Pan-European Intraday auction, 15 minutes IDA2 price (DE-LU)"
ida2,2026-08-29T18:45:00.000Z,2026-08-29T20:45:00,2026-08-29T19:00:00.000Z,171.65,"Pan-European Intraday auction, 15 minutes IDA2 price (DE-LU)"
ida2,2026-08-29T19:00:00.000Z,2026-08-29T21:00:00,2026-08-29T19:15:00.000Z,188.56,"Pan-European Intraday auction, 15 minutes IDA2 price (DE-LU)"
ida2,2026-08-29T19:15:00.000Z,2026-08-29T21:15:00,2026-08-29T19:30:00.000Z,169.98,"Pan-European Intraday auction, 15 minutes IDA2 price (DE-LU)"
ida2,2026-08-29T19:30:00.000Z,2026-08-29T21:30:00,2026-08-29T19:45:00.000Z,158.99,"Pan-European Intraday auction, 15 minutes IDA2 price (DE-LU)"
ida2,2026-08-29T19:45:00.000Z,2026-08-29T21:45:00,2026-08-29T20:00:00.000Z,152.39,"Pan-European Intraday auction, 15 minutes IDA2 price (DE-LU)"
ida2,2026-08-29T20:00:00.000Z,2026-08-29T22:00:00,2026-08-29T20:15:00.000Z,165.02,"Pan-European Intraday auction, 15 minutes IDA2 price (DE-LU)"
ida2,2026-08-29T20:15:00.000Z,2026-08-29T22:15:00,2026-08-29T20:30:00.000Z,149.1,"Pan-European Intraday auction, 15 minutes IDA2 price (DE-LU)"
ida2,2026-08-29T20:30:00.000Z,2026-08-29T22:30:00,2026-08-29T20:45:00.000Z,147.4,"Pan-European Intraday auction, 15 minutes IDA2 price (DE-LU)"
ida2,2026-08-29T20:45:00.000Z,2026-08-29T22:45:00,2026-08-29T21:00:00.000Z,140.15,"Pan-European Intraday auction, 15 minutes IDA2 price (DE-LU)"
ida2,2026-08-29T21:00:00.000Z,2026-08-29T23:00:00,2026-08-29T21:15:00.000Z,144.2,"Pan-European Intraday auction, 15 minutes IDA2 price (DE-LU)"
ida2,2026-08-29T21:15:00.000Z,2026-08-29T23:15:00,2026-08-29T21:30:00.000Z,135.58,"Pan-European Intraday auction, 15 minutes IDA2 price (DE-LU)"
ida2,2026-08-29T21:30:00.000Z,2026-08-29T23:30:00,2026-08-29T21:45:00.000Z,137.83,"Pan-European Intraday auction, 15 minutes IDA2 price (DE-LU)"
ida2,2026-08-29T21:45:00.000Z,2026-08-29T23:45:00,2026-08-29T22:00:00.000Z,128.97,"Pan-European Intraday auction, 15 minutes IDA2 price (DE-LU)"
ida2,2026-08-29T22:00:00.000Z,2026-08-30T00:00:00,2026-08-29T22:15:00.000Z,100.05,"Pan-European Intraday auction, 15 minutes IDA2 price (DE-LU)"
ida2,2026-08-29T22:15:00.000Z,2026-08-30T00:15:00,2026-08-29T22:30:00.000Z,88.4,"Pan-European Intraday auction, 15 minutes IDA2 price (DE-LU)"
ida2,2026-08-29T22:30:00.000Z,2026-08-30T00:30:00,2026-08-29T22:45:00.000Z,82.11,"Pan-European Intraday auction, 15 minutes IDA2 price (DE-LU)"
ida2,2026-08-29T22:45:00.000Z,2026-08-30T00:45:00,2026-08-29T23:00:00.000Z,80.41,"Pan-European Intraday auction, 15 minutes IDA2 price (DE-LU)"
ida2,2026-08-29T23:00:00.000Z,2026-08-30T01:00:00,2026-08-29T23:15:00.000Z,82.49,"Pan-European Intraday auction, 15 minutes IDA2 price (DE-LU)"
ida2,2026-08-29T23:15:00.000Z,2026-08-30T01:15:00,2026-08-29T23:30:00.000Z,80.22,"Pan-European Intraday auction, 15 minutes IDA2 price (DE-LU)"
ida2,2026-08-29T23:30:00.000Z,2026-08-30T01:30:00,2026-08-29T23:45:00.000Z,75.3,"Pan-European Intraday auction, 15 minutes IDA2 price (DE-LU)"
ida2,2026-08-29T23:45:00.000Z,2026-08-30T01:45:00,2026-08-30T00:00:00.000Z,73.92,"Pan-European Intraday auction, 15 minutes IDA2 price (DE-LU)"
ida2,2026-08-30T00:00:00.000Z,2026-08-30T02:00:00,2026-08-30T00:15:00.000Z,76.69,"Pan-European Intraday auction, 15 minutes IDA2 price (DE-LU)"
ida2,2026-08-30T00:15:00.000Z,2026-08-30T02:15:00,2026-08-30T00:30:00.000Z,69.84,"Pan-European Intraday auction, 15 minutes IDA2 price (DE-LU)"
ida2,2026-08-30T00:30:00.000Z,2026-08-30T02:30:00,2026-08-30T00:45:00.000Z,56.82,"Pan-European Intraday auction, 15 minutes IDA2 price (DE-LU)"
ida2,2026-08-30T00:45:00.000Z,2026-08-30T02:45:00,2026-08-30T01:00:00.000Z,48.98,"Pan-European Intraday auction, 15 minutes IDA2 price (DE-LU)"
ida2,2026-08-30T01:00:00.000Z,2026-08-30T03:00:00,2026-08-30T01:15:00.000Z,59.32,"Pan-European Intraday auction, 15 minutes IDA2 price (DE-LU)"
ida2,2026-08-30T01:15:00.000Z,2026-08-30T03:15:00,2026-08-30T01:30:00.000Z,52.55,"Pan-European Intraday auction, 15 minutes IDA2 price (DE-LU)"
ida2,2026-08-30T01:30:00.000Z,2026-08-30T03:30:00,2026-08-30T01:45:00.000Z,48.27,"Pan-European Intraday auction, 15 minutes IDA2 price (DE-LU)"
ida2,2026-08-30T01:45:00.000Z,2026-08-30T03:45:00,2026-08-30T02:00:00.000Z,43.98,"Pan-European Intraday auction, 15 minutes IDA2 price (DE-LU)"
ida2,2026-08-30T02:00:00.000Z,2026-08-30T04:00:00,2026-08-30T02:15:00.000Z,45.8,"Pan-European Intraday auction, 15 minutes IDA2 price (DE-LU)"
ida2,2026-08-30T02:15:00.000Z,2026-08-30T04:15:00,2026-08-30T02:30:00.000Z,42,"Pan-European Intraday auction, 15 minutes IDA2 price (DE-LU)"
ida2,2026-08-30T02:30:00.000Z,2026-08-30T04:30:00,2026-08-30T02:45:00.000Z,43.01,"Pan-European Intraday auction, 15 minutes IDA2 price (DE-LU)"
ida2,2026-08-30T02:45:00.000Z,2026-08-30T04:45:00,2026-08-30T03:00:00.000Z,42.26,"Pan-European Intraday auction, 15 minutes IDA2 price (DE-LU)"
ida2,2026-08-30T03:00:00.000Z,2026-08-30T05:00:00,2026-08-30T03:15:00.000Z,48.85,"Pan-European Intraday auction, 15 minutes IDA2 price (DE-LU)"
ida2,2026-08-30T03:15:00.000Z,2026-08-30T05:15:00,2026-08-30T03:30:00.000Z,48.57,"Pan-European Intraday auction, 15 minutes IDA2 price (DE-LU)"
ida2,2026-08-30T03:30:00.000Z,2026-08-30T05:30:00,2026-08-30T03:45:00.000Z,49.51,"Pan-European Intraday auction, 15 minutes IDA2 price (DE-LU)"
ida2,2026-08-30T03:45:00.000Z,2026-08-30T05:45:00,2026-08-30T04:00:00.000Z,48.41,"Pan-European Intraday auction, 15 minutes IDA2 price (DE-LU)"
ida2,2026-08-30T04:00:00.000Z,2026-08-30T06:00:00,2026-08-30T04:15:00.000Z,43.67,"Pan-European Intraday auction, 15 minutes IDA2 price (DE-LU)"
ida2,2026-08-30T04:15:00.000Z,2026-08-30T06:15:00,2026-08-30T04:30:00.000Z,44.7,"Pan-European Intraday auction, 15 minutes IDA2 price (DE-LU)"
ida2,2026-08-30T04:30:00.000Z,2026-08-30T06:30:00,2026-08-30T04:45:00.000Z,47.74,"Pan-European Intraday auction, 15 minutes IDA2 price (DE-LU)"
ida2,2026-08-30T04:45:00.000Z,2026-08-30T06:45:00,2026-08-30T05:00:00.000Z,49.04,"Pan-European Intraday auction, 15 minutes IDA2 price (DE-LU)"
ida2,2026-08-30T05:00:00.000Z,2026-08-30T07:00:00,2026-08-30T05:15:00.000Z,46.47,"Pan-European Intraday auction, 15 minutes IDA2 price (DE-LU)"
ida2,2026-08-30T05:15:00.000Z,2026-08-30T07:15:00,2026-08-30T05:30:00.000Z,41.07,"Pan-European Intraday auction, 15 minutes IDA2 price (DE-LU)"
ida2,2026-08-30T05:30:00.000Z,2026-08-30T07:30:00,2026-08-30T05:45:00.000Z,33.6,"Pan-European Intraday auction, 15 minutes IDA2 price (DE-LU)"
ida2,2026-08-30T05:45:00.000Z,2026-08-30T07:45:00,2026-08-30T06:00:00.000Z,27.9,"Pan-European Intraday auction, 15 minutes IDA2 price (DE-LU)"
ida2,2026-08-30T06:00:00.000Z,2026-08-30T08:00:00,2026-08-30T06:15:00.000Z,33.46,"Pan-European Intraday auction, 15 minutes IDA2 price (DE-LU)"
ida2,2026-08-30T06:15:00.000Z,2026-08-30T08:15:00,2026-08-30T06:30:00.000Z,22.14,"Pan-European Intraday auction, 15 minutes IDA2 price (DE-LU)"
ida2,2026-08-30T06:30:00.000Z,2026-08-30T08:30:00,2026-08-30T06:45:00.000Z,6.41,"Pan-European Intraday auction, 15 minutes IDA2 price (DE-LU)"
ida2,2026-08-30T06:45:00.000Z,2026-08-30T08:45:00,2026-08-30T07:00:00.000Z,-2.09,"Pan-European Intraday auction, 15 minutes IDA2 price (DE-LU)"
ida2,2026-08-30T07:00:00.000Z,2026-08-30T09:00:00,2026-08-30T07:15:00.000Z,1.99,"Pan-European Intraday auction, 15 minutes IDA2 price (DE-LU)"
ida2,2026-08-30T07:15:00.000Z,2026-08-30T09:15:00,2026-08-30T07:30:00.000Z,0.68,"Pan-European Intraday auction, 15 minutes IDA2 price (DE-LU)"
ida2,2026-08-30T07:30:00.000Z,2026-08-30T09:30:00,2026-08-30T07:45:00.000Z,0.01,"Pan-European Intraday auction, 15 minutes IDA2 price (DE-LU)"
ida2,2026-08-30T07:45:00.000Z,2026-08-30T09:45:00,2026-08-30T08:00:00.000Z,1.08,"Pan-European Intraday auction, 15 minutes IDA2 price (DE-LU)"
ida2,2026-08-30T08:00:00.000Z,2026-08-30T10:00:00,2026-08-30T08:15:00.000Z,0,"Pan-European Intraday auction, 15 minutes IDA2 price (DE-LU)"
ida2,2026-08-30T08:15:00.000Z,2026-08-30T10:15:00,2026-08-30T08:30:00.000Z,0,"Pan-European Intraday auction, 15 minutes IDA2 price (DE-LU)"
ida2,2026-08-30T08:30:00.000Z,2026-08-30T10:30:00,2026-08-30T08:45:00.000Z,0,"Pan-European Intraday auction, 15 minutes IDA2 price (DE-LU)"
ida2,2026-08-30T08:45:00.000Z,2026-08-30T10:45:00,2026-08-30T09:00:00.000Z,0,"Pan-European Intraday auction, 15 minutes IDA2 price (DE-LU)"
ida2,2026-08-30T09:00:00.000Z,2026-08-30T11:00:00,2026-08-30T09:15:00.000Z,0,"Pan-European Intraday auction, 15 minutes IDA2 price (DE-LU)"
ida2,2026-08-30T09:15:00.000Z,2026-08-30T11:15:00,2026-08-30T09:30:00.000Z,0,"Pan-European Intraday auction, 15 minutes IDA2 price (DE-LU)"
ida2,2026-08-30T09:30:00.000Z,2026-08-30T11:30:00,2026-08-30T09:45:00.000Z,0.85,"Pan-European Intraday auction, 15 minutes IDA2 price (DE-LU)"
ida2,2026-08-30T09:45:00.000Z,2026-08-30T11:45:00,2026-08-30T10:00:00.000Z,1.01,"Pan-European Intraday auction, 15 minutes IDA2 price (DE-LU)"
ida2,2026-08-30T10:00:00.000Z,2026-08-30T12:00:00,2026-08-30T10:15:00.000Z,0.88,"Pan-European Intraday auction, 15 minutes IDA2 price (DE-LU)"
ida2,2026-08-30T10:15:00.000Z,2026-08-30T12:15:00,2026-08-30T10:30:00.000Z,0.99,"Pan-European Intraday auction, 15 minutes IDA2 price (DE-LU)"
ida2,2026-08-30T10:30:00.000Z,2026-08-30T12:30:00,2026-08-30T10:45:00.000Z,1.08,"Pan-European Intraday auction, 15 minutes IDA2 price (DE-LU)"
ida2,2026-08-30T10:45:00.000Z,2026-08-30T12:45:00,2026-08-30T11:00:00.000Z,1.08,"Pan-European Intraday auction, 15 minutes IDA2 price (DE-LU)"
ida2,2026-08-30T11:00:00.000Z,2026-08-30T13:00:00,2026-08-30T11:15:00.000Z,0,"Pan-European Intraday auction, 15 minutes IDA2 price (DE-LU)"
ida2,2026-08-30T11:15:00.000Z,2026-08-30T13:15:00,2026-08-30T11:30:00.000Z,0,"Pan-European Intraday auction, 15 minutes IDA2 price (DE-LU)"
ida2,2026-08-30T11:30:00.000Z,2026-08-30T13:30:00,2026-08-30T11:45:00.000Z,-0.02,"Pan-European Intraday auction, 15 minutes IDA2 price (DE-LU)"
ida2,2026-08-30T11:45:00.000Z,2026-08-30T13:45:00,2026-08-30T12:00:00.000Z,-0.05,"Pan-European Intraday auction, 15 minutes IDA2 price (DE-LU)"
ida2,2026-08-30T12:00:00.000Z,2026-08-30T14:00:00,2026-08-30T12:15:00.000Z,0,"Pan-European Intraday auction, 15 minutes IDA2 price (DE-LU)"
ida2,2026-08-30T12:15:00.000Z,2026-08-30T14:15:00,2026-08-30T12:30:00.000Z,0,"Pan-European Intraday auction, 15 minutes IDA2 price (DE-LU)"
ida2,2026-08-30T12:30:00.000Z,2026-08-30T14:30:00,2026-08-30T12:45:00.000Z,0,"Pan-European Intraday auction, 15 minutes IDA2 price (DE-LU)"
ida2,2026-08-30T12:45:00.000Z,2026-08-30T14:45:00,2026-08-30T13:00:00.000Z,0,"Pan-European Intraday auction, 15 minutes IDA2 price (DE-LU)"
ida2,2026-08-30T13:00:00.000Z,2026-08-30T15:00:00,2026-08-30T13:15:00.000Z,0,"Pan-European Intraday auction, 15 minutes IDA2 price (DE-LU)"
ida2,2026-08-30T13:15:00.000Z,2026-08-30T15:15:00,2026-08-30T13:30:00.000Z,0.13,"Pan-European Intraday auction, 15 minutes IDA2 price (DE-LU)"
ida2,2026-08-30T13:30:00.000Z,2026-08-30T15:30:00,2026-08-30T13:45:00.000Z,1,"Pan-European Intraday auction, 15 minutes IDA2 price (DE-LU)"
ida2,2026-08-30T13:45:00.000Z,2026-08-30T15:45:00,2026-08-30T14:00:00.000Z,1.08,"Pan-European Intraday auction, 15 minutes IDA2 price (DE-LU)"
ida2,2026-08-30T14:00:00.000Z,2026-08-30T16:00:00,2026-08-30T14:15:00.000Z,0.01,"Pan-European Intraday auction, 15 minutes IDA2 price (DE-LU)"
ida2,2026-08-30T14:15:00.000Z,2026-08-30T16:15:00,2026-08-30T14:30:00.000Z,0,"Pan-European Intraday auction, 15 minutes IDA2 price (DE-LU)"
ida2,2026-08-30T14:30:00.000Z,2026-08-30T16:30:00,2026-08-30T14:45:00.000Z,7.24,"Pan-European Intraday auction, 15 minutes IDA2 price (DE-LU)"
ida2,2026-08-30T14:45:00.000Z,2026-08-30T16:45:00,2026-08-30T15:00:00.000Z,21.32,"Pan-European Intraday auction, 15 minutes IDA2 price (DE-LU)"
ida2,2026-08-30T15:00:00.000Z,2026-08-30T17:00:00,2026-08-30T15:15:00.000Z,8.22,"Pan-European Intraday auction, 15 minutes IDA2 price (DE-LU)"
ida2,2026-08-30T15:15:00.000Z,2026-08-30T17:15:00,2026-08-30T15:30:00.000Z,41.43,"Pan-European Intraday auction, 15 minutes IDA2 price (DE-LU)"
ida2,2026-08-30T15:30:00.000Z,2026-08-30T17:30:00,2026-08-30T15:45:00.000Z,80,"Pan-European Intraday auction, 15 minutes IDA2 price (DE-LU)"
ida2,2026-08-30T15:45:00.000Z,2026-08-30T17:45:00,2026-08-30T16:00:00.000Z,125.96,"Pan-European Intraday auction, 15 minutes IDA2 price (DE-LU)"
ida2,2026-08-30T16:00:00.000Z,2026-08-30T18:00:00,2026-08-30T16:15:00.000Z,107.93,"Pan-European Intraday auction, 15 minutes IDA2 price (DE-LU)"
ida2,2026-08-30T16:15:00.000Z,2026-08-30T18:15:00,2026-08-30T16:30:00.000Z,155.41,"Pan-European Intraday auction, 15 minutes IDA2 price (DE-LU)"
ida2,2026-08-30T16:30:00.000Z,2026-08-30T18:30:00,2026-08-30T16:45:00.000Z,172.87,"Pan-European Intraday auction, 15 minutes IDA2 price (DE-LU)"
ida2,2026-08-30T16:45:00.000Z,2026-08-30T18:45:00,2026-08-30T17:00:00.000Z,187.88,"Pan-European Intraday auction, 15 minutes IDA2 price (DE-LU)"
ida2,2026-08-30T17:00:00.000Z,2026-08-30T19:00:00,2026-08-30T17:15:00.000Z,175.69,"Pan-European Intraday auction, 15 minutes IDA2 price (DE-LU)"
ida2,2026-08-30T17:15:00.000Z,2026-08-30T19:15:00,2026-08-30T17:30:00.000Z,195.17,"Pan-European Intraday auction, 15 minutes IDA2 price (DE-LU)"
ida2,2026-08-30T17:30:00.000Z,2026-08-30T19:30:00,2026-08-30T17:45:00.000Z,196.96,"Pan-European Intraday auction, 15 minutes IDA2 price (DE-LU)"
ida2,2026-08-30T17:45:00.000Z,2026-08-30T19:45:00,2026-08-30T18:00:00.000Z,207.87,"Pan-European Intraday auction, 15 minutes IDA2 price (DE-LU)"
ida2,2026-08-30T18:00:00.000Z,2026-08-30T20:00:00,2026-08-30T18:15:00.000Z,198.39,"Pan-European Intraday auction, 15 minutes IDA2 price (DE-LU)"
ida2,2026-08-30T18:15:00.000Z,2026-08-30T20:15:00,2026-08-30T18:30:00.000Z,203.11,"Pan-European Intraday auction, 15 minutes IDA2 price (DE-LU)"
ida2,2026-08-30T18:30:00.000Z,2026-08-30T20:30:00,2026-08-30T18:45:00.000Z,204.5,"Pan-European Intraday auction, 15 minutes IDA2 price (DE-LU)"
ida2,2026-08-30T18:45:00.000Z,2026-08-30T20:45:00,2026-08-30T19:00:00.000Z,214.31,"Pan-European Intraday auction, 15 minutes IDA2 price (DE-LU)"
ida2,2026-08-30T19:00:00.000Z,2026-08-30T21:00:00,2026-08-30T19:15:00.000Z,206.79,"Pan-European Intraday auction, 15 minutes IDA2 price (DE-LU)"
ida2,2026-08-30T19:15:00.000Z,2026-08-30T21:15:00,2026-08-30T19:30:00.000Z,199.49,"Pan-European Intraday auction, 15 minutes IDA2 price (DE-LU)"
ida2,2026-08-30T19:30:00.000Z,2026-08-30T21:30:00,2026-08-30T19:45:00.000Z,194.93,"Pan-European Intraday auction, 15 minutes IDA2 price (DE-LU)"
ida2,2026-08-30T19:45:00.000Z,2026-08-30T21:45:00,2026-08-30T20:00:00.000Z,190.97,"Pan-European Intraday auction, 15 minutes IDA2 price (DE-LU)"
ida2,2026-08-30T20:00:00.000Z,2026-08-30T22:00:00,2026-08-30T20:15:00.000Z,197.83,"Pan-European Intraday auction, 15 minutes IDA2 price (DE-LU)"
ida2,2026-08-30T20:15:00.000Z,2026-08-30T22:15:00,2026-08-30T20:30:00.000Z,196.32,"Pan-European Intraday auction, 15 minutes IDA2 price (DE-LU)"
ida2,2026-08-30T20:30:00.000Z,2026-08-30T22:30:00,2026-08-30T20:45:00.000Z,183,"Pan-European Intraday auction, 15 minutes IDA2 price (DE-LU)"
ida2,2026-08-30T20:45:00.000Z,2026-08-30T22:45:00,2026-08-30T21:00:00.000Z,176.19,"Pan-European Intraday auction, 15 minutes IDA2 price (DE-LU)"
ida2,2026-08-30T21:00:00.000Z,2026-08-30T23:00:00,2026-08-30T21:15:00.000Z,192.93,"Pan-European Intraday auction, 15 minutes IDA2 price (DE-LU)"
ida2,2026-08-30T21:15:00.000Z,2026-08-30T23:15:00,2026-08-30T21:30:00.000Z,176.49,"Pan-European Intraday auction, 15 minutes IDA2 price (DE-LU)"
ida2,2026-08-30T21:30:00.000Z,2026-08-30T23:30:00,2026-08-30T21:45:00.000Z,175.83,"Pan-European Intraday auction, 15 minutes IDA2 price (DE-LU)"
ida2,2026-08-30T21:45:00.000Z,2026-08-30T23:45:00,2026-08-30T22:00:00.000Z,161.24,"Pan-European Intraday auction, 15 minutes IDA2 price (DE-LU)"
ida3,2026-08-24T10:00:00.000Z,2026-08-24T12:00:00,2026-08-24T10:15:00.000Z,79.93,"Pan-European Intraday auction, 15 minutes IDA3 price (DE-LU)"
ida3,2026-08-24T10:15:00.000Z,2026-08-24T12:15:00,2026-08-24T10:30:00.000Z,77.9,"Pan-European Intraday auction, 15 minutes IDA3 price (DE-LU)"
ida3,2026-08-24T10:30:00.000Z,2026-08-24T12:30:00,2026-08-24T10:45:00.000Z,77.5,"Pan-European Intraday auction, 15 minutes IDA3 price (DE-LU)"
ida3,2026-08-24T10:45:00.000Z,2026-08-24T12:45:00,2026-08-24T11:00:00.000Z,75.67,"Pan-European Intraday auction, 15 minutes IDA3 price (DE-LU)"
ida3,2026-08-24T11:00:00.000Z,2026-08-24T13:00:00,2026-08-24T11:15:00.000Z,77.64,"Pan-European Intraday auction, 15 minutes IDA3 price (DE-LU)"
ida3,2026-08-24T11:15:00.000Z,2026-08-24T13:15:00,2026-08-24T11:30:00.000Z,76.98,"Pan-European Intraday auction, 15 minutes IDA3 price (DE-LU)"
ida3,2026-08-24T11:30:00.000Z,2026-08-24T13:30:00,2026-08-24T11:45:00.000Z,74.02,"Pan-European Intraday auction, 15 minutes IDA3 price (DE-LU)"
ida3,2026-08-24T11:45:00.000Z,2026-08-24T13:45:00,2026-08-24T12:00:00.000Z,70.31,"Pan-European Intraday auction, 15 minutes IDA3 price (DE-LU)"
ida3,2026-08-24T12:00:00.000Z,2026-08-24T14:00:00,2026-08-24T12:15:00.000Z,72.86,"Pan-European Intraday auction, 15 minutes IDA3 price (DE-LU)"
ida3,2026-08-24T12:15:00.000Z,2026-08-24T14:15:00,2026-08-24T12:30:00.000Z,73.73,"Pan-European Intraday auction, 15 minutes IDA3 price (DE-LU)"
ida3,2026-08-24T12:30:00.000Z,2026-08-24T14:30:00,2026-08-24T12:45:00.000Z,75.25,"Pan-European Intraday auction, 15 minutes IDA3 price (DE-LU)"
ida3,2026-08-24T12:45:00.000Z,2026-08-24T14:45:00,2026-08-24T13:00:00.000Z,82.17,"Pan-European Intraday auction, 15 minutes IDA3 price (DE-LU)"
ida3,2026-08-24T13:00:00.000Z,2026-08-24T15:00:00,2026-08-24T13:15:00.000Z,82.81,"Pan-European Intraday auction, 15 minutes IDA3 price (DE-LU)"
ida3,2026-08-24T13:15:00.000Z,2026-08-24T15:15:00,2026-08-24T13:30:00.000Z,89.77,"Pan-European Intraday auction, 15 minutes IDA3 price (DE-LU)"
ida3,2026-08-24T13:30:00.000Z,2026-08-24T15:30:00,2026-08-24T13:45:00.000Z,98.69,"Pan-European Intraday auction, 15 minutes IDA3 price (DE-LU)"
ida3,2026-08-24T13:45:00.000Z,2026-08-24T15:45:00,2026-08-24T14:00:00.000Z,111.19,"Pan-European Intraday auction, 15 minutes IDA3 price (DE-LU)"
ida3,2026-08-24T14:00:00.000Z,2026-08-24T16:00:00,2026-08-24T14:15:00.000Z,96.61,"Pan-European Intraday auction, 15 minutes IDA3 price (DE-LU)"
ida3,2026-08-24T14:15:00.000Z,2026-08-24T16:15:00,2026-08-24T14:30:00.000Z,115.15,"Pan-European Intraday auction, 15 minutes IDA3 price (DE-LU)"
ida3,2026-08-24T14:30:00.000Z,2026-08-24T16:30:00,2026-08-24T14:45:00.000Z,124.66,"Pan-European Intraday auction, 15 minutes IDA3 price (DE-LU)"
ida3,2026-08-24T14:45:00.000Z,2026-08-24T16:45:00,2026-08-24T15:00:00.000Z,136.45,"Pan-European Intraday auction, 15 minutes IDA3 price (DE-LU)"
ida3,2026-08-24T15:00:00.000Z,2026-08-24T17:00:00,2026-08-24T15:15:00.000Z,118.32,"Pan-European Intraday auction, 15 minutes IDA3 price (DE-LU)"
ida3,2026-08-24T15:15:00.000Z,2026-08-24T17:15:00,2026-08-24T15:30:00.000Z,135.38,"Pan-European Intraday auction, 15 minutes IDA3 price (DE-LU)"
ida3,2026-08-24T15:30:00.000Z,2026-08-24T17:30:00,2026-08-24T15:45:00.000Z,154.93,"Pan-European Intraday auction, 15 minutes IDA3 price (DE-LU)"
ida3,2026-08-24T15:45:00.000Z,2026-08-24T17:45:00,2026-08-24T16:00:00.000Z,179.35,"Pan-European Intraday auction, 15 minutes IDA3 price (DE-LU)"
ida3,2026-08-24T16:00:00.000Z,2026-08-24T18:00:00,2026-08-24T16:15:00.000Z,160.07,"Pan-European Intraday auction, 15 minutes IDA3 price (DE-LU)"
ida3,2026-08-24T16:15:00.000Z,2026-08-24T18:15:00,2026-08-24T16:30:00.000Z,176.12,"Pan-European Intraday auction, 15 minutes IDA3 price (DE-LU)"
ida3,2026-08-24T16:30:00.000Z,2026-08-24T18:30:00,2026-08-24T16:45:00.000Z,188.48,"Pan-European Intraday auction, 15 minutes IDA3 price (DE-LU)"
ida3,2026-08-24T16:45:00.000Z,2026-08-24T18:45:00,2026-08-24T17:00:00.000Z,205.33,"Pan-European Intraday auction, 15 minutes IDA3 price (DE-LU)"
ida3,2026-08-24T17:00:00.000Z,2026-08-24T19:00:00,2026-08-24T17:15:00.000Z,197.43,"Pan-European Intraday auction, 15 minutes IDA3 price (DE-LU)"
ida3,2026-08-24T17:15:00.000Z,2026-08-24T19:15:00,2026-08-24T17:30:00.000Z,208.03,"Pan-European Intraday auction, 15 minutes IDA3 price (DE-LU)"
ida3,2026-08-24T17:30:00.000Z,2026-08-24T19:30:00,2026-08-24T17:45:00.000Z,232.4,"Pan-European Intraday auction, 15 minutes IDA3 price (DE-LU)"
ida3,2026-08-24T17:45:00.000Z,2026-08-24T19:45:00,2026-08-24T18:00:00.000Z,242.43,"Pan-European Intraday auction, 15 minutes IDA3 price (DE-LU)"
ida3,2026-08-24T18:00:00.000Z,2026-08-24T20:00:00,2026-08-24T18:15:00.000Z,237.99,"Pan-European Intraday auction, 15 minutes IDA3 price (DE-LU)"
ida3,2026-08-24T18:15:00.000Z,2026-08-24T20:15:00,2026-08-24T18:30:00.000Z,226.38,"Pan-European Intraday auction, 15 minutes IDA3 price (DE-LU)"
ida3,2026-08-24T18:30:00.000Z,2026-08-24T20:30:00,2026-08-24T18:45:00.000Z,216.95,"Pan-European Intraday auction, 15 minutes IDA3 price (DE-LU)"
ida3,2026-08-24T18:45:00.000Z,2026-08-24T20:45:00,2026-08-24T19:00:00.000Z,201.77,"Pan-European Intraday auction, 15 minutes IDA3 price (DE-LU)"
ida3,2026-08-24T19:00:00.000Z,2026-08-24T21:00:00,2026-08-24T19:15:00.000Z,202.11,"Pan-European Intraday auction, 15 minutes IDA3 price (DE-LU)"
ida3,2026-08-24T19:15:00.000Z,2026-08-24T21:15:00,2026-08-24T19:30:00.000Z,193.19,"Pan-European Intraday auction, 15 minutes IDA3 price (DE-LU)"
ida3,2026-08-24T19:30:00.000Z,2026-08-24T21:30:00,2026-08-24T19:45:00.000Z,181.08,"Pan-European Intraday auction, 15 minutes IDA3 price (DE-LU)"
ida3,2026-08-24T19:45:00.000Z,2026-08-24T21:45:00,2026-08-24T20:00:00.000Z,172.07,"Pan-European Intraday auction, 15 minutes IDA3 price (DE-LU)"
ida3,2026-08-24T20:00:00.000Z,2026-08-24T22:00:00,2026-08-24T20:15:00.000Z,175.09,"Pan-European Intraday auction, 15 minutes IDA3 price (DE-LU)"
ida3,2026-08-24T20:15:00.000Z,2026-08-24T22:15:00,2026-08-24T20:30:00.000Z,172.57,"Pan-European Intraday auction, 15 minutes IDA3 price (DE-LU)"
ida3,2026-08-24T20:30:00.000Z,2026-08-24T22:30:00,2026-08-24T20:45:00.000Z,169.68,"Pan-European Intraday auction, 15 minutes IDA3 price (DE-LU)"
ida3,2026-08-24T20:45:00.000Z,2026-08-24T22:45:00,2026-08-24T21:00:00.000Z,161.01,"Pan-European Intraday auction, 15 minutes IDA3 price (DE-LU)"
ida3,2026-08-24T21:00:00.000Z,2026-08-24T23:00:00,2026-08-24T21:15:00.000Z,157.29,"Pan-European Intraday auction, 15 minutes IDA3 price (DE-LU)"
ida3,2026-08-24T21:15:00.000Z,2026-08-24T23:15:00,2026-08-24T21:30:00.000Z,152.64,"Pan-European Intraday auction, 15 minutes IDA3 price (DE-LU)"
ida3,2026-08-24T21:30:00.000Z,2026-08-24T23:30:00,2026-08-24T21:45:00.000Z,152.72,"Pan-European Intraday auction, 15 minutes IDA3 price (DE-LU)"
ida3,2026-08-24T21:45:00.000Z,2026-08-24T23:45:00,2026-08-24T22:00:00.000Z,153.35,"Pan-European Intraday auction, 15 minutes IDA3 price (DE-LU)"
ida3,2026-08-25T10:00:00.000Z,2026-08-25T12:00:00,2026-08-25T10:15:00.000Z,119.46,"Pan-European Intraday auction, 15 minutes IDA3 price (DE-LU)"
ida3,2026-08-25T10:15:00.000Z,2026-08-25T12:15:00,2026-08-25T10:30:00.000Z,111.35,"Pan-European Intraday auction, 15 minutes IDA3 price (DE-LU)"
ida3,2026-08-25T10:30:00.000Z,2026-08-25T12:30:00,2026-08-25T10:45:00.000Z,108.69,"Pan-European Intraday auction, 15 minutes IDA3 price (DE-LU)"
ida3,2026-08-25T10:45:00.000Z,2026-08-25T12:45:00,2026-08-25T11:00:00.000Z,101.62,"Pan-European Intraday auction, 15 minutes IDA3 price (DE-LU)"
ida3,2026-08-25T11:00:00.000Z,2026-08-25T13:00:00,2026-08-25T11:15:00.000Z,107.33,"Pan-European Intraday auction, 15 minutes IDA3 price (DE-LU)"
ida3,2026-08-25T11:15:00.000Z,2026-08-25T13:15:00,2026-08-25T11:30:00.000Z,100.67,"Pan-European Intraday auction, 15 minutes IDA3 price (DE-LU)"
ida3,2026-08-25T11:30:00.000Z,2026-08-25T13:30:00,2026-08-25T11:45:00.000Z,95.5,"Pan-European Intraday auction, 15 minutes IDA3 price (DE-LU)"
ida3,2026-08-25T11:45:00.000Z,2026-08-25T13:45:00,2026-08-25T12:00:00.000Z,92.88,"Pan-European Intraday auction, 15 minutes IDA3 price (DE-LU)"
ida3,2026-08-25T12:00:00.000Z,2026-08-25T14:00:00,2026-08-25T12:15:00.000Z,96.71,"Pan-European Intraday auction, 15 minutes IDA3 price (DE-LU)"
ida3,2026-08-25T12:15:00.000Z,2026-08-25T14:15:00,2026-08-25T12:30:00.000Z,96.18,"Pan-European Intraday auction, 15 minutes IDA3 price (DE-LU)"
ida3,2026-08-25T12:30:00.000Z,2026-08-25T14:30:00,2026-08-25T12:45:00.000Z,107.23,"Pan-European Intraday auction, 15 minutes IDA3 price (DE-LU)"
ida3,2026-08-25T12:45:00.000Z,2026-08-25T14:45:00,2026-08-25T13:00:00.000Z,112.88,"Pan-European Intraday auction, 15 minutes IDA3 price (DE-LU)"
ida3,2026-08-25T13:00:00.000Z,2026-08-25T15:00:00,2026-08-25T13:15:00.000Z,103.83,"Pan-European Intraday auction, 15 minutes IDA3 price (DE-LU)"
ida3,2026-08-25T13:15:00.000Z,2026-08-25T15:15:00,2026-08-25T13:30:00.000Z,112.32,"Pan-European Intraday auction, 15 minutes IDA3 price (DE-LU)"
ida3,2026-08-25T13:30:00.000Z,2026-08-25T15:30:00,2026-08-25T13:45:00.000Z,119.15,"Pan-European Intraday auction, 15 minutes IDA3 price (DE-LU)"
ida3,2026-08-25T13:45:00.000Z,2026-08-25T15:45:00,2026-08-25T14:00:00.000Z,124.7,"Pan-European Intraday auction, 15 minutes IDA3 price (DE-LU)"
ida3,2026-08-25T14:00:00.000Z,2026-08-25T16:00:00,2026-08-25T14:15:00.000Z,119.75,"Pan-European Intraday auction, 15 minutes IDA3 price (DE-LU)"
ida3,2026-08-25T14:15:00.000Z,2026-08-25T16:15:00,2026-08-25T14:30:00.000Z,132.49,"Pan-European Intraday auction, 15 minutes IDA3 price (DE-LU)"
ida3,2026-08-25T14:30:00.000Z,2026-08-25T16:30:00,2026-08-25T14:45:00.000Z,138.7,"Pan-European Intraday auction, 15 minutes IDA3 price (DE-LU)"
ida3,2026-08-25T14:45:00.000Z,2026-08-25T16:45:00,2026-08-25T15:00:00.000Z,152.3,"Pan-European Intraday auction, 15 minutes IDA3 price (DE-LU)"
ida3,2026-08-25T15:00:00.000Z,2026-08-25T17:00:00,2026-08-25T15:15:00.000Z,134.39,"Pan-European Intraday auction, 15 minutes IDA3 price (DE-LU)"
ida3,2026-08-25T15:15:00.000Z,2026-08-25T17:15:00,2026-08-25T15:30:00.000Z,154.53,"Pan-European Intraday auction, 15 minutes IDA3 price (DE-LU)"
ida3,2026-08-25T15:30:00.000Z,2026-08-25T17:30:00,2026-08-25T15:45:00.000Z,170.37,"Pan-European Intraday auction, 15 minutes IDA3 price (DE-LU)"
ida3,2026-08-25T15:45:00.000Z,2026-08-25T17:45:00,2026-08-25T16:00:00.000Z,186.61,"Pan-European Intraday auction, 15 minutes IDA3 price (DE-LU)"
ida3,2026-08-25T16:00:00.000Z,2026-08-25T18:00:00,2026-08-25T16:15:00.000Z,173.24,"Pan-European Intraday auction, 15 minutes IDA3 price (DE-LU)"
ida3,2026-08-25T16:15:00.000Z,2026-08-25T18:15:00,2026-08-25T16:30:00.000Z,189.9,"Pan-European Intraday auction, 15 minutes IDA3 price (DE-LU)"
ida3,2026-08-25T16:30:00.000Z,2026-08-25T18:30:00,2026-08-25T16:45:00.000Z,201.26,"Pan-European Intraday auction, 15 minutes IDA3 price (DE-LU)"
ida3,2026-08-25T16:45:00.000Z,2026-08-25T18:45:00,2026-08-25T17:00:00.000Z,215.85,"Pan-European Intraday auction, 15 minutes IDA3 price (DE-LU)"
ida3,2026-08-25T17:00:00.000Z,2026-08-25T19:00:00,2026-08-25T17:15:00.000Z,204.37,"Pan-European Intraday auction, 15 minutes IDA3 price (DE-LU)"
ida3,2026-08-25T17:15:00.000Z,2026-08-25T19:15:00,2026-08-25T17:30:00.000Z,213.3,"Pan-European Intraday auction, 15 minutes IDA3 price (DE-LU)"
ida3,2026-08-25T17:30:00.000Z,2026-08-25T19:30:00,2026-08-25T17:45:00.000Z,227.1,"Pan-European Intraday auction, 15 minutes IDA3 price (DE-LU)"
ida3,2026-08-25T17:45:00.000Z,2026-08-25T19:45:00,2026-08-25T18:00:00.000Z,227.1,"Pan-European Intraday auction, 15 minutes IDA3 price (DE-LU)"
ida3,2026-08-25T18:00:00.000Z,2026-08-25T20:00:00,2026-08-25T18:15:00.000Z,211.89,"Pan-European Intraday auction, 15 minutes IDA3 price (DE-LU)"
ida3,2026-08-25T18:15:00.000Z,2026-08-25T20:15:00,2026-08-25T18:30:00.000Z,216.55,"Pan-European Intraday auction, 15 minutes IDA3 price (DE-LU)"
ida3,2026-08-25T18:30:00.000Z,2026-08-25T20:30:00,2026-08-25T18:45:00.000Z,216.66,"Pan-European Intraday auction, 15 minutes IDA3 price (DE-LU)"
ida3,2026-08-25T18:45:00.000Z,2026-08-25T20:45:00,2026-08-25T19:00:00.000Z,211.35,"Pan-European Intraday auction, 15 minutes IDA3 price (DE-LU)"
ida3,2026-08-25T19:00:00.000Z,2026-08-25T21:00:00,2026-08-25T19:15:00.000Z,220.67,"Pan-European Intraday auction, 15 minutes IDA3 price (DE-LU)"
ida3,2026-08-25T19:15:00.000Z,2026-08-25T21:15:00,2026-08-25T19:30:00.000Z,210,"Pan-European Intraday auction, 15 minutes IDA3 price (DE-LU)"
ida3,2026-08-25T19:30:00.000Z,2026-08-25T21:30:00,2026-08-25T19:45:00.000Z,202.64,"Pan-European Intraday auction, 15 minutes IDA3 price (DE-LU)"
ida3,2026-08-25T19:45:00.000Z,2026-08-25T21:45:00,2026-08-25T20:00:00.000Z,188.08,"Pan-European Intraday auction, 15 minutes IDA3 price (DE-LU)"
ida3,2026-08-25T20:00:00.000Z,2026-08-25T22:00:00,2026-08-25T20:15:00.000Z,203.7,"Pan-European Intraday auction, 15 minutes IDA3 price (DE-LU)"
ida3,2026-08-25T20:15:00.000Z,2026-08-25T22:15:00,2026-08-25T20:30:00.000Z,199.89,"Pan-European Intraday auction, 15 minutes IDA3 price (DE-LU)"
ida3,2026-08-25T20:30:00.000Z,2026-08-25T22:30:00,2026-08-25T20:45:00.000Z,198.03,"Pan-European Intraday auction, 15 minutes IDA3 price (DE-LU)"
ida3,2026-08-25T20:45:00.000Z,2026-08-25T22:45:00,2026-08-25T21:00:00.000Z,185.55,"Pan-European Intraday auction, 15 minutes IDA3 price (DE-LU)"
ida3,2026-08-25T21:00:00.000Z,2026-08-25T23:00:00,2026-08-25T21:15:00.000Z,196.29,"Pan-European Intraday auction, 15 minutes IDA3 price (DE-LU)"
ida3,2026-08-25T21:15:00.000Z,2026-08-25T23:15:00,2026-08-25T21:30:00.000Z,181.86,"Pan-European Intraday auction, 15 minutes IDA3 price (DE-LU)"
ida3,2026-08-25T21:30:00.000Z,2026-08-25T23:30:00,2026-08-25T21:45:00.000Z,183.64,"Pan-European Intraday auction, 15 minutes IDA3 price (DE-LU)"
ida3,2026-08-25T21:45:00.000Z,2026-08-25T23:45:00,2026-08-25T22:00:00.000Z,172.31,"Pan-European Intraday auction, 15 minutes IDA3 price (DE-LU)"
ida3,2026-08-26T10:00:00.000Z,2026-08-26T12:00:00,2026-08-26T10:15:00.000Z,120.2,"Pan-European Intraday auction, 15 minutes IDA3 price (DE-LU)"
ida3,2026-08-26T10:15:00.000Z,2026-08-26T12:15:00,2026-08-26T10:30:00.000Z,111.75,"Pan-European Intraday auction, 15 minutes IDA3 price (DE-LU)"
ida3,2026-08-26T10:30:00.000Z,2026-08-26T12:30:00,2026-08-26T10:45:00.000Z,104.85,"Pan-European Intraday auction, 15 minutes IDA3 price (DE-LU)"
ida3,2026-08-26T10:45:00.000Z,2026-08-26T12:45:00,2026-08-26T11:00:00.000Z,103.21,"Pan-European Intraday auction, 15 minutes IDA3 price (DE-LU)"
ida3,2026-08-26T11:00:00.000Z,2026-08-26T13:00:00,2026-08-26T11:15:00.000Z,108.8,"Pan-European Intraday auction, 15 minutes IDA3 price (DE-LU)"
ida3,2026-08-26T11:15:00.000Z,2026-08-26T13:15:00,2026-08-26T11:30:00.000Z,103.98,"Pan-European Intraday auction, 15 minutes IDA3 price (DE-LU)"
ida3,2026-08-26T11:30:00.000Z,2026-08-26T13:30:00,2026-08-26T11:45:00.000Z,102.36,"Pan-European Intraday auction, 15 minutes IDA3 price (DE-LU)"
ida3,2026-08-26T11:45:00.000Z,2026-08-26T13:45:00,2026-08-26T12:00:00.000Z,98.46,"Pan-European Intraday auction, 15 minutes IDA3 price (DE-LU)"
ida3,2026-08-26T12:00:00.000Z,2026-08-26T14:00:00,2026-08-26T12:15:00.000Z,98.15,"Pan-European Intraday auction, 15 minutes IDA3 price (DE-LU)"
ida3,2026-08-26T12:15:00.000Z,2026-08-26T14:15:00,2026-08-26T12:30:00.000Z,98.15,"Pan-European Intraday auction, 15 minutes IDA3 price (DE-LU)"
ida3,2026-08-26T12:30:00.000Z,2026-08-26T14:30:00,2026-08-26T12:45:00.000Z,100.62,"Pan-European Intraday auction, 15 minutes IDA3 price (DE-LU)"
ida3,2026-08-26T12:45:00.000Z,2026-08-26T14:45:00,2026-08-26T13:00:00.000Z,104.57,"Pan-European Intraday auction, 15 minutes IDA3 price (DE-LU)"
ida3,2026-08-26T13:00:00.000Z,2026-08-26T15:00:00,2026-08-26T13:15:00.000Z,94.85,"Pan-European Intraday auction, 15 minutes IDA3 price (DE-LU)"
ida3,2026-08-26T13:15:00.000Z,2026-08-26T15:15:00,2026-08-26T13:30:00.000Z,100.13,"Pan-European Intraday auction, 15 minutes IDA3 price (DE-LU)"
ida3,2026-08-26T13:30:00.000Z,2026-08-26T15:30:00,2026-08-26T13:45:00.000Z,119.98,"Pan-European Intraday auction, 15 minutes IDA3 price (DE-LU)"
ida3,2026-08-26T13:45:00.000Z,2026-08-26T15:45:00,2026-08-26T14:00:00.000Z,128.28,"Pan-European Intraday auction, 15 minutes IDA3 price (DE-LU)"
ida3,2026-08-26T14:00:00.000Z,2026-08-26T16:00:00,2026-08-26T14:15:00.000Z,109.36,"Pan-European Intraday auction, 15 minutes IDA3 price (DE-LU)"
ida3,2026-08-26T14:15:00.000Z,2026-08-26T16:15:00,2026-08-26T14:30:00.000Z,124,"Pan-European Intraday auction, 15 minutes IDA3 price (DE-LU)"
ida3,2026-08-26T14:30:00.000Z,2026-08-26T16:30:00,2026-08-26T14:45:00.000Z,139.53,"Pan-European Intraday auction, 15 minutes IDA3 price (DE-LU)"
ida3,2026-08-26T14:45:00.000Z,2026-08-26T16:45:00,2026-08-26T15:00:00.000Z,150.84,"Pan-European Intraday auction, 15 minutes IDA3 price (DE-LU)"
ida3,2026-08-26T15:00:00.000Z,2026-08-26T17:00:00,2026-08-26T15:15:00.000Z,138.97,"Pan-European Intraday auction, 15 minutes IDA3 price (DE-LU)"
ida3,2026-08-26T15:15:00.000Z,2026-08-26T17:15:00,2026-08-26T15:30:00.000Z,156.34,"Pan-European Intraday auction, 15 minutes IDA3 price (DE-LU)"
ida3,2026-08-26T15:30:00.000Z,2026-08-26T17:30:00,2026-08-26T15:45:00.000Z,176.74,"Pan-European Intraday auction, 15 minutes IDA3 price (DE-LU)"
ida3,2026-08-26T15:45:00.000Z,2026-08-26T17:45:00,2026-08-26T16:00:00.000Z,186.37,"Pan-European Intraday auction, 15 minutes IDA3 price (DE-LU)"
ida3,2026-08-26T16:00:00.000Z,2026-08-26T18:00:00,2026-08-26T16:15:00.000Z,168.39,"Pan-European Intraday auction, 15 minutes IDA3 price (DE-LU)"
ida3,2026-08-26T16:15:00.000Z,2026-08-26T18:15:00,2026-08-26T16:30:00.000Z,183.29,"Pan-European Intraday auction, 15 minutes IDA3 price (DE-LU)"
ida3,2026-08-26T16:30:00.000Z,2026-08-26T18:30:00,2026-08-26T16:45:00.000Z,195.34,"Pan-European Intraday auction, 15 minutes IDA3 price (DE-LU)"
ida3,2026-08-26T16:45:00.000Z,2026-08-26T18:45:00,2026-08-26T17:00:00.000Z,216.32,"Pan-European Intraday auction, 15 minutes IDA3 price (DE-LU)"
ida3,2026-08-26T17:00:00.000Z,2026-08-26T19:00:00,2026-08-26T17:15:00.000Z,200,"Pan-European Intraday auction, 15 minutes IDA3 price (DE-LU)"
ida3,2026-08-26T17:15:00.000Z,2026-08-26T19:15:00,2026-08-26T17:30:00.000Z,212,"Pan-European Intraday auction, 15 minutes IDA3 price (DE-LU)"
ida3,2026-08-26T17:30:00.000Z,2026-08-26T19:30:00,2026-08-26T17:45:00.000Z,224,"Pan-European Intraday auction, 15 minutes IDA3 price (DE-LU)"
ida3,2026-08-26T17:45:00.000Z,2026-08-26T19:45:00,2026-08-26T18:00:00.000Z,234.05,"Pan-European Intraday auction, 15 minutes IDA3 price (DE-LU)"
ida3,2026-08-26T18:00:00.000Z,2026-08-26T20:00:00,2026-08-26T18:15:00.000Z,223.44,"Pan-European Intraday auction, 15 minutes IDA3 price (DE-LU)"
ida3,2026-08-26T18:15:00.000Z,2026-08-26T20:15:00,2026-08-26T18:30:00.000Z,208.21,"Pan-European Intraday auction, 15 minutes IDA3 price (DE-LU)"
ida3,2026-08-26T18:30:00.000Z,2026-08-26T20:30:00,2026-08-26T18:45:00.000Z,196.41,"Pan-European Intraday auction, 15 minutes IDA3 price (DE-LU)"
ida3,2026-08-26T18:45:00.000Z,2026-08-26T20:45:00,2026-08-26T19:00:00.000Z,183.06,"Pan-European Intraday auction, 15 minutes IDA3 price (DE-LU)"
ida3,2026-08-26T19:00:00.000Z,2026-08-26T21:00:00,2026-08-26T19:15:00.000Z,195.84,"Pan-European Intraday auction, 15 minutes IDA3 price (DE-LU)"
ida3,2026-08-26T19:15:00.000Z,2026-08-26T21:15:00,2026-08-26T19:30:00.000Z,181.13,"Pan-European Intraday auction, 15 minutes IDA3 price (DE-LU)"
ida3,2026-08-26T19:30:00.000Z,2026-08-26T21:30:00,2026-08-26T19:45:00.000Z,179.14,"Pan-European Intraday auction, 15 minutes IDA3 price (DE-LU)"
ida3,2026-08-26T19:45:00.000Z,2026-08-26T21:45:00,2026-08-26T20:00:00.000Z,171.9,"Pan-European Intraday auction, 15 minutes IDA3 price (DE-LU)"
ida3,2026-08-26T20:00:00.000Z,2026-08-26T22:00:00,2026-08-26T20:15:00.000Z,176.28,"Pan-European Intraday auction, 15 minutes IDA3 price (DE-LU)"
ida3,2026-08-26T20:15:00.000Z,2026-08-26T22:15:00,2026-08-26T20:30:00.000Z,168.35,"Pan-European Intraday auction, 15 minutes IDA3 price (DE-LU)"
ida3,2026-08-26T20:30:00.000Z,2026-08-26T22:30:00,2026-08-26T20:45:00.000Z,169.6,"Pan-European Intraday auction, 15 minutes IDA3 price (DE-LU)"
ida3,2026-08-26T20:45:00.000Z,2026-08-26T22:45:00,2026-08-26T21:00:00.000Z,164.4,"Pan-European Intraday auction, 15 minutes IDA3 price (DE-LU)"
ida3,2026-08-26T21:00:00.000Z,2026-08-26T23:00:00,2026-08-26T21:15:00.000Z,164.14,"Pan-European Intraday auction, 15 minutes IDA3 price (DE-LU)"
ida3,2026-08-26T21:15:00.000Z,2026-08-26T23:15:00,2026-08-26T21:30:00.000Z,154.94,"Pan-European Intraday auction, 15 minutes IDA3 price (DE-LU)"
ida3,2026-08-26T21:30:00.000Z,2026-08-26T23:30:00,2026-08-26T21:45:00.000Z,155.46,"Pan-European Intraday auction, 15 minutes IDA3 price (DE-LU)"
ida3,2026-08-26T21:45:00.000Z,2026-08-26T23:45:00,2026-08-26T22:00:00.000Z,146.44,"Pan-European Intraday auction, 15 minutes IDA3 price (DE-LU)"
ida3,2026-08-27T10:00:00.000Z,2026-08-27T12:00:00,2026-08-27T10:15:00.000Z,36.19,"Pan-European Intraday auction, 15 minutes IDA3 price (DE-LU)"
ida3,2026-08-27T10:15:00.000Z,2026-08-27T12:15:00,2026-08-27T10:30:00.000Z,19.99,"Pan-European Intraday auction, 15 minutes IDA3 price (DE-LU)"
ida3,2026-08-27T10:30:00.000Z,2026-08-27T12:30:00,2026-08-27T10:45:00.000Z,14.74,"Pan-European Intraday auction, 15 minutes IDA3 price (DE-LU)"
ida3,2026-08-27T10:45:00.000Z,2026-08-27T12:45:00,2026-08-27T11:00:00.000Z,9.99,"Pan-European Intraday auction, 15 minutes IDA3 price (DE-LU)"
ida3,2026-08-27T11:00:00.000Z,2026-08-27T13:00:00,2026-08-27T11:15:00.000Z,14.79,"Pan-European Intraday auction, 15 minutes IDA3 price (DE-LU)"
ida3,2026-08-27T11:15:00.000Z,2026-08-27T13:15:00,2026-08-27T11:30:00.000Z,12.68,"Pan-European Intraday auction, 15 minutes IDA3 price (DE-LU)"
ida3,2026-08-27T11:30:00.000Z,2026-08-27T13:30:00,2026-08-27T11:45:00.000Z,8.46,"Pan-European Intraday auction, 15 minutes IDA3 price (DE-LU)"
ida3,2026-08-27T11:45:00.000Z,2026-08-27T13:45:00,2026-08-27T12:00:00.000Z,4.87,"Pan-European Intraday auction, 15 minutes IDA3 price (DE-LU)"
ida3,2026-08-27T12:00:00.000Z,2026-08-27T14:00:00,2026-08-27T12:15:00.000Z,4.9,"Pan-European Intraday auction, 15 minutes IDA3 price (DE-LU)"
ida3,2026-08-27T12:15:00.000Z,2026-08-27T14:15:00,2026-08-27T12:30:00.000Z,9.68,"Pan-European Intraday auction, 15 minutes IDA3 price (DE-LU)"
ida3,2026-08-27T12:30:00.000Z,2026-08-27T14:30:00,2026-08-27T12:45:00.000Z,16.21,"Pan-European Intraday auction, 15 minutes IDA3 price (DE-LU)"
ida3,2026-08-27T12:45:00.000Z,2026-08-27T14:45:00,2026-08-27T13:00:00.000Z,29.75,"Pan-European Intraday auction, 15 minutes IDA3 price (DE-LU)"
ida3,2026-08-27T13:00:00.000Z,2026-08-27T15:00:00,2026-08-27T13:15:00.000Z,25,"Pan-European Intraday auction, 15 minutes IDA3 price (DE-LU)"
ida3,2026-08-27T13:15:00.000Z,2026-08-27T15:15:00,2026-08-27T13:30:00.000Z,35.12,"Pan-European Intraday auction, 15 minutes IDA3 price (DE-LU)"
ida3,2026-08-27T13:30:00.000Z,2026-08-27T15:30:00,2026-08-27T13:45:00.000Z,63.34,"Pan-European Intraday auction, 15 minutes IDA3 price (DE-LU)"
ida3,2026-08-27T13:45:00.000Z,2026-08-27T15:45:00,2026-08-27T14:00:00.000Z,80.98,"Pan-European Intraday auction, 15 minutes IDA3 price (DE-LU)"
ida3,2026-08-27T14:00:00.000Z,2026-08-27T16:00:00,2026-08-27T14:15:00.000Z,62.63,"Pan-European Intraday auction, 15 minutes IDA3 price (DE-LU)"
ida3,2026-08-27T14:15:00.000Z,2026-08-27T16:15:00,2026-08-27T14:30:00.000Z,89.09,"Pan-European Intraday auction, 15 minutes IDA3 price (DE-LU)"
ida3,2026-08-27T14:30:00.000Z,2026-08-27T16:30:00,2026-08-27T14:45:00.000Z,110.13,"Pan-European Intraday auction, 15 minutes IDA3 price (DE-LU)"
ida3,2026-08-27T14:45:00.000Z,2026-08-27T16:45:00,2026-08-27T15:00:00.000Z,120.08,"Pan-European Intraday auction, 15 minutes IDA3 price (DE-LU)"
ida3,2026-08-27T15:00:00.000Z,2026-08-27T17:00:00,2026-08-27T15:15:00.000Z,119.96,"Pan-European Intraday auction, 15 minutes IDA3 price (DE-LU)"
ida3,2026-08-27T15:15:00.000Z,2026-08-27T17:15:00,2026-08-27T15:30:00.000Z,133.82,"Pan-European Intraday auction, 15 minutes IDA3 price (DE-LU)"
ida3,2026-08-27T15:30:00.000Z,2026-08-27T17:30:00,2026-08-27T15:45:00.000Z,160,"Pan-European Intraday auction, 15 minutes IDA3 price (DE-LU)"
ida3,2026-08-27T15:45:00.000Z,2026-08-27T17:45:00,2026-08-27T16:00:00.000Z,172.93,"Pan-European Intraday auction, 15 minutes IDA3 price (DE-LU)"
ida3,2026-08-27T16:00:00.000Z,2026-08-27T18:00:00,2026-08-27T16:15:00.000Z,157.22,"Pan-European Intraday auction, 15 minutes IDA3 price (DE-LU)"
ida3,2026-08-27T16:15:00.000Z,2026-08-27T18:15:00,2026-08-27T16:30:00.000Z,168.52,"Pan-European Intraday auction, 15 minutes IDA3 price (DE-LU)"
ida3,2026-08-27T16:30:00.000Z,2026-08-27T18:30:00,2026-08-27T16:45:00.000Z,180.03,"Pan-European Intraday auction, 15 minutes IDA3 price (DE-LU)"
ida3,2026-08-27T16:45:00.000Z,2026-08-27T18:45:00,2026-08-27T17:00:00.000Z,201.03,"Pan-European Intraday auction, 15 minutes IDA3 price (DE-LU)"
ida3,2026-08-27T17:00:00.000Z,2026-08-27T19:00:00,2026-08-27T17:15:00.000Z,185.02,"Pan-European Intraday auction, 15 minutes IDA3 price (DE-LU)"
ida3,2026-08-27T17:15:00.000Z,2026-08-27T19:15:00,2026-08-27T17:30:00.000Z,199.01,"Pan-European Intraday auction, 15 minutes IDA3 price (DE-LU)"
ida3,2026-08-27T17:30:00.000Z,2026-08-27T19:30:00,2026-08-27T17:45:00.000Z,210.05,"Pan-European Intraday auction, 15 minutes IDA3 price (DE-LU)"
ida3,2026-08-27T17:45:00.000Z,2026-08-27T19:45:00,2026-08-27T18:00:00.000Z,220,"Pan-European Intraday auction, 15 minutes IDA3 price (DE-LU)"
ida3,2026-08-27T18:00:00.000Z,2026-08-27T20:00:00,2026-08-27T18:15:00.000Z,205.94,"Pan-European Intraday auction, 15 minutes IDA3 price (DE-LU)"
ida3,2026-08-27T18:15:00.000Z,2026-08-27T20:15:00,2026-08-27T18:30:00.000Z,198,"Pan-European Intraday auction, 15 minutes IDA3 price (DE-LU)"
ida3,2026-08-27T18:30:00.000Z,2026-08-27T20:30:00,2026-08-27T18:45:00.000Z,189.64,"Pan-European Intraday auction, 15 minutes IDA3 price (DE-LU)"
ida3,2026-08-27T18:45:00.000Z,2026-08-27T20:45:00,2026-08-27T19:00:00.000Z,178.92,"Pan-European Intraday auction, 15 minutes IDA3 price (DE-LU)"
ida3,2026-08-27T19:00:00.000Z,2026-08-27T21:00:00,2026-08-27T19:15:00.000Z,190.21,"Pan-European Intraday auction, 15 minutes IDA3 price (DE-LU)"
ida3,2026-08-27T19:15:00.000Z,2026-08-27T21:15:00,2026-08-27T19:30:00.000Z,175.63,"Pan-European Intraday auction, 15 minutes IDA3 price (DE-LU)"
ida3,2026-08-27T19:30:00.000Z,2026-08-27T21:30:00,2026-08-27T19:45:00.000Z,166.36,"Pan-European Intraday auction, 15 minutes IDA3 price (DE-LU)"
ida3,2026-08-27T19:45:00.000Z,2026-08-27T21:45:00,2026-08-27T20:00:00.000Z,159.4,"Pan-European Intraday auction, 15 minutes IDA3 price (DE-LU)"
ida3,2026-08-27T20:00:00.000Z,2026-08-27T22:00:00,2026-08-27T20:15:00.000Z,172.29,"Pan-European Intraday auction, 15 minutes IDA3 price (DE-LU)"
ida3,2026-08-27T20:15:00.000Z,2026-08-27T22:15:00,2026-08-27T20:30:00.000Z,165.41,"Pan-European Intraday auction, 15 minutes IDA3 price (DE-LU)"
ida3,2026-08-27T20:30:00.000Z,2026-08-27T22:30:00,2026-08-27T20:45:00.000Z,156.91,"Pan-European Intraday auction, 15 minutes IDA3 price (DE-LU)"
ida3,2026-08-27T20:45:00.000Z,2026-08-27T22:45:00,2026-08-27T21:00:00.000Z,151.43,"Pan-European Intraday auction, 15 minutes IDA3 price (DE-LU)"
ida3,2026-08-27T21:00:00.000Z,2026-08-27T23:00:00,2026-08-27T21:15:00.000Z,150.91,"Pan-European Intraday auction, 15 minutes IDA3 price (DE-LU)"
ida3,2026-08-27T21:15:00.000Z,2026-08-27T23:15:00,2026-08-27T21:30:00.000Z,146.39,"Pan-European Intraday auction, 15 minutes IDA3 price (DE-LU)"
ida3,2026-08-27T21:30:00.000Z,2026-08-27T23:30:00,2026-08-27T21:45:00.000Z,141.15,"Pan-European Intraday auction, 15 minutes IDA3 price (DE-LU)"
ida3,2026-08-27T21:45:00.000Z,2026-08-27T23:45:00,2026-08-27T22:00:00.000Z,133.77,"Pan-European Intraday auction, 15 minutes IDA3 price (DE-LU)"
ida3,2026-08-28T10:00:00.000Z,2026-08-28T12:00:00,2026-08-28T10:15:00.000Z,170.35,"Pan-European Intraday auction, 15 minutes IDA3 price (DE-LU)"
ida3,2026-08-28T10:15:00.000Z,2026-08-28T12:15:00,2026-08-28T10:30:00.000Z,158.9,"Pan-European Intraday auction, 15 minutes IDA3 price (DE-LU)"
ida3,2026-08-28T10:30:00.000Z,2026-08-28T12:30:00,2026-08-28T10:45:00.000Z,148.85,"Pan-European Intraday auction, 15 minutes IDA3 price (DE-LU)"
ida3,2026-08-28T10:45:00.000Z,2026-08-28T12:45:00,2026-08-28T11:00:00.000Z,141.75,"Pan-European Intraday auction, 15 minutes IDA3 price (DE-LU)"
ida3,2026-08-28T11:00:00.000Z,2026-08-28T13:00:00,2026-08-28T11:15:00.000Z,139.24,"Pan-European Intraday auction, 15 minutes IDA3 price (DE-LU)"
ida3,2026-08-28T11:15:00.000Z,2026-08-28T13:15:00,2026-08-28T11:30:00.000Z,135.79,"Pan-European Intraday auction, 15 minutes IDA3 price (DE-LU)"
ida3,2026-08-28T11:30:00.000Z,2026-08-28T13:30:00,2026-08-28T11:45:00.000Z,135.2,"Pan-European Intraday auction, 15 minutes IDA3 price (DE-LU)"
ida3,2026-08-28T11:45:00.000Z,2026-08-28T13:45:00,2026-08-28T12:00:00.000Z,134.96,"Pan-European Intraday auction, 15 minutes IDA3 price (DE-LU)"
ida3,2026-08-28T12:00:00.000Z,2026-08-28T14:00:00,2026-08-28T12:15:00.000Z,135.57,"Pan-European Intraday auction, 15 minutes IDA3 price (DE-LU)"
ida3,2026-08-28T12:15:00.000Z,2026-08-28T14:15:00,2026-08-28T12:30:00.000Z,133.84,"Pan-European Intraday auction, 15 minutes IDA3 price (DE-LU)"
ida3,2026-08-28T12:30:00.000Z,2026-08-28T14:30:00,2026-08-28T12:45:00.000Z,132.71,"Pan-European Intraday auction, 15 minutes IDA3 price (DE-LU)"
ida3,2026-08-28T12:45:00.000Z,2026-08-28T14:45:00,2026-08-28T13:00:00.000Z,130.81,"Pan-European Intraday auction, 15 minutes IDA3 price (DE-LU)"
ida3,2026-08-28T13:00:00.000Z,2026-08-28T15:00:00,2026-08-28T13:15:00.000Z,128.02,"Pan-European Intraday auction, 15 minutes IDA3 price (DE-LU)"
ida3,2026-08-28T13:15:00.000Z,2026-08-28T15:15:00,2026-08-28T13:30:00.000Z,129.48,"Pan-European Intraday auction, 15 minutes IDA3 price (DE-LU)"
ida3,2026-08-28T13:30:00.000Z,2026-08-28T15:30:00,2026-08-28T13:45:00.000Z,133.02,"Pan-European Intraday auction, 15 minutes IDA3 price (DE-LU)"
ida3,2026-08-28T13:45:00.000Z,2026-08-28T15:45:00,2026-08-28T14:00:00.000Z,137.08,"Pan-European Intraday auction, 15 minutes IDA3 price (DE-LU)"
ida3,2026-08-28T14:00:00.000Z,2026-08-28T16:00:00,2026-08-28T14:15:00.000Z,125.51,"Pan-European Intraday auction, 15 minutes IDA3 price (DE-LU)"
ida3,2026-08-28T14:15:00.000Z,2026-08-28T16:15:00,2026-08-28T14:30:00.000Z,133.11,"Pan-European Intraday auction, 15 minutes IDA3 price (DE-LU)"
ida3,2026-08-28T14:30:00.000Z,2026-08-28T16:30:00,2026-08-28T14:45:00.000Z,137.67,"Pan-European Intraday auction, 15 minutes IDA3 price (DE-LU)"
ida3,2026-08-28T14:45:00.000Z,2026-08-28T16:45:00,2026-08-28T15:00:00.000Z,144.51,"Pan-European Intraday auction, 15 minutes IDA3 price (DE-LU)"
ida3,2026-08-28T15:00:00.000Z,2026-08-28T17:00:00,2026-08-28T15:15:00.000Z,132.35,"Pan-European Intraday auction, 15 minutes IDA3 price (DE-LU)"
ida3,2026-08-28T15:15:00.000Z,2026-08-28T17:15:00,2026-08-28T15:30:00.000Z,144,"Pan-European Intraday auction, 15 minutes IDA3 price (DE-LU)"
ida3,2026-08-28T15:30:00.000Z,2026-08-28T17:30:00,2026-08-28T15:45:00.000Z,163.24,"Pan-European Intraday auction, 15 minutes IDA3 price (DE-LU)"
ida3,2026-08-28T15:45:00.000Z,2026-08-28T17:45:00,2026-08-28T16:00:00.000Z,176.25,"Pan-European Intraday auction, 15 minutes IDA3 price (DE-LU)"
ida3,2026-08-28T16:00:00.000Z,2026-08-28T18:00:00,2026-08-28T16:15:00.000Z,155.85,"Pan-European Intraday auction, 15 minutes IDA3 price (DE-LU)"
ida3,2026-08-28T16:15:00.000Z,2026-08-28T18:15:00,2026-08-28T16:30:00.000Z,172.18,"Pan-European Intraday auction, 15 minutes IDA3 price (DE-LU)"
ida3,2026-08-28T16:30:00.000Z,2026-08-28T18:30:00,2026-08-28T16:45:00.000Z,181.74,"Pan-European Intraday auction, 15 minutes IDA3 price (DE-LU)"
ida3,2026-08-28T16:45:00.000Z,2026-08-28T18:45:00,2026-08-28T17:00:00.000Z,187.38,"Pan-European Intraday auction, 15 minutes IDA3 price (DE-LU)"
ida3,2026-08-28T17:00:00.000Z,2026-08-28T19:00:00,2026-08-28T17:15:00.000Z,166.45,"Pan-European Intraday auction, 15 minutes IDA3 price (DE-LU)"
ida3,2026-08-28T17:15:00.000Z,2026-08-28T19:15:00,2026-08-28T17:30:00.000Z,176.55,"Pan-European Intraday auction, 15 minutes IDA3 price (DE-LU)"
ida3,2026-08-28T17:30:00.000Z,2026-08-28T19:30:00,2026-08-28T17:45:00.000Z,185.27,"Pan-European Intraday auction, 15 minutes IDA3 price (DE-LU)"
ida3,2026-08-28T17:45:00.000Z,2026-08-28T19:45:00,2026-08-28T18:00:00.000Z,198.3,"Pan-European Intraday auction, 15 minutes IDA3 price (DE-LU)"
ida3,2026-08-28T18:00:00.000Z,2026-08-28T20:00:00,2026-08-28T18:15:00.000Z,178.78,"Pan-European Intraday auction, 15 minutes IDA3 price (DE-LU)"
ida3,2026-08-28T18:15:00.000Z,2026-08-28T20:15:00,2026-08-28T18:30:00.000Z,182.44,"Pan-European Intraday auction, 15 minutes IDA3 price (DE-LU)"
ida3,2026-08-28T18:30:00.000Z,2026-08-28T20:30:00,2026-08-28T18:45:00.000Z,187.68,"Pan-European Intraday auction, 15 minutes IDA3 price (DE-LU)"
ida3,2026-08-28T18:45:00.000Z,2026-08-28T20:45:00,2026-08-28T19:00:00.000Z,182.01,"Pan-European Intraday auction, 15 minutes IDA3 price (DE-LU)"
ida3,2026-08-28T19:00:00.000Z,2026-08-28T21:00:00,2026-08-28T19:15:00.000Z,184,"Pan-European Intraday auction, 15 minutes IDA3 price (DE-LU)"
ida3,2026-08-28T19:15:00.000Z,2026-08-28T21:15:00,2026-08-28T19:30:00.000Z,179.71,"Pan-European Intraday auction, 15 minutes IDA3 price (DE-LU)"
ida3,2026-08-28T19:30:00.000Z,2026-08-28T21:30:00,2026-08-28T19:45:00.000Z,174.23,"Pan-European Intraday auction, 15 minutes IDA3 price (DE-LU)"
ida3,2026-08-28T19:45:00.000Z,2026-08-28T21:45:00,2026-08-28T20:00:00.000Z,163.57,"Pan-European Intraday auction, 15 minutes IDA3 price (DE-LU)"
ida3,2026-08-28T20:00:00.000Z,2026-08-28T22:00:00,2026-08-28T20:15:00.000Z,180.55,"Pan-European Intraday auction, 15 minutes IDA3 price (DE-LU)"
ida3,2026-08-28T20:15:00.000Z,2026-08-28T22:15:00,2026-08-28T20:30:00.000Z,173.83,"Pan-European Intraday auction, 15 minutes IDA3 price (DE-LU)"
ida3,2026-08-28T20:30:00.000Z,2026-08-28T22:30:00,2026-08-28T20:45:00.000Z,162.01,"Pan-European Intraday auction, 15 minutes IDA3 price (DE-LU)"
ida3,2026-08-28T20:45:00.000Z,2026-08-28T22:45:00,2026-08-28T21:00:00.000Z,154.46,"Pan-European Intraday auction, 15 minutes IDA3 price (DE-LU)"
ida3,2026-08-28T21:00:00.000Z,2026-08-28T23:00:00,2026-08-28T21:15:00.000Z,160.39,"Pan-European Intraday auction, 15 minutes IDA3 price (DE-LU)"
ida3,2026-08-28T21:15:00.000Z,2026-08-28T23:15:00,2026-08-28T21:30:00.000Z,157.31,"Pan-European Intraday auction, 15 minutes IDA3 price (DE-LU)"
ida3,2026-08-28T21:30:00.000Z,2026-08-28T23:30:00,2026-08-28T21:45:00.000Z,150.85,"Pan-European Intraday auction, 15 minutes IDA3 price (DE-LU)"
ida3,2026-08-28T21:45:00.000Z,2026-08-28T23:45:00,2026-08-28T22:00:00.000Z,134.49,"Pan-European Intraday auction, 15 minutes IDA3 price (DE-LU)"
ida3,2026-08-29T10:00:00.000Z,2026-08-29T12:00:00,2026-08-29T10:15:00.000Z,-6.62,"Pan-European Intraday auction, 15 minutes IDA3 price (DE-LU)"
ida3,2026-08-29T10:15:00.000Z,2026-08-29T12:15:00,2026-08-29T10:30:00.000Z,-6.64,"Pan-European Intraday auction, 15 minutes IDA3 price (DE-LU)"
ida3,2026-08-29T10:30:00.000Z,2026-08-29T12:30:00,2026-08-29T10:45:00.000Z,-6.23,"Pan-European Intraday auction, 15 minutes IDA3 price (DE-LU)"
ida3,2026-08-29T10:45:00.000Z,2026-08-29T12:45:00,2026-08-29T11:00:00.000Z,-6.29,"Pan-European Intraday auction, 15 minutes IDA3 price (DE-LU)"
ida3,2026-08-29T11:00:00.000Z,2026-08-29T13:00:00,2026-08-29T11:15:00.000Z,-5.99,"Pan-European Intraday auction, 15 minutes IDA3 price (DE-LU)"
ida3,2026-08-29T11:15:00.000Z,2026-08-29T13:15:00,2026-08-29T11:30:00.000Z,-7.58,"Pan-European Intraday auction, 15 minutes IDA3 price (DE-LU)"
ida3,2026-08-29T11:30:00.000Z,2026-08-29T13:30:00,2026-08-29T11:45:00.000Z,-7.71,"Pan-European Intraday auction, 15 minutes IDA3 price (DE-LU)"
ida3,2026-08-29T11:45:00.000Z,2026-08-29T13:45:00,2026-08-29T12:00:00.000Z,-8.01,"Pan-European Intraday auction, 15 minutes IDA3 price (DE-LU)"
ida3,2026-08-29T12:00:00.000Z,2026-08-29T14:00:00,2026-08-29T12:15:00.000Z,-8.84,"Pan-European Intraday auction, 15 minutes IDA3 price (DE-LU)"
ida3,2026-08-29T12:15:00.000Z,2026-08-29T14:15:00,2026-08-29T12:30:00.000Z,-8.67,"Pan-European Intraday auction, 15 minutes IDA3 price (DE-LU)"
ida3,2026-08-29T12:30:00.000Z,2026-08-29T14:30:00,2026-08-29T12:45:00.000Z,-8.09,"Pan-European Intraday auction, 15 minutes IDA3 price (DE-LU)"
ida3,2026-08-29T12:45:00.000Z,2026-08-29T14:45:00,2026-08-29T13:00:00.000Z,-3.89,"Pan-European Intraday auction, 15 minutes IDA3 price (DE-LU)"
ida3,2026-08-29T13:00:00.000Z,2026-08-29T15:00:00,2026-08-29T13:15:00.000Z,-7.29,"Pan-European Intraday auction, 15 minutes IDA3 price (DE-LU)"
ida3,2026-08-29T13:15:00.000Z,2026-08-29T15:15:00,2026-08-29T13:30:00.000Z,0,"Pan-European Intraday auction, 15 minutes IDA3 price (DE-LU)"
ida3,2026-08-29T13:30:00.000Z,2026-08-29T15:30:00,2026-08-29T13:45:00.000Z,1.08,"Pan-European Intraday auction, 15 minutes IDA3 price (DE-LU)"
ida3,2026-08-29T13:45:00.000Z,2026-08-29T15:45:00,2026-08-29T14:00:00.000Z,0,"Pan-European Intraday auction, 15 minutes IDA3 price (DE-LU)"
ida3,2026-08-29T14:00:00.000Z,2026-08-29T16:00:00,2026-08-29T14:15:00.000Z,3.93,"Pan-European Intraday auction, 15 minutes IDA3 price (DE-LU)"
ida3,2026-08-29T14:15:00.000Z,2026-08-29T16:15:00,2026-08-29T14:30:00.000Z,7.58,"Pan-European Intraday auction, 15 minutes IDA3 price (DE-LU)"
ida3,2026-08-29T14:30:00.000Z,2026-08-29T16:30:00,2026-08-29T14:45:00.000Z,16.08,"Pan-European Intraday auction, 15 minutes IDA3 price (DE-LU)"
ida3,2026-08-29T14:45:00.000Z,2026-08-29T16:45:00,2026-08-29T15:00:00.000Z,30.46,"Pan-European Intraday auction, 15 minutes IDA3 price (DE-LU)"
ida3,2026-08-29T15:00:00.000Z,2026-08-29T17:00:00,2026-08-29T15:15:00.000Z,39.1,"Pan-European Intraday auction, 15 minutes IDA3 price (DE-LU)"
ida3,2026-08-29T15:15:00.000Z,2026-08-29T17:15:00,2026-08-29T15:30:00.000Z,59.09,"Pan-European Intraday auction, 15 minutes IDA3 price (DE-LU)"
ida3,2026-08-29T15:30:00.000Z,2026-08-29T17:30:00,2026-08-29T15:45:00.000Z,95.97,"Pan-European Intraday auction, 15 minutes IDA3 price (DE-LU)"
ida3,2026-08-29T15:45:00.000Z,2026-08-29T17:45:00,2026-08-29T16:00:00.000Z,121.78,"Pan-European Intraday auction, 15 minutes IDA3 price (DE-LU)"
ida3,2026-08-29T16:00:00.000Z,2026-08-29T18:00:00,2026-08-29T16:15:00.000Z,121.64,"Pan-European Intraday auction, 15 minutes IDA3 price (DE-LU)"
ida3,2026-08-29T16:15:00.000Z,2026-08-29T18:15:00,2026-08-29T16:30:00.000Z,128.42,"Pan-European Intraday auction, 15 minutes IDA3 price (DE-LU)"
ida3,2026-08-29T16:30:00.000Z,2026-08-29T18:30:00,2026-08-29T16:45:00.000Z,137.81,"Pan-European Intraday auction, 15 minutes IDA3 price (DE-LU)"
ida3,2026-08-29T16:45:00.000Z,2026-08-29T18:45:00,2026-08-29T17:00:00.000Z,177.25,"Pan-European Intraday auction, 15 minutes IDA3 price (DE-LU)"
ida3,2026-08-29T17:00:00.000Z,2026-08-29T19:00:00,2026-08-29T17:15:00.000Z,152.85,"Pan-European Intraday auction, 15 minutes IDA3 price (DE-LU)"
ida3,2026-08-29T17:15:00.000Z,2026-08-29T19:15:00,2026-08-29T17:30:00.000Z,161.56,"Pan-European Intraday auction, 15 minutes IDA3 price (DE-LU)"
ida3,2026-08-29T17:30:00.000Z,2026-08-29T19:30:00,2026-08-29T17:45:00.000Z,176.84,"Pan-European Intraday auction, 15 minutes IDA3 price (DE-LU)"
ida3,2026-08-29T17:45:00.000Z,2026-08-29T19:45:00,2026-08-29T18:00:00.000Z,201.8,"Pan-European Intraday auction, 15 minutes IDA3 price (DE-LU)"
ida3,2026-08-29T18:00:00.000Z,2026-08-29T20:00:00,2026-08-29T18:15:00.000Z,176.18,"Pan-European Intraday auction, 15 minutes IDA3 price (DE-LU)"
ida3,2026-08-29T18:15:00.000Z,2026-08-29T20:15:00,2026-08-29T18:30:00.000Z,171.11,"Pan-European Intraday auction, 15 minutes IDA3 price (DE-LU)"
ida3,2026-08-29T18:30:00.000Z,2026-08-29T20:30:00,2026-08-29T18:45:00.000Z,165.13,"Pan-European Intraday auction, 15 minutes IDA3 price (DE-LU)"
ida3,2026-08-29T18:45:00.000Z,2026-08-29T20:45:00,2026-08-29T19:00:00.000Z,163.59,"Pan-European Intraday auction, 15 minutes IDA3 price (DE-LU)"
ida3,2026-08-29T19:00:00.000Z,2026-08-29T21:00:00,2026-08-29T19:15:00.000Z,178.88,"Pan-European Intraday auction, 15 minutes IDA3 price (DE-LU)"
ida3,2026-08-29T19:15:00.000Z,2026-08-29T21:15:00,2026-08-29T19:30:00.000Z,155.93,"Pan-European Intraday auction, 15 minutes IDA3 price (DE-LU)"
ida3,2026-08-29T19:30:00.000Z,2026-08-29T21:30:00,2026-08-29T19:45:00.000Z,149.58,"Pan-European Intraday auction, 15 minutes IDA3 price (DE-LU)"
ida3,2026-08-29T19:45:00.000Z,2026-08-29T21:45:00,2026-08-29T20:00:00.000Z,139.61,"Pan-European Intraday auction, 15 minutes IDA3 price (DE-LU)"
ida3,2026-08-29T20:00:00.000Z,2026-08-29T22:00:00,2026-08-29T20:15:00.000Z,161.44,"Pan-European Intraday auction, 15 minutes IDA3 price (DE-LU)"
ida3,2026-08-29T20:15:00.000Z,2026-08-29T22:15:00,2026-08-29T20:30:00.000Z,152.42,"Pan-European Intraday auction, 15 minutes IDA3 price (DE-LU)"
ida3,2026-08-29T20:30:00.000Z,2026-08-29T22:30:00,2026-08-29T20:45:00.000Z,150.84,"Pan-European Intraday auction, 15 minutes IDA3 price (DE-LU)"
ida3,2026-08-29T20:45:00.000Z,2026-08-29T22:45:00,2026-08-29T21:00:00.000Z,146.61,"Pan-European Intraday auction, 15 minutes IDA3 price (DE-LU)"
ida3,2026-08-29T21:00:00.000Z,2026-08-29T23:00:00,2026-08-29T21:15:00.000Z,153.85,"Pan-European Intraday auction, 15 minutes IDA3 price (DE-LU)"
ida3,2026-08-29T21:15:00.000Z,2026-08-29T23:15:00,2026-08-29T21:30:00.000Z,158.6,"Pan-European Intraday auction, 15 minutes IDA3 price (DE-LU)"
ida3,2026-08-29T21:30:00.000Z,2026-08-29T23:30:00,2026-08-29T21:45:00.000Z,149.36,"Pan-European Intraday auction, 15 minutes IDA3 price (DE-LU)"
ida3,2026-08-29T21:45:00.000Z,2026-08-29T23:45:00,2026-08-29T22:00:00.000Z,140.45,"Pan-European Intraday auction, 15 minutes IDA3 price (DE-LU)"
ida3,2026-08-30T10:00:00.000Z,2026-08-30T12:00:00,2026-08-30T10:15:00.000Z,-0.81,"Pan-European Intraday auction, 15 minutes IDA3 price (DE-LU)"
ida3,2026-08-30T10:15:00.000Z,2026-08-30T12:15:00,2026-08-30T10:30:00.000Z,0,"Pan-European Intraday auction, 15 minutes IDA3 price (DE-LU)"
ida3,2026-08-30T10:30:00.000Z,2026-08-30T12:30:00,2026-08-30T10:45:00.000Z,-0.41,"Pan-European Intraday auction, 15 minutes IDA3 price (DE-LU)"
ida3,2026-08-30T10:45:00.000Z,2026-08-30T12:45:00,2026-08-30T11:00:00.000Z,0,"Pan-European Intraday auction, 15 minutes IDA3 price (DE-LU)"
ida3,2026-08-30T11:00:00.000Z,2026-08-30T13:00:00,2026-08-30T11:15:00.000Z,0,"Pan-European Intraday auction, 15 minutes IDA3 price (DE-LU)"
ida3,2026-08-30T11:15:00.000Z,2026-08-30T13:15:00,2026-08-30T11:30:00.000Z,0,"Pan-European Intraday auction, 15 minutes IDA3 price (DE-LU)"
ida3,2026-08-30T11:30:00.000Z,2026-08-30T13:30:00,2026-08-30T11:45:00.000Z,0,"Pan-European Intraday auction, 15 minutes IDA3 price (DE-LU)"
ida3,2026-08-30T11:45:00.000Z,2026-08-30T13:45:00,2026-08-30T12:00:00.000Z,0,"Pan-European Intraday auction, 15 minutes IDA3 price (DE-LU)"
ida3,2026-08-30T12:00:00.000Z,2026-08-30T14:00:00,2026-08-30T12:15:00.000Z,0,"Pan-European Intraday auction, 15 minutes IDA3 price (DE-LU)"
ida3,2026-08-30T12:15:00.000Z,2026-08-30T14:15:00,2026-08-30T12:30:00.000Z,0,"Pan-European Intraday auction, 15 minutes IDA3 price (DE-LU)"
ida3,2026-08-30T12:30:00.000Z,2026-08-30T14:30:00,2026-08-30T12:45:00.000Z,0,"Pan-European Intraday auction, 15 minutes IDA3 price (DE-LU)"
ida3,2026-08-30T12:45:00.000Z,2026-08-30T14:45:00,2026-08-30T13:00:00.000Z,0,"Pan-European Intraday auction, 15 minutes IDA3 price (DE-LU)"
ida3,2026-08-30T13:00:00.000Z,2026-08-30T15:00:00,2026-08-30T13:15:00.000Z,0,"Pan-European Intraday auction, 15 minutes IDA3 price (DE-LU)"
ida3,2026-08-30T13:15:00.000Z,2026-08-30T15:15:00,2026-08-30T13:30:00.000Z,0,"Pan-European Intraday auction, 15 minutes IDA3 price (DE-LU)"
ida3,2026-08-30T13:30:00.000Z,2026-08-30T15:30:00,2026-08-30T13:45:00.000Z,0,"Pan-European Intraday auction, 15 minutes IDA3 price (DE-LU)"
ida3,2026-08-30T13:45:00.000Z,2026-08-30T15:45:00,2026-08-30T14:00:00.000Z,0.12,"Pan-European Intraday auction, 15 minutes IDA3 price (DE-LU)"
ida3,2026-08-30T14:00:00.000Z,2026-08-30T16:00:00,2026-08-30T14:15:00.000Z,0,"Pan-European Intraday auction, 15 minutes IDA3 price (DE-LU)"
ida3,2026-08-30T14:15:00.000Z,2026-08-30T16:15:00,2026-08-30T14:30:00.000Z,-0.39,"Pan-European Intraday auction, 15 minutes IDA3 price (DE-LU)"
ida3,2026-08-30T14:30:00.000Z,2026-08-30T16:30:00,2026-08-30T14:45:00.000Z,2.08,"Pan-European Intraday auction, 15 minutes IDA3 price (DE-LU)"
ida3,2026-08-30T14:45:00.000Z,2026-08-30T16:45:00,2026-08-30T15:00:00.000Z,6.27,"Pan-European Intraday auction, 15 minutes IDA3 price (DE-LU)"
ida3,2026-08-30T15:00:00.000Z,2026-08-30T17:00:00,2026-08-30T15:15:00.000Z,7.88,"Pan-European Intraday auction, 15 minutes IDA3 price (DE-LU)"
ida3,2026-08-30T15:15:00.000Z,2026-08-30T17:15:00,2026-08-30T15:30:00.000Z,32.67,"Pan-European Intraday auction, 15 minutes IDA3 price (DE-LU)"
ida3,2026-08-30T15:30:00.000Z,2026-08-30T17:30:00,2026-08-30T15:45:00.000Z,80.41,"Pan-European Intraday auction, 15 minutes IDA3 price (DE-LU)"
ida3,2026-08-30T15:45:00.000Z,2026-08-30T17:45:00,2026-08-30T16:00:00.000Z,124.64,"Pan-European Intraday auction, 15 minutes IDA3 price (DE-LU)"
ida3,2026-08-30T16:00:00.000Z,2026-08-30T18:00:00,2026-08-30T16:15:00.000Z,119.05,"Pan-European Intraday auction, 15 minutes IDA3 price (DE-LU)"
ida3,2026-08-30T16:15:00.000Z,2026-08-30T18:15:00,2026-08-30T16:30:00.000Z,151.29,"Pan-European Intraday auction, 15 minutes IDA3 price (DE-LU)"
ida3,2026-08-30T16:30:00.000Z,2026-08-30T18:30:00,2026-08-30T16:45:00.000Z,165.64,"Pan-European Intraday auction, 15 minutes IDA3 price (DE-LU)"
ida3,2026-08-30T16:45:00.000Z,2026-08-30T18:45:00,2026-08-30T17:00:00.000Z,178.58,"Pan-European Intraday auction, 15 minutes IDA3 price (DE-LU)"
ida3,2026-08-30T17:00:00.000Z,2026-08-30T19:00:00,2026-08-30T17:15:00.000Z,166.38,"Pan-European Intraday auction, 15 minutes IDA3 price (DE-LU)"
ida3,2026-08-30T17:15:00.000Z,2026-08-30T19:15:00,2026-08-30T17:30:00.000Z,182.54,"Pan-European Intraday auction, 15 minutes IDA3 price (DE-LU)"
ida3,2026-08-30T17:30:00.000Z,2026-08-30T19:30:00,2026-08-30T17:45:00.000Z,195.02,"Pan-European Intraday auction, 15 minutes IDA3 price (DE-LU)"
ida3,2026-08-30T17:45:00.000Z,2026-08-30T19:45:00,2026-08-30T18:00:00.000Z,204.85,"Pan-European Intraday auction, 15 minutes IDA3 price (DE-LU)"
ida3,2026-08-30T18:00:00.000Z,2026-08-30T20:00:00,2026-08-30T18:15:00.000Z,187.17,"Pan-European Intraday auction, 15 minutes IDA3 price (DE-LU)"
ida3,2026-08-30T18:15:00.000Z,2026-08-30T20:15:00,2026-08-30T18:30:00.000Z,198.38,"Pan-European Intraday auction, 15 minutes IDA3 price (DE-LU)"
ida3,2026-08-30T18:30:00.000Z,2026-08-30T20:30:00,2026-08-30T18:45:00.000Z,204,"Pan-European Intraday auction, 15 minutes IDA3 price (DE-LU)"
ida3,2026-08-30T18:45:00.000Z,2026-08-30T20:45:00,2026-08-30T19:00:00.000Z,212.32,"Pan-European Intraday auction, 15 minutes IDA3 price (DE-LU)"
ida3,2026-08-30T19:00:00.000Z,2026-08-30T21:00:00,2026-08-30T19:15:00.000Z,208.43,"Pan-European Intraday auction, 15 minutes IDA3 price (DE-LU)"
ida3,2026-08-30T19:15:00.000Z,2026-08-30T21:15:00,2026-08-30T19:30:00.000Z,199.31,"Pan-European Intraday auction, 15 minutes IDA3 price (DE-LU)"
ida3,2026-08-30T19:30:00.000Z,2026-08-30T21:30:00,2026-08-30T19:45:00.000Z,188.43,"Pan-European Intraday auction, 15 minutes IDA3 price (DE-LU)"
ida3,2026-08-30T19:45:00.000Z,2026-08-30T21:45:00,2026-08-30T20:00:00.000Z,177.65,"Pan-European Intraday auction, 15 minutes IDA3 price (DE-LU)"
ida3,2026-08-30T20:00:00.000Z,2026-08-30T22:00:00,2026-08-30T20:15:00.000Z,193.55,"Pan-European Intraday auction, 15 minutes IDA3 price (DE-LU)"
ida3,2026-08-30T20:15:00.000Z,2026-08-30T22:15:00,2026-08-30T20:30:00.000Z,183.07,"Pan-European Intraday auction, 15 minutes IDA3 price (DE-LU)"
ida3,2026-08-30T20:30:00.000Z,2026-08-30T22:30:00,2026-08-30T20:45:00.000Z,181.59,"Pan-European Intraday auction, 15 minutes IDA3 price (DE-LU)"
ida3,2026-08-30T20:45:00.000Z,2026-08-30T22:45:00,2026-08-30T21:00:00.000Z,174.61,"Pan-European Intraday auction, 15 minutes IDA3 price (DE-LU)"
ida3,2026-08-30T21:00:00.000Z,2026-08-30T23:00:00,2026-08-30T21:15:00.000Z,184.38,"Pan-European Intraday auction, 15 minutes IDA3 price (DE-LU)"
ida3,2026-08-30T21:15:00.000Z,2026-08-30T23:15:00,2026-08-30T21:30:00.000Z,173.63,"Pan-European Intraday auction, 15 minutes IDA3 price (DE-LU)"
ida3,2026-08-30T21:30:00.000Z,2026-08-30T23:30:00,2026-08-30T21:45:00.000Z,168.33,"Pan-European Intraday auction, 15 minutes IDA3 price (DE-LU)"
ida3,2026-08-30T21:45:00.000Z,2026-08-30T23:45:00,2026-08-30T22:00:00.000Z,161.09,"Pan-European Intraday auction, 15 minutes IDA3 price (DE-LU)"
